Copyright 1986-2022 Xilinx, Inc. All Rights Reserved. Copyright 2022-2023 Advanced Micro Devices, Inc. All Rights Reserved.
------------------------------------------------------------------------------------------------------------------------------------------------------------------------------------------------------------------------------------------------------------------
| Tool Version : Vivado v.2023.1 (win64) Build 3865809 Sun May  7 15:05:29 MDT 2023
| Date         : Tue Mar 26 22:28:02 2024
| Host         : Blessing running 64-bit major release  (build 9200)
| Command      : report_timing_summary -max_paths 10 -report_unconstrained -file Quadrature_Demodulation_timing_summary_routed.rpt -pb Quadrature_Demodulation_timing_summary_routed.pb -rpx Quadrature_Demodulation_timing_summary_routed.rpx -warn_on_violation
| Design       : Quadrature_Demodulation
| Device       : 7a200t-fbg484
| Speed File   : -1  PRODUCTION 1.23 2018-06-13
| Design State : Routed
------------------------------------------------------------------------------------------------------------------------------------------------------------------------------------------------------------------------------------------------------------------

Timing Summary Report

------------------------------------------------------------------------------------------------
| Timer Settings
| --------------
------------------------------------------------------------------------------------------------

  Enable Multi Corner Analysis               :  Yes
  Enable Pessimism Removal                   :  Yes
  Pessimism Removal Resolution               :  Nearest Common Node
  Enable Input Delay Default Clock           :  No
  Enable Preset / Clear Arcs                 :  No
  Disable Flight Delays                      :  No
  Ignore I/O Paths                           :  No
  Timing Early Launch at Borrowing Latches   :  No
  Borrow Time for Max Delay Exceptions       :  Yes
  Merge Timing Exceptions                    :  Yes

  Corner  Analyze    Analyze    
  Name    Max Paths  Min Paths  
  ------  ---------  ---------  
  Slow    Yes        Yes        
  Fast    Yes        Yes        


------------------------------------------------------------------------------------------------
| Report Methodology
| ------------------
------------------------------------------------------------------------------------------------

Rule       Severity          Description                                      Violations  
---------  ----------------  -----------------------------------------------  ----------  
TIMING-17  Critical Warning  Non-clocked sequential cell                      1000        
DPIR-1     Warning           Asynchronous driver check                        48          
PDRC-190   Warning           Suboptimally placed synchronized register chain  1           
SYNTH-10   Warning           Wide multiplier                                  12          

Note: This report is based on the most recent report_methodology run and may not be up-to-date. Run report_methodology on the current design for the latest report.



check_timing report

Table of Contents
-----------------
1. checking no_clock (4336)
2. checking constant_clock (0)
3. checking pulse_width_clock (0)
4. checking unconstrained_internal_endpoints (11964)
5. checking no_input_delay (10)
6. checking no_output_delay (15)
7. checking multiple_clock (0)
8. checking generated_clocks (0)
9. checking loops (0)
10. checking partial_input_delay (0)
11. checking partial_output_delay (0)
12. checking latch_loops (0)

1. checking no_clock (4336)
---------------------------
 There are 280 register/latch pins with no clock driven by root clock pin: ADC_DCO_N (HIGH)

 There are 8 register/latch pins with no clock driven by root clock pin: ADC_DCO_P (HIGH)

 There are 2128 register/latch pins with no clock driven by root clock pin: u_Demodulation/u_CIC_FFT_1/U0/i_synth/decimator.decimation_filter/RDY_reg/Q (HIGH)

 There are 1920 register/latch pins with no clock driven by root clock pin: u_Demodulation/u_CIC_FFT_2/U0/i_synth/decimator.decimation_filter/RDY_reg/Q (HIGH)


2. checking constant_clock (0)
------------------------------
 There are 0 register/latch pins with constant_clock.


3. checking pulse_width_clock (0)
---------------------------------
 There are 0 register/latch pins which need pulse_width check


4. checking unconstrained_internal_endpoints (11964)
----------------------------------------------------
 There are 11964 pins that are not constrained for maximum delay. (HIGH)

 There are 0 pins that are not constrained for maximum delay due to constant clock.


5. checking no_input_delay (10)
-------------------------------
 There are 10 input ports with no input delay specified. (HIGH)

 There are 0 input ports with no input delay but user has a false path constraint.


6. checking no_output_delay (15)
--------------------------------
 There are 15 ports with no output delay specified. (HIGH)

 There are 0 ports with no output delay but user has a false path constraint

 There are 0 ports with no output delay but with a timing clock defined on it or propagating through it


7. checking multiple_clock (0)
------------------------------
 There are 0 register/latch pins with multiple clocks.


8. checking generated_clocks (0)
--------------------------------
 There are 0 generated clocks that are not connected to a clock source.


9. checking loops (0)
---------------------
 There are 0 combinational loops in the design.


10. checking partial_input_delay (0)
------------------------------------
 There are 0 input ports with partial input delay specified.


11. checking partial_output_delay (0)
-------------------------------------
 There are 0 ports with partial output delay specified.


12. checking latch_loops (0)
----------------------------
 There are 0 combinational latch loops in the design through latch input



------------------------------------------------------------------------------------------------
| Design Timing Summary
| ---------------------
------------------------------------------------------------------------------------------------

    WNS(ns)      TNS(ns)  TNS Failing Endpoints  TNS Total Endpoints      WHS(ns)      THS(ns)  THS Failing Endpoints  THS Total Endpoints     WPWS(ns)     TPWS(ns)  TPWS Failing Endpoints  TPWS Total Endpoints  
    -------      -------  ---------------------  -------------------      -------      -------  ---------------------  -------------------     --------     --------  ----------------------  --------------------  
     -0.365       -1.613                      8                18522        0.022        0.000                      0                18478        3.020        0.000                       0                  9237  


Timing constraints are not met.


------------------------------------------------------------------------------------------------
| Clock Summary
| -------------
------------------------------------------------------------------------------------------------

Clock                 Waveform(ns)         Period(ns)      Frequency(MHz)
-----                 ------------         ----------      --------------
clk_50M               {0.000 10.000}       20.000          50.000          
  clk_125M_clk_wiz_0  {0.000 4.000}        8.000           125.000         
  clkfbout_clk_wiz_0  {0.000 10.000}       20.000          50.000          


------------------------------------------------------------------------------------------------
| Intra Clock Table
| -----------------
------------------------------------------------------------------------------------------------

Clock                     WNS(ns)      TNS(ns)  TNS Failing Endpoints  TNS Total Endpoints      WHS(ns)      THS(ns)  THS Failing Endpoints  THS Total Endpoints     WPWS(ns)     TPWS(ns)  TPWS Failing Endpoints  TPWS Total Endpoints  
-----                     -------      -------  ---------------------  -------------------      -------      -------  ---------------------  -------------------     --------     --------  ----------------------  --------------------  
clk_50M                                                                                                                                                                 7.000        0.000                       0                     1  
  clk_125M_clk_wiz_0       -0.365       -1.613                      8                18445        0.022        0.000                      0                18445        3.020        0.000                       0                  9233  
  clkfbout_clk_wiz_0                                                                                                                                                   17.845        0.000                       0                     3  


------------------------------------------------------------------------------------------------
| Inter Clock Table
| -----------------
------------------------------------------------------------------------------------------------

From Clock          To Clock                WNS(ns)      TNS(ns)  TNS Failing Endpoints  TNS Total Endpoints      WHS(ns)      THS(ns)  THS Failing Endpoints  THS Total Endpoints  
----------          --------                -------      -------  ---------------------  -------------------      -------      -------  ---------------------  -------------------  
                    clk_125M_clk_wiz_0      998.740        0.000                      0                   10                                                                        


------------------------------------------------------------------------------------------------
| Other Path Groups Table
| -----------------------
------------------------------------------------------------------------------------------------

Path Group          From Clock          To Clock                WNS(ns)      TNS(ns)  TNS Failing Endpoints  TNS Total Endpoints      WHS(ns)      THS(ns)  THS Failing Endpoints  THS Total Endpoints  
----------          ----------          --------                -------      -------  ---------------------  -------------------      -------      -------  ---------------------  -------------------  
**async_default**   clk_125M_clk_wiz_0  clk_125M_clk_wiz_0        3.376        0.000                      0                   33        0.438        0.000                      0                   33  
**default**                                                     998.638        0.000                      0                   24                                                                        
**default**         clk_125M_clk_wiz_0                            6.676        0.000                      0                   10                                                                        


------------------------------------------------------------------------------------------------
| User Ignored Path Table
| -----------------------
------------------------------------------------------------------------------------------------

Path Group          From Clock          To Clock          
----------          ----------          --------          
(none)                                                      
(none)              clk_125M_clk_wiz_0                      
(none)                                  clk_125M_clk_wiz_0  


------------------------------------------------------------------------------------------------
| Unconstrained Path Table
| ------------------------
------------------------------------------------------------------------------------------------

Path Group          From Clock          To Clock          
----------          ----------          --------          
(none)                                                      
(none)              clk_125M_clk_wiz_0                      
(none)              clkfbout_clk_wiz_0                      
(none)                                  clk_125M_clk_wiz_0  


------------------------------------------------------------------------------------------------
| Timing Details
| --------------
------------------------------------------------------------------------------------------------


---------------------------------------------------------------------------------------------------
From Clock:  clk_50M
  To Clock:  clk_50M

Setup :           NA  Failing Endpoints,  Worst Slack           NA  ,  Total Violation           NA
Hold  :           NA  Failing Endpoints,  Worst Slack           NA  ,  Total Violation           NA
PW    :            0  Failing Endpoints,  Worst Slack        7.000ns,  Total Violation        0.000ns
---------------------------------------------------------------------------------------------------


Pulse Width Checks
--------------------------------------------------------------------------------------
Clock Name:         clk_50M
Waveform(ns):       { 0.000 10.000 }
Period(ns):         20.000
Sources:            { clk_50M }

Check Type        Corner  Lib Pin            Reference Pin  Required(ns)  Actual(ns)  Slack(ns)  Location         Pin
Min Period        n/a     MMCME2_ADV/CLKIN1  n/a            1.249         20.000      18.751     MMCME2_ADV_X0Y2  clk_u0/inst/mmcm_adv_inst/CLKIN1
Max Period        n/a     MMCME2_ADV/CLKIN1  n/a            100.000       20.000      80.000     MMCME2_ADV_X0Y2  clk_u0/inst/mmcm_adv_inst/CLKIN1
Low Pulse Width   Slow    MMCME2_ADV/CLKIN1  n/a            3.000         10.000      7.000      MMCME2_ADV_X0Y2  clk_u0/inst/mmcm_adv_inst/CLKIN1
Low Pulse Width   Fast    MMCME2_ADV/CLKIN1  n/a            3.000         10.000      7.000      MMCME2_ADV_X0Y2  clk_u0/inst/mmcm_adv_inst/CLKIN1
High Pulse Width  Slow    MMCME2_ADV/CLKIN1  n/a            3.000         10.000      7.000      MMCME2_ADV_X0Y2  clk_u0/inst/mmcm_adv_inst/CLKIN1
High Pulse Width  Fast    MMCME2_ADV/CLKIN1  n/a            3.000         10.000      7.000      MMCME2_ADV_X0Y2  clk_u0/inst/mmcm_adv_inst/CLKIN1



---------------------------------------------------------------------------------------------------
From Clock:  clk_125M_clk_wiz_0
  To Clock:  clk_125M_clk_wiz_0

Setup :            8  Failing Endpoints,  Worst Slack       -0.365ns,  Total Violation       -1.613ns
Hold  :            0  Failing Endpoints,  Worst Slack        0.022ns,  Total Violation        0.000ns
PW    :            0  Failing Endpoints,  Worst Slack        3.020ns,  Total Violation        0.000ns
---------------------------------------------------------------------------------------------------


Max Delay Paths
--------------------------------------------------------------------------------------
Slack (VIOLATED) :        -0.365ns  (required time - arrival time)
  Source:                 u_Demodulation/u_LPF_I/U0/i_synth/g_single_rate.i_single_rate/g_m_data_chan_no_fifo.m_axis_data_tdata_int_reg[22]/C
                            (rising edge-triggered cell FDRE clocked by clk_125M_clk_wiz_0  {rise@0.000ns fall@4.000ns period=8.000ns})
  Destination:            u_Demodulation/u_mult_squre_1/U0/i_mult/gLUT.gLUT_speed.iLUT/NxM_mult.stage_3_add.stage_3_pipeline.s3_add_out_reg[0][25]/D
                            (rising edge-triggered cell FDRE clocked by clk_125M_clk_wiz_0  {rise@0.000ns fall@4.000ns period=8.000ns})
  Path Group:             clk_125M_clk_wiz_0
  Path Type:              Setup (Max at Slow Process Corner)
  Requirement:            8.000ns  (clk_125M_clk_wiz_0 rise@8.000ns - clk_125M_clk_wiz_0 rise@0.000ns)
  Data Path Delay:        8.300ns  (logic 4.993ns (60.156%)  route 3.307ns (39.844%))
  Logic Levels:           12  (CARRY4=8 LUT2=3 LUT4=1)
  Clock Path Skew:        -0.042ns (DCD - SCD + CPR)
    Destination Clock Delay (DCD):    -1.469ns = ( 6.531 - 8.000 ) 
    Source Clock Delay      (SCD):    -0.864ns
    Clock Pessimism Removal (CPR):    0.563ns
  Clock Uncertainty:      0.085ns  ((TSJ^2 + DJ^2)^1/2) / 2 + PE
    Total System Jitter     (TSJ):    0.071ns
    Discrete Jitter          (DJ):    0.154ns
    Phase Error              (PE):    0.000ns

    Location             Delay type                Incr(ns)  Path(ns)    Netlist Resource(s)
  -------------------------------------------------------------------    -------------------
                         (clock clk_125M_clk_wiz_0 rise edge)
                                                      0.000     0.000 r  
    W19                                               0.000     0.000 r  clk_50M (IN)
                         net (fo=0)                   0.000     0.000    clk_u0/inst/clk_in1
    W19                  IBUF (Prop_ibuf_I_O)         1.509     1.509 r  clk_u0/inst/clkin1_ibufg/O
                         net (fo=1, routed)           1.233     2.742    clk_u0/inst/clk_in1_clk_wiz_0
    MMCME2_ADV_X0Y2      MMCME2_ADV (Prop_mmcme2_adv_CLKIN1_CLKOUT0)
                                                     -7.485    -4.742 r  clk_u0/inst/mmcm_adv_inst/CLKOUT0
                         net (fo=1, routed)           1.843    -2.899    clk_u0/inst/clk_125M_clk_wiz_0
    BUFGCTRL_X0Y0        BUFG (Prop_bufg_I_O)         0.096    -2.803 r  clk_u0/inst/clkout1_buf/O
                         net (fo=9233, routed)        1.939    -0.864    u_Demodulation/u_LPF_I/U0/i_synth/g_single_rate.i_single_rate/aclk
    SLICE_X23Y87         FDRE                                         r  u_Demodulation/u_LPF_I/U0/i_synth/g_single_rate.i_single_rate/g_m_data_chan_no_fifo.m_axis_data_tdata_int_reg[22]/C
  -------------------------------------------------------------------    -------------------
    SLICE_X23Y87         FDRE (Prop_fdre_C_Q)         0.456    -0.408 r  u_Demodulation/u_LPF_I/U0/i_synth/g_single_rate.i_single_rate/g_m_data_chan_no_fifo.m_axis_data_tdata_int_reg[22]/Q
                         net (fo=49, routed)          1.108     0.700    u_Demodulation/u_mult_squre_1/U0/i_mult/gLUT.gLUT_speed.iLUT/A[1]
    SLICE_X23Y90         LUT4 (Prop_lut4_I1_O)        0.124     0.824 r  u_Demodulation/u_mult_squre_1/U0/i_mult/gLUT.gLUT_speed.iLUT/NxM_mult.ppgen[3].carrychain[1].ppadd.b_is_even.stageN.muxcy0_i_1/O
                         net (fo=1, routed)           0.000     0.824    u_Demodulation/u_mult_squre_1/U0/i_mult/gLUT.gLUT_speed.iLUT/NxM_mult.ppgen[3].carrychain[1].ppadd.b_is_even.stageN.lut_sig
    SLICE_X23Y90         CARRY4 (Prop_carry4_S[1]_CO[3])
                                                      0.550     1.374 r  u_Demodulation/u_mult_squre_1/U0/i_mult/gLUT.gLUT_speed.iLUT/NxM_mult.ppgen[3].carrychain[0].ppadd.b_is_even.stageLSB.muxcy00_CARRY4/CO[3]
                         net (fo=1, routed)           0.000     1.374    u_Demodulation/u_mult_squre_1/U0/i_mult/gLUT.gLUT_speed.iLUT/pp_cout[3]_3
    SLICE_X23Y91         CARRY4 (Prop_carry4_CI_O[1])
                                                      0.334     1.708 r  u_Demodulation/u_mult_squre_1/U0/i_mult/gLUT.gLUT_speed.iLUT/NxM_mult.ppgen[3].carrychain[4].ppadd.b_is_even.stageN.muxcy0_CARRY4/O[1]
                         net (fo=1, routed)           0.713     2.421    u_Demodulation/u_mult_squre_1/U0/i_mult/gLUT.gLUT_speed.iLUT/pp_out[3]_3[5]
    SLICE_X22Y92         LUT2 (Prop_lut2_I1_O)        0.303     2.724 r  u_Demodulation/u_mult_squre_1/U0/i_mult/gLUT.gLUT_speed.iLUT/plusOp__45_carry__0_i_3/O
                         net (fo=1, routed)           0.000     2.724    u_Demodulation/u_mult_squre_1/U0/i_mult/gLUT.gLUT_speed.iLUT/plusOp__45_carry__0_i_3_n_0
    SLICE_X22Y92         CARRY4 (Prop_carry4_S[1]_CO[3])
                                                      0.533     3.257 r  u_Demodulation/u_mult_squre_1/U0/i_mult/gLUT.gLUT_speed.iLUT/plusOp__45_carry__0/CO[3]
                         net (fo=1, routed)           0.000     3.257    u_Demodulation/u_mult_squre_1/U0/i_mult/gLUT.gLUT_speed.iLUT/plusOp__45_carry__0_n_0
    SLICE_X22Y93         CARRY4 (Prop_carry4_CI_O[3])
                                                      0.315     3.572 r  u_Demodulation/u_mult_squre_1/U0/i_mult/gLUT.gLUT_speed.iLUT/plusOp__45_carry__1/O[3]
                         net (fo=4, routed)           0.837     4.409    u_Demodulation/u_mult_squre_1/U0/i_mult/gLUT.gLUT_speed.iLUT/plusOp1[11]
    SLICE_X24Y94         LUT2 (Prop_lut2_I0_O)        0.307     4.716 r  u_Demodulation/u_mult_squre_1/U0/i_mult/gLUT.gLUT_speed.iLUT/plusOp__91_carry__2_i_4/O
                         net (fo=1, routed)           0.000     4.716    u_Demodulation/u_mult_squre_1/U0/i_mult/gLUT.gLUT_speed.iLUT/plusOp__91_carry__2_i_4_n_0
    SLICE_X24Y94         CARRY4 (Prop_carry4_S[1]_CO[3])
                                                      0.550     5.266 r  u_Demodulation/u_mult_squre_1/U0/i_mult/gLUT.gLUT_speed.iLUT/plusOp__91_carry__2/CO[3]
                         net (fo=1, routed)           0.000     5.266    u_Demodulation/u_mult_squre_1/U0/i_mult/gLUT.gLUT_speed.iLUT/plusOp__91_carry__2_n_0
    SLICE_X24Y95         CARRY4 (Prop_carry4_CI_O[1])
                                                      0.334     5.600 r  u_Demodulation/u_mult_squre_1/U0/i_mult/gLUT.gLUT_speed.iLUT/plusOp__91_carry__3/O[1]
                         net (fo=2, routed)           0.650     6.250    u_Demodulation/u_mult_squre_1/U0/i_mult/gLUT.gLUT_speed.iLUT/plusOp5__0[17]
    SLICE_X25Y91         LUT2 (Prop_lut2_I0_O)        0.303     6.553 r  u_Demodulation/u_mult_squre_1/U0/i_mult/gLUT.gLUT_speed.iLUT/plusOp__237_carry__2_i_3/O
                         net (fo=1, routed)           0.000     6.553    u_Demodulation/u_mult_squre_1/U0/i_mult/gLUT.gLUT_speed.iLUT/plusOp__237_carry__2_i_3_n_0
    SLICE_X25Y91         CARRY4 (Prop_carry4_S[1]_CO[3])
                                                      0.550     7.103 r  u_Demodulation/u_mult_squre_1/U0/i_mult/gLUT.gLUT_speed.iLUT/plusOp__237_carry__2/CO[3]
                         net (fo=1, routed)           0.000     7.103    u_Demodulation/u_mult_squre_1/U0/i_mult/gLUT.gLUT_speed.iLUT/plusOp__237_carry__2_n_0
    SLICE_X25Y92         CARRY4 (Prop_carry4_CI_O[1])
                                                      0.334     7.437 r  u_Demodulation/u_mult_squre_1/U0/i_mult/gLUT.gLUT_speed.iLUT/plusOp__237_carry__3/O[1]
                         net (fo=1, routed)           0.000     7.437    u_Demodulation/u_mult_squre_1/U0/i_mult/gLUT.gLUT_speed.iLUT/plusOp9[17]
    SLICE_X25Y92         FDRE                                         r  u_Demodulation/u_mult_squre_1/U0/i_mult/gLUT.gLUT_speed.iLUT/NxM_mult.stage_3_add.stage_3_pipeline.s3_add_out_reg[0][25]/D
  -------------------------------------------------------------------    -------------------

                         (clock clk_125M_clk_wiz_0 rise edge)
                                                      8.000     8.000 r  
    W19                                               0.000     8.000 r  clk_50M (IN)
                         net (fo=0)                   0.000     8.000    clk_u0/inst/clk_in1
    W19                  IBUF (Prop_ibuf_I_O)         1.438     9.438 r  clk_u0/inst/clkin1_ibufg/O
                         net (fo=1, routed)           1.162    10.600    clk_u0/inst/clk_in1_clk_wiz_0
    MMCME2_ADV_X0Y2      MMCME2_ADV (Prop_mmcme2_adv_CLKIN1_CLKOUT0)
                                                     -7.729     2.871 r  clk_u0/inst/mmcm_adv_inst/CLKOUT0
                         net (fo=1, routed)           1.760     4.631    clk_u0/inst/clk_125M_clk_wiz_0
    BUFGCTRL_X0Y0        BUFG (Prop_bufg_I_O)         0.091     4.722 r  clk_u0/inst/clkout1_buf/O
                         net (fo=9233, routed)        1.809     6.531    u_Demodulation/u_mult_squre_1/U0/i_mult/gLUT.gLUT_speed.iLUT/CLK
    SLICE_X25Y92         FDRE                                         r  u_Demodulation/u_mult_squre_1/U0/i_mult/gLUT.gLUT_speed.iLUT/NxM_mult.stage_3_add.stage_3_pipeline.s3_add_out_reg[0][25]/C
                         clock pessimism              0.563     7.094    
                         clock uncertainty           -0.085     7.010    
    SLICE_X25Y92         FDRE (Setup_fdre_C_D)        0.062     7.072    u_Demodulation/u_mult_squre_1/U0/i_mult/gLUT.gLUT_speed.iLUT/NxM_mult.stage_3_add.stage_3_pipeline.s3_add_out_reg[0][25]
  -------------------------------------------------------------------
                         required time                          7.072    
                         arrival time                          -7.437    
  -------------------------------------------------------------------
                         slack                                 -0.365    

Slack (VIOLATED) :        -0.344ns  (required time - arrival time)
  Source:                 u_Demodulation/u_LPF_I/U0/i_synth/g_single_rate.i_single_rate/g_m_data_chan_no_fifo.m_axis_data_tdata_int_reg[22]/C
                            (rising edge-triggered cell FDRE clocked by clk_125M_clk_wiz_0  {rise@0.000ns fall@4.000ns period=8.000ns})
  Destination:            u_Demodulation/u_mult_squre_1/U0/i_mult/gLUT.gLUT_speed.iLUT/NxM_mult.stage_3_add.stage_3_pipeline.s3_add_out_reg[0][27]/D
                            (rising edge-triggered cell FDRE clocked by clk_125M_clk_wiz_0  {rise@0.000ns fall@4.000ns period=8.000ns})
  Path Group:             clk_125M_clk_wiz_0
  Path Type:              Setup (Max at Slow Process Corner)
  Requirement:            8.000ns  (clk_125M_clk_wiz_0 rise@8.000ns - clk_125M_clk_wiz_0 rise@0.000ns)
  Data Path Delay:        8.279ns  (logic 4.972ns (60.055%)  route 3.307ns (39.945%))
  Logic Levels:           12  (CARRY4=8 LUT2=3 LUT4=1)
  Clock Path Skew:        -0.042ns (DCD - SCD + CPR)
    Destination Clock Delay (DCD):    -1.469ns = ( 6.531 - 8.000 ) 
    Source Clock Delay      (SCD):    -0.864ns
    Clock Pessimism Removal (CPR):    0.563ns
  Clock Uncertainty:      0.085ns  ((TSJ^2 + DJ^2)^1/2) / 2 + PE
    Total System Jitter     (TSJ):    0.071ns
    Discrete Jitter          (DJ):    0.154ns
    Phase Error              (PE):    0.000ns

    Location             Delay type                Incr(ns)  Path(ns)    Netlist Resource(s)
  -------------------------------------------------------------------    -------------------
                         (clock clk_125M_clk_wiz_0 rise edge)
                                                      0.000     0.000 r  
    W19                                               0.000     0.000 r  clk_50M (IN)
                         net (fo=0)                   0.000     0.000    clk_u0/inst/clk_in1
    W19                  IBUF (Prop_ibuf_I_O)         1.509     1.509 r  clk_u0/inst/clkin1_ibufg/O
                         net (fo=1, routed)           1.233     2.742    clk_u0/inst/clk_in1_clk_wiz_0
    MMCME2_ADV_X0Y2      MMCME2_ADV (Prop_mmcme2_adv_CLKIN1_CLKOUT0)
                                                     -7.485    -4.742 r  clk_u0/inst/mmcm_adv_inst/CLKOUT0
                         net (fo=1, routed)           1.843    -2.899    clk_u0/inst/clk_125M_clk_wiz_0
    BUFGCTRL_X0Y0        BUFG (Prop_bufg_I_O)         0.096    -2.803 r  clk_u0/inst/clkout1_buf/O
                         net (fo=9233, routed)        1.939    -0.864    u_Demodulation/u_LPF_I/U0/i_synth/g_single_rate.i_single_rate/aclk
    SLICE_X23Y87         FDRE                                         r  u_Demodulation/u_LPF_I/U0/i_synth/g_single_rate.i_single_rate/g_m_data_chan_no_fifo.m_axis_data_tdata_int_reg[22]/C
  -------------------------------------------------------------------    -------------------
    SLICE_X23Y87         FDRE (Prop_fdre_C_Q)         0.456    -0.408 r  u_Demodulation/u_LPF_I/U0/i_synth/g_single_rate.i_single_rate/g_m_data_chan_no_fifo.m_axis_data_tdata_int_reg[22]/Q
                         net (fo=49, routed)          1.108     0.700    u_Demodulation/u_mult_squre_1/U0/i_mult/gLUT.gLUT_speed.iLUT/A[1]
    SLICE_X23Y90         LUT4 (Prop_lut4_I1_O)        0.124     0.824 r  u_Demodulation/u_mult_squre_1/U0/i_mult/gLUT.gLUT_speed.iLUT/NxM_mult.ppgen[3].carrychain[1].ppadd.b_is_even.stageN.muxcy0_i_1/O
                         net (fo=1, routed)           0.000     0.824    u_Demodulation/u_mult_squre_1/U0/i_mult/gLUT.gLUT_speed.iLUT/NxM_mult.ppgen[3].carrychain[1].ppadd.b_is_even.stageN.lut_sig
    SLICE_X23Y90         CARRY4 (Prop_carry4_S[1]_CO[3])
                                                      0.550     1.374 r  u_Demodulation/u_mult_squre_1/U0/i_mult/gLUT.gLUT_speed.iLUT/NxM_mult.ppgen[3].carrychain[0].ppadd.b_is_even.stageLSB.muxcy00_CARRY4/CO[3]
                         net (fo=1, routed)           0.000     1.374    u_Demodulation/u_mult_squre_1/U0/i_mult/gLUT.gLUT_speed.iLUT/pp_cout[3]_3
    SLICE_X23Y91         CARRY4 (Prop_carry4_CI_O[1])
                                                      0.334     1.708 r  u_Demodulation/u_mult_squre_1/U0/i_mult/gLUT.gLUT_speed.iLUT/NxM_mult.ppgen[3].carrychain[4].ppadd.b_is_even.stageN.muxcy0_CARRY4/O[1]
                         net (fo=1, routed)           0.713     2.421    u_Demodulation/u_mult_squre_1/U0/i_mult/gLUT.gLUT_speed.iLUT/pp_out[3]_3[5]
    SLICE_X22Y92         LUT2 (Prop_lut2_I1_O)        0.303     2.724 r  u_Demodulation/u_mult_squre_1/U0/i_mult/gLUT.gLUT_speed.iLUT/plusOp__45_carry__0_i_3/O
                         net (fo=1, routed)           0.000     2.724    u_Demodulation/u_mult_squre_1/U0/i_mult/gLUT.gLUT_speed.iLUT/plusOp__45_carry__0_i_3_n_0
    SLICE_X22Y92         CARRY4 (Prop_carry4_S[1]_CO[3])
                                                      0.533     3.257 r  u_Demodulation/u_mult_squre_1/U0/i_mult/gLUT.gLUT_speed.iLUT/plusOp__45_carry__0/CO[3]
                         net (fo=1, routed)           0.000     3.257    u_Demodulation/u_mult_squre_1/U0/i_mult/gLUT.gLUT_speed.iLUT/plusOp__45_carry__0_n_0
    SLICE_X22Y93         CARRY4 (Prop_carry4_CI_O[3])
                                                      0.315     3.572 r  u_Demodulation/u_mult_squre_1/U0/i_mult/gLUT.gLUT_speed.iLUT/plusOp__45_carry__1/O[3]
                         net (fo=4, routed)           0.837     4.409    u_Demodulation/u_mult_squre_1/U0/i_mult/gLUT.gLUT_speed.iLUT/plusOp1[11]
    SLICE_X24Y94         LUT2 (Prop_lut2_I0_O)        0.307     4.716 r  u_Demodulation/u_mult_squre_1/U0/i_mult/gLUT.gLUT_speed.iLUT/plusOp__91_carry__2_i_4/O
                         net (fo=1, routed)           0.000     4.716    u_Demodulation/u_mult_squre_1/U0/i_mult/gLUT.gLUT_speed.iLUT/plusOp__91_carry__2_i_4_n_0
    SLICE_X24Y94         CARRY4 (Prop_carry4_S[1]_CO[3])
                                                      0.550     5.266 r  u_Demodulation/u_mult_squre_1/U0/i_mult/gLUT.gLUT_speed.iLUT/plusOp__91_carry__2/CO[3]
                         net (fo=1, routed)           0.000     5.266    u_Demodulation/u_mult_squre_1/U0/i_mult/gLUT.gLUT_speed.iLUT/plusOp__91_carry__2_n_0
    SLICE_X24Y95         CARRY4 (Prop_carry4_CI_O[1])
                                                      0.334     5.600 r  u_Demodulation/u_mult_squre_1/U0/i_mult/gLUT.gLUT_speed.iLUT/plusOp__91_carry__3/O[1]
                         net (fo=2, routed)           0.650     6.250    u_Demodulation/u_mult_squre_1/U0/i_mult/gLUT.gLUT_speed.iLUT/plusOp5__0[17]
    SLICE_X25Y91         LUT2 (Prop_lut2_I0_O)        0.303     6.553 r  u_Demodulation/u_mult_squre_1/U0/i_mult/gLUT.gLUT_speed.iLUT/plusOp__237_carry__2_i_3/O
                         net (fo=1, routed)           0.000     6.553    u_Demodulation/u_mult_squre_1/U0/i_mult/gLUT.gLUT_speed.iLUT/plusOp__237_carry__2_i_3_n_0
    SLICE_X25Y91         CARRY4 (Prop_carry4_S[1]_CO[3])
                                                      0.550     7.103 r  u_Demodulation/u_mult_squre_1/U0/i_mult/gLUT.gLUT_speed.iLUT/plusOp__237_carry__2/CO[3]
                         net (fo=1, routed)           0.000     7.103    u_Demodulation/u_mult_squre_1/U0/i_mult/gLUT.gLUT_speed.iLUT/plusOp__237_carry__2_n_0
    SLICE_X25Y92         CARRY4 (Prop_carry4_CI_O[3])
                                                      0.313     7.416 r  u_Demodulation/u_mult_squre_1/U0/i_mult/gLUT.gLUT_speed.iLUT/plusOp__237_carry__3/O[3]
                         net (fo=1, routed)           0.000     7.416    u_Demodulation/u_mult_squre_1/U0/i_mult/gLUT.gLUT_speed.iLUT/plusOp9[19]
    SLICE_X25Y92         FDRE                                         r  u_Demodulation/u_mult_squre_1/U0/i_mult/gLUT.gLUT_speed.iLUT/NxM_mult.stage_3_add.stage_3_pipeline.s3_add_out_reg[0][27]/D
  -------------------------------------------------------------------    -------------------

                         (clock clk_125M_clk_wiz_0 rise edge)
                                                      8.000     8.000 r  
    W19                                               0.000     8.000 r  clk_50M (IN)
                         net (fo=0)                   0.000     8.000    clk_u0/inst/clk_in1
    W19                  IBUF (Prop_ibuf_I_O)         1.438     9.438 r  clk_u0/inst/clkin1_ibufg/O
                         net (fo=1, routed)           1.162    10.600    clk_u0/inst/clk_in1_clk_wiz_0
    MMCME2_ADV_X0Y2      MMCME2_ADV (Prop_mmcme2_adv_CLKIN1_CLKOUT0)
                                                     -7.729     2.871 r  clk_u0/inst/mmcm_adv_inst/CLKOUT0
                         net (fo=1, routed)           1.760     4.631    clk_u0/inst/clk_125M_clk_wiz_0
    BUFGCTRL_X0Y0        BUFG (Prop_bufg_I_O)         0.091     4.722 r  clk_u0/inst/clkout1_buf/O
                         net (fo=9233, routed)        1.809     6.531    u_Demodulation/u_mult_squre_1/U0/i_mult/gLUT.gLUT_speed.iLUT/CLK
    SLICE_X25Y92         FDRE                                         r  u_Demodulation/u_mult_squre_1/U0/i_mult/gLUT.gLUT_speed.iLUT/NxM_mult.stage_3_add.stage_3_pipeline.s3_add_out_reg[0][27]/C
                         clock pessimism              0.563     7.094    
                         clock uncertainty           -0.085     7.010    
    SLICE_X25Y92         FDRE (Setup_fdre_C_D)        0.062     7.072    u_Demodulation/u_mult_squre_1/U0/i_mult/gLUT.gLUT_speed.iLUT/NxM_mult.stage_3_add.stage_3_pipeline.s3_add_out_reg[0][27]
  -------------------------------------------------------------------
                         required time                          7.072    
                         arrival time                          -7.416    
  -------------------------------------------------------------------
                         slack                                 -0.344    

Slack (VIOLATED) :        -0.270ns  (required time - arrival time)
  Source:                 u_Demodulation/u_LPF_I/U0/i_synth/g_single_rate.i_single_rate/g_m_data_chan_no_fifo.m_axis_data_tdata_int_reg[22]/C
                            (rising edge-triggered cell FDRE clocked by clk_125M_clk_wiz_0  {rise@0.000ns fall@4.000ns period=8.000ns})
  Destination:            u_Demodulation/u_mult_squre_1/U0/i_mult/gLUT.gLUT_speed.iLUT/NxM_mult.stage_3_add.stage_3_pipeline.s3_add_out_reg[0][26]/D
                            (rising edge-triggered cell FDRE clocked by clk_125M_clk_wiz_0  {rise@0.000ns fall@4.000ns period=8.000ns})
  Path Group:             clk_125M_clk_wiz_0
  Path Type:              Setup (Max at Slow Process Corner)
  Requirement:            8.000ns  (clk_125M_clk_wiz_0 rise@8.000ns - clk_125M_clk_wiz_0 rise@0.000ns)
  Data Path Delay:        8.205ns  (logic 4.898ns (59.695%)  route 3.307ns (40.305%))
  Logic Levels:           12  (CARRY4=8 LUT2=3 LUT4=1)
  Clock Path Skew:        -0.042ns (DCD - SCD + CPR)
    Destination Clock Delay (DCD):    -1.469ns = ( 6.531 - 8.000 ) 
    Source Clock Delay      (SCD):    -0.864ns
    Clock Pessimism Removal (CPR):    0.563ns
  Clock Uncertainty:      0.085ns  ((TSJ^2 + DJ^2)^1/2) / 2 + PE
    Total System Jitter     (TSJ):    0.071ns
    Discrete Jitter          (DJ):    0.154ns
    Phase Error              (PE):    0.000ns

    Location             Delay type                Incr(ns)  Path(ns)    Netlist Resource(s)
  -------------------------------------------------------------------    -------------------
                         (clock clk_125M_clk_wiz_0 rise edge)
                                                      0.000     0.000 r  
    W19                                               0.000     0.000 r  clk_50M (IN)
                         net (fo=0)                   0.000     0.000    clk_u0/inst/clk_in1
    W19                  IBUF (Prop_ibuf_I_O)         1.509     1.509 r  clk_u0/inst/clkin1_ibufg/O
                         net (fo=1, routed)           1.233     2.742    clk_u0/inst/clk_in1_clk_wiz_0
    MMCME2_ADV_X0Y2      MMCME2_ADV (Prop_mmcme2_adv_CLKIN1_CLKOUT0)
                                                     -7.485    -4.742 r  clk_u0/inst/mmcm_adv_inst/CLKOUT0
                         net (fo=1, routed)           1.843    -2.899    clk_u0/inst/clk_125M_clk_wiz_0
    BUFGCTRL_X0Y0        BUFG (Prop_bufg_I_O)         0.096    -2.803 r  clk_u0/inst/clkout1_buf/O
                         net (fo=9233, routed)        1.939    -0.864    u_Demodulation/u_LPF_I/U0/i_synth/g_single_rate.i_single_rate/aclk
    SLICE_X23Y87         FDRE                                         r  u_Demodulation/u_LPF_I/U0/i_synth/g_single_rate.i_single_rate/g_m_data_chan_no_fifo.m_axis_data_tdata_int_reg[22]/C
  -------------------------------------------------------------------    -------------------
    SLICE_X23Y87         FDRE (Prop_fdre_C_Q)         0.456    -0.408 r  u_Demodulation/u_LPF_I/U0/i_synth/g_single_rate.i_single_rate/g_m_data_chan_no_fifo.m_axis_data_tdata_int_reg[22]/Q
                         net (fo=49, routed)          1.108     0.700    u_Demodulation/u_mult_squre_1/U0/i_mult/gLUT.gLUT_speed.iLUT/A[1]
    SLICE_X23Y90         LUT4 (Prop_lut4_I1_O)        0.124     0.824 r  u_Demodulation/u_mult_squre_1/U0/i_mult/gLUT.gLUT_speed.iLUT/NxM_mult.ppgen[3].carrychain[1].ppadd.b_is_even.stageN.muxcy0_i_1/O
                         net (fo=1, routed)           0.000     0.824    u_Demodulation/u_mult_squre_1/U0/i_mult/gLUT.gLUT_speed.iLUT/NxM_mult.ppgen[3].carrychain[1].ppadd.b_is_even.stageN.lut_sig
    SLICE_X23Y90         CARRY4 (Prop_carry4_S[1]_CO[3])
                                                      0.550     1.374 r  u_Demodulation/u_mult_squre_1/U0/i_mult/gLUT.gLUT_speed.iLUT/NxM_mult.ppgen[3].carrychain[0].ppadd.b_is_even.stageLSB.muxcy00_CARRY4/CO[3]
                         net (fo=1, routed)           0.000     1.374    u_Demodulation/u_mult_squre_1/U0/i_mult/gLUT.gLUT_speed.iLUT/pp_cout[3]_3
    SLICE_X23Y91         CARRY4 (Prop_carry4_CI_O[1])
                                                      0.334     1.708 r  u_Demodulation/u_mult_squre_1/U0/i_mult/gLUT.gLUT_speed.iLUT/NxM_mult.ppgen[3].carrychain[4].ppadd.b_is_even.stageN.muxcy0_CARRY4/O[1]
                         net (fo=1, routed)           0.713     2.421    u_Demodulation/u_mult_squre_1/U0/i_mult/gLUT.gLUT_speed.iLUT/pp_out[3]_3[5]
    SLICE_X22Y92         LUT2 (Prop_lut2_I1_O)        0.303     2.724 r  u_Demodulation/u_mult_squre_1/U0/i_mult/gLUT.gLUT_speed.iLUT/plusOp__45_carry__0_i_3/O
                         net (fo=1, routed)           0.000     2.724    u_Demodulation/u_mult_squre_1/U0/i_mult/gLUT.gLUT_speed.iLUT/plusOp__45_carry__0_i_3_n_0
    SLICE_X22Y92         CARRY4 (Prop_carry4_S[1]_CO[3])
                                                      0.533     3.257 r  u_Demodulation/u_mult_squre_1/U0/i_mult/gLUT.gLUT_speed.iLUT/plusOp__45_carry__0/CO[3]
                         net (fo=1, routed)           0.000     3.257    u_Demodulation/u_mult_squre_1/U0/i_mult/gLUT.gLUT_speed.iLUT/plusOp__45_carry__0_n_0
    SLICE_X22Y93         CARRY4 (Prop_carry4_CI_O[3])
                                                      0.315     3.572 r  u_Demodulation/u_mult_squre_1/U0/i_mult/gLUT.gLUT_speed.iLUT/plusOp__45_carry__1/O[3]
                         net (fo=4, routed)           0.837     4.409    u_Demodulation/u_mult_squre_1/U0/i_mult/gLUT.gLUT_speed.iLUT/plusOp1[11]
    SLICE_X24Y94         LUT2 (Prop_lut2_I0_O)        0.307     4.716 r  u_Demodulation/u_mult_squre_1/U0/i_mult/gLUT.gLUT_speed.iLUT/plusOp__91_carry__2_i_4/O
                         net (fo=1, routed)           0.000     4.716    u_Demodulation/u_mult_squre_1/U0/i_mult/gLUT.gLUT_speed.iLUT/plusOp__91_carry__2_i_4_n_0
    SLICE_X24Y94         CARRY4 (Prop_carry4_S[1]_CO[3])
                                                      0.550     5.266 r  u_Demodulation/u_mult_squre_1/U0/i_mult/gLUT.gLUT_speed.iLUT/plusOp__91_carry__2/CO[3]
                         net (fo=1, routed)           0.000     5.266    u_Demodulation/u_mult_squre_1/U0/i_mult/gLUT.gLUT_speed.iLUT/plusOp__91_carry__2_n_0
    SLICE_X24Y95         CARRY4 (Prop_carry4_CI_O[1])
                                                      0.334     5.600 r  u_Demodulation/u_mult_squre_1/U0/i_mult/gLUT.gLUT_speed.iLUT/plusOp__91_carry__3/O[1]
                         net (fo=2, routed)           0.650     6.250    u_Demodulation/u_mult_squre_1/U0/i_mult/gLUT.gLUT_speed.iLUT/plusOp5__0[17]
    SLICE_X25Y91         LUT2 (Prop_lut2_I0_O)        0.303     6.553 r  u_Demodulation/u_mult_squre_1/U0/i_mult/gLUT.gLUT_speed.iLUT/plusOp__237_carry__2_i_3/O
                         net (fo=1, routed)           0.000     6.553    u_Demodulation/u_mult_squre_1/U0/i_mult/gLUT.gLUT_speed.iLUT/plusOp__237_carry__2_i_3_n_0
    SLICE_X25Y91         CARRY4 (Prop_carry4_S[1]_CO[3])
                                                      0.550     7.103 r  u_Demodulation/u_mult_squre_1/U0/i_mult/gLUT.gLUT_speed.iLUT/plusOp__237_carry__2/CO[3]
                         net (fo=1, routed)           0.000     7.103    u_Demodulation/u_mult_squre_1/U0/i_mult/gLUT.gLUT_speed.iLUT/plusOp__237_carry__2_n_0
    SLICE_X25Y92         CARRY4 (Prop_carry4_CI_O[2])
                                                      0.239     7.342 r  u_Demodulation/u_mult_squre_1/U0/i_mult/gLUT.gLUT_speed.iLUT/plusOp__237_carry__3/O[2]
                         net (fo=1, routed)           0.000     7.342    u_Demodulation/u_mult_squre_1/U0/i_mult/gLUT.gLUT_speed.iLUT/plusOp9[18]
    SLICE_X25Y92         FDRE                                         r  u_Demodulation/u_mult_squre_1/U0/i_mult/gLUT.gLUT_speed.iLUT/NxM_mult.stage_3_add.stage_3_pipeline.s3_add_out_reg[0][26]/D
  -------------------------------------------------------------------    -------------------

                         (clock clk_125M_clk_wiz_0 rise edge)
                                                      8.000     8.000 r  
    W19                                               0.000     8.000 r  clk_50M (IN)
                         net (fo=0)                   0.000     8.000    clk_u0/inst/clk_in1
    W19                  IBUF (Prop_ibuf_I_O)         1.438     9.438 r  clk_u0/inst/clkin1_ibufg/O
                         net (fo=1, routed)           1.162    10.600    clk_u0/inst/clk_in1_clk_wiz_0
    MMCME2_ADV_X0Y2      MMCME2_ADV (Prop_mmcme2_adv_CLKIN1_CLKOUT0)
                                                     -7.729     2.871 r  clk_u0/inst/mmcm_adv_inst/CLKOUT0
                         net (fo=1, routed)           1.760     4.631    clk_u0/inst/clk_125M_clk_wiz_0
    BUFGCTRL_X0Y0        BUFG (Prop_bufg_I_O)         0.091     4.722 r  clk_u0/inst/clkout1_buf/O
                         net (fo=9233, routed)        1.809     6.531    u_Demodulation/u_mult_squre_1/U0/i_mult/gLUT.gLUT_speed.iLUT/CLK
    SLICE_X25Y92         FDRE                                         r  u_Demodulation/u_mult_squre_1/U0/i_mult/gLUT.gLUT_speed.iLUT/NxM_mult.stage_3_add.stage_3_pipeline.s3_add_out_reg[0][26]/C
                         clock pessimism              0.563     7.094    
                         clock uncertainty           -0.085     7.010    
    SLICE_X25Y92         FDRE (Setup_fdre_C_D)        0.062     7.072    u_Demodulation/u_mult_squre_1/U0/i_mult/gLUT.gLUT_speed.iLUT/NxM_mult.stage_3_add.stage_3_pipeline.s3_add_out_reg[0][26]
  -------------------------------------------------------------------
                         required time                          7.072    
                         arrival time                          -7.342    
  -------------------------------------------------------------------
                         slack                                 -0.270    

Slack (VIOLATED) :        -0.254ns  (required time - arrival time)
  Source:                 u_Demodulation/u_LPF_I/U0/i_synth/g_single_rate.i_single_rate/g_m_data_chan_no_fifo.m_axis_data_tdata_int_reg[22]/C
                            (rising edge-triggered cell FDRE clocked by clk_125M_clk_wiz_0  {rise@0.000ns fall@4.000ns period=8.000ns})
  Destination:            u_Demodulation/u_mult_squre_1/U0/i_mult/gLUT.gLUT_speed.iLUT/NxM_mult.stage_3_add.stage_3_pipeline.s3_add_out_reg[0][24]/D
                            (rising edge-triggered cell FDRE clocked by clk_125M_clk_wiz_0  {rise@0.000ns fall@4.000ns period=8.000ns})
  Path Group:             clk_125M_clk_wiz_0
  Path Type:              Setup (Max at Slow Process Corner)
  Requirement:            8.000ns  (clk_125M_clk_wiz_0 rise@8.000ns - clk_125M_clk_wiz_0 rise@0.000ns)
  Data Path Delay:        8.189ns  (logic 4.882ns (59.616%)  route 3.307ns (40.384%))
  Logic Levels:           12  (CARRY4=8 LUT2=3 LUT4=1)
  Clock Path Skew:        -0.042ns (DCD - SCD + CPR)
    Destination Clock Delay (DCD):    -1.469ns = ( 6.531 - 8.000 ) 
    Source Clock Delay      (SCD):    -0.864ns
    Clock Pessimism Removal (CPR):    0.563ns
  Clock Uncertainty:      0.085ns  ((TSJ^2 + DJ^2)^1/2) / 2 + PE
    Total System Jitter     (TSJ):    0.071ns
    Discrete Jitter          (DJ):    0.154ns
    Phase Error              (PE):    0.000ns

    Location             Delay type                Incr(ns)  Path(ns)    Netlist Resource(s)
  -------------------------------------------------------------------    -------------------
                         (clock clk_125M_clk_wiz_0 rise edge)
                                                      0.000     0.000 r  
    W19                                               0.000     0.000 r  clk_50M (IN)
                         net (fo=0)                   0.000     0.000    clk_u0/inst/clk_in1
    W19                  IBUF (Prop_ibuf_I_O)         1.509     1.509 r  clk_u0/inst/clkin1_ibufg/O
                         net (fo=1, routed)           1.233     2.742    clk_u0/inst/clk_in1_clk_wiz_0
    MMCME2_ADV_X0Y2      MMCME2_ADV (Prop_mmcme2_adv_CLKIN1_CLKOUT0)
                                                     -7.485    -4.742 r  clk_u0/inst/mmcm_adv_inst/CLKOUT0
                         net (fo=1, routed)           1.843    -2.899    clk_u0/inst/clk_125M_clk_wiz_0
    BUFGCTRL_X0Y0        BUFG (Prop_bufg_I_O)         0.096    -2.803 r  clk_u0/inst/clkout1_buf/O
                         net (fo=9233, routed)        1.939    -0.864    u_Demodulation/u_LPF_I/U0/i_synth/g_single_rate.i_single_rate/aclk
    SLICE_X23Y87         FDRE                                         r  u_Demodulation/u_LPF_I/U0/i_synth/g_single_rate.i_single_rate/g_m_data_chan_no_fifo.m_axis_data_tdata_int_reg[22]/C
  -------------------------------------------------------------------    -------------------
    SLICE_X23Y87         FDRE (Prop_fdre_C_Q)         0.456    -0.408 r  u_Demodulation/u_LPF_I/U0/i_synth/g_single_rate.i_single_rate/g_m_data_chan_no_fifo.m_axis_data_tdata_int_reg[22]/Q
                         net (fo=49, routed)          1.108     0.700    u_Demodulation/u_mult_squre_1/U0/i_mult/gLUT.gLUT_speed.iLUT/A[1]
    SLICE_X23Y90         LUT4 (Prop_lut4_I1_O)        0.124     0.824 r  u_Demodulation/u_mult_squre_1/U0/i_mult/gLUT.gLUT_speed.iLUT/NxM_mult.ppgen[3].carrychain[1].ppadd.b_is_even.stageN.muxcy0_i_1/O
                         net (fo=1, routed)           0.000     0.824    u_Demodulation/u_mult_squre_1/U0/i_mult/gLUT.gLUT_speed.iLUT/NxM_mult.ppgen[3].carrychain[1].ppadd.b_is_even.stageN.lut_sig
    SLICE_X23Y90         CARRY4 (Prop_carry4_S[1]_CO[3])
                                                      0.550     1.374 r  u_Demodulation/u_mult_squre_1/U0/i_mult/gLUT.gLUT_speed.iLUT/NxM_mult.ppgen[3].carrychain[0].ppadd.b_is_even.stageLSB.muxcy00_CARRY4/CO[3]
                         net (fo=1, routed)           0.000     1.374    u_Demodulation/u_mult_squre_1/U0/i_mult/gLUT.gLUT_speed.iLUT/pp_cout[3]_3
    SLICE_X23Y91         CARRY4 (Prop_carry4_CI_O[1])
                                                      0.334     1.708 r  u_Demodulation/u_mult_squre_1/U0/i_mult/gLUT.gLUT_speed.iLUT/NxM_mult.ppgen[3].carrychain[4].ppadd.b_is_even.stageN.muxcy0_CARRY4/O[1]
                         net (fo=1, routed)           0.713     2.421    u_Demodulation/u_mult_squre_1/U0/i_mult/gLUT.gLUT_speed.iLUT/pp_out[3]_3[5]
    SLICE_X22Y92         LUT2 (Prop_lut2_I1_O)        0.303     2.724 r  u_Demodulation/u_mult_squre_1/U0/i_mult/gLUT.gLUT_speed.iLUT/plusOp__45_carry__0_i_3/O
                         net (fo=1, routed)           0.000     2.724    u_Demodulation/u_mult_squre_1/U0/i_mult/gLUT.gLUT_speed.iLUT/plusOp__45_carry__0_i_3_n_0
    SLICE_X22Y92         CARRY4 (Prop_carry4_S[1]_CO[3])
                                                      0.533     3.257 r  u_Demodulation/u_mult_squre_1/U0/i_mult/gLUT.gLUT_speed.iLUT/plusOp__45_carry__0/CO[3]
                         net (fo=1, routed)           0.000     3.257    u_Demodulation/u_mult_squre_1/U0/i_mult/gLUT.gLUT_speed.iLUT/plusOp__45_carry__0_n_0
    SLICE_X22Y93         CARRY4 (Prop_carry4_CI_O[3])
                                                      0.315     3.572 r  u_Demodulation/u_mult_squre_1/U0/i_mult/gLUT.gLUT_speed.iLUT/plusOp__45_carry__1/O[3]
                         net (fo=4, routed)           0.837     4.409    u_Demodulation/u_mult_squre_1/U0/i_mult/gLUT.gLUT_speed.iLUT/plusOp1[11]
    SLICE_X24Y94         LUT2 (Prop_lut2_I0_O)        0.307     4.716 r  u_Demodulation/u_mult_squre_1/U0/i_mult/gLUT.gLUT_speed.iLUT/plusOp__91_carry__2_i_4/O
                         net (fo=1, routed)           0.000     4.716    u_Demodulation/u_mult_squre_1/U0/i_mult/gLUT.gLUT_speed.iLUT/plusOp__91_carry__2_i_4_n_0
    SLICE_X24Y94         CARRY4 (Prop_carry4_S[1]_CO[3])
                                                      0.550     5.266 r  u_Demodulation/u_mult_squre_1/U0/i_mult/gLUT.gLUT_speed.iLUT/plusOp__91_carry__2/CO[3]
                         net (fo=1, routed)           0.000     5.266    u_Demodulation/u_mult_squre_1/U0/i_mult/gLUT.gLUT_speed.iLUT/plusOp__91_carry__2_n_0
    SLICE_X24Y95         CARRY4 (Prop_carry4_CI_O[1])
                                                      0.334     5.600 r  u_Demodulation/u_mult_squre_1/U0/i_mult/gLUT.gLUT_speed.iLUT/plusOp__91_carry__3/O[1]
                         net (fo=2, routed)           0.650     6.250    u_Demodulation/u_mult_squre_1/U0/i_mult/gLUT.gLUT_speed.iLUT/plusOp5__0[17]
    SLICE_X25Y91         LUT2 (Prop_lut2_I0_O)        0.303     6.553 r  u_Demodulation/u_mult_squre_1/U0/i_mult/gLUT.gLUT_speed.iLUT/plusOp__237_carry__2_i_3/O
                         net (fo=1, routed)           0.000     6.553    u_Demodulation/u_mult_squre_1/U0/i_mult/gLUT.gLUT_speed.iLUT/plusOp__237_carry__2_i_3_n_0
    SLICE_X25Y91         CARRY4 (Prop_carry4_S[1]_CO[3])
                                                      0.550     7.103 r  u_Demodulation/u_mult_squre_1/U0/i_mult/gLUT.gLUT_speed.iLUT/plusOp__237_carry__2/CO[3]
                         net (fo=1, routed)           0.000     7.103    u_Demodulation/u_mult_squre_1/U0/i_mult/gLUT.gLUT_speed.iLUT/plusOp__237_carry__2_n_0
    SLICE_X25Y92         CARRY4 (Prop_carry4_CI_O[0])
                                                      0.223     7.326 r  u_Demodulation/u_mult_squre_1/U0/i_mult/gLUT.gLUT_speed.iLUT/plusOp__237_carry__3/O[0]
                         net (fo=1, routed)           0.000     7.326    u_Demodulation/u_mult_squre_1/U0/i_mult/gLUT.gLUT_speed.iLUT/plusOp9[16]
    SLICE_X25Y92         FDRE                                         r  u_Demodulation/u_mult_squre_1/U0/i_mult/gLUT.gLUT_speed.iLUT/NxM_mult.stage_3_add.stage_3_pipeline.s3_add_out_reg[0][24]/D
  -------------------------------------------------------------------    -------------------

                         (clock clk_125M_clk_wiz_0 rise edge)
                                                      8.000     8.000 r  
    W19                                               0.000     8.000 r  clk_50M (IN)
                         net (fo=0)                   0.000     8.000    clk_u0/inst/clk_in1
    W19                  IBUF (Prop_ibuf_I_O)         1.438     9.438 r  clk_u0/inst/clkin1_ibufg/O
                         net (fo=1, routed)           1.162    10.600    clk_u0/inst/clk_in1_clk_wiz_0
    MMCME2_ADV_X0Y2      MMCME2_ADV (Prop_mmcme2_adv_CLKIN1_CLKOUT0)
                                                     -7.729     2.871 r  clk_u0/inst/mmcm_adv_inst/CLKOUT0
                         net (fo=1, routed)           1.760     4.631    clk_u0/inst/clk_125M_clk_wiz_0
    BUFGCTRL_X0Y0        BUFG (Prop_bufg_I_O)         0.091     4.722 r  clk_u0/inst/clkout1_buf/O
                         net (fo=9233, routed)        1.809     6.531    u_Demodulation/u_mult_squre_1/U0/i_mult/gLUT.gLUT_speed.iLUT/CLK
    SLICE_X25Y92         FDRE                                         r  u_Demodulation/u_mult_squre_1/U0/i_mult/gLUT.gLUT_speed.iLUT/NxM_mult.stage_3_add.stage_3_pipeline.s3_add_out_reg[0][24]/C
                         clock pessimism              0.563     7.094    
                         clock uncertainty           -0.085     7.010    
    SLICE_X25Y92         FDRE (Setup_fdre_C_D)        0.062     7.072    u_Demodulation/u_mult_squre_1/U0/i_mult/gLUT.gLUT_speed.iLUT/NxM_mult.stage_3_add.stage_3_pipeline.s3_add_out_reg[0][24]
  -------------------------------------------------------------------
                         required time                          7.072    
                         arrival time                          -7.326    
  -------------------------------------------------------------------
                         slack                                 -0.254    

Slack (VIOLATED) :        -0.150ns  (required time - arrival time)
  Source:                 u_Demodulation/u_LPF_I/U0/i_synth/g_single_rate.i_single_rate/g_m_data_chan_no_fifo.m_axis_data_tdata_int_reg[23]/C
                            (rising edge-triggered cell FDRE clocked by clk_125M_clk_wiz_0  {rise@0.000ns fall@4.000ns period=8.000ns})
  Destination:            u_Demodulation/u_mult_squre_1/U0/i_mult/gLUT.gLUT_speed.iLUT/NxM_mult.stage_3_add.stage_3_pipeline.s3_add_out_reg[0][21]/D
                            (rising edge-triggered cell FDRE clocked by clk_125M_clk_wiz_0  {rise@0.000ns fall@4.000ns period=8.000ns})
  Path Group:             clk_125M_clk_wiz_0
  Path Type:              Setup (Max at Slow Process Corner)
  Requirement:            8.000ns  (clk_125M_clk_wiz_0 rise@8.000ns - clk_125M_clk_wiz_0 rise@0.000ns)
  Data Path Delay:        8.086ns  (logic 5.007ns (61.925%)  route 3.079ns (38.075%))
  Logic Levels:           12  (CARRY4=8 LUT2=3 LUT4=1)
  Clock Path Skew:        -0.042ns (DCD - SCD + CPR)
    Destination Clock Delay (DCD):    -1.469ns = ( 6.531 - 8.000 ) 
    Source Clock Delay      (SCD):    -0.864ns
    Clock Pessimism Removal (CPR):    0.563ns
  Clock Uncertainty:      0.085ns  ((TSJ^2 + DJ^2)^1/2) / 2 + PE
    Total System Jitter     (TSJ):    0.071ns
    Discrete Jitter          (DJ):    0.154ns
    Phase Error              (PE):    0.000ns

    Location             Delay type                Incr(ns)  Path(ns)    Netlist Resource(s)
  -------------------------------------------------------------------    -------------------
                         (clock clk_125M_clk_wiz_0 rise edge)
                                                      0.000     0.000 r  
    W19                                               0.000     0.000 r  clk_50M (IN)
                         net (fo=0)                   0.000     0.000    clk_u0/inst/clk_in1
    W19                  IBUF (Prop_ibuf_I_O)         1.509     1.509 r  clk_u0/inst/clkin1_ibufg/O
                         net (fo=1, routed)           1.233     2.742    clk_u0/inst/clk_in1_clk_wiz_0
    MMCME2_ADV_X0Y2      MMCME2_ADV (Prop_mmcme2_adv_CLKIN1_CLKOUT0)
                                                     -7.485    -4.742 r  clk_u0/inst/mmcm_adv_inst/CLKOUT0
                         net (fo=1, routed)           1.843    -2.899    clk_u0/inst/clk_125M_clk_wiz_0
    BUFGCTRL_X0Y0        BUFG (Prop_bufg_I_O)         0.096    -2.803 r  clk_u0/inst/clkout1_buf/O
                         net (fo=9233, routed)        1.939    -0.864    u_Demodulation/u_LPF_I/U0/i_synth/g_single_rate.i_single_rate/aclk
    SLICE_X23Y87         FDRE                                         r  u_Demodulation/u_LPF_I/U0/i_synth/g_single_rate.i_single_rate/g_m_data_chan_no_fifo.m_axis_data_tdata_int_reg[23]/C
  -------------------------------------------------------------------    -------------------
    SLICE_X23Y87         FDRE (Prop_fdre_C_Q)         0.456    -0.408 r  u_Demodulation/u_LPF_I/U0/i_synth/g_single_rate.i_single_rate/g_m_data_chan_no_fifo.m_axis_data_tdata_int_reg[23]/Q
                         net (fo=38, routed)          0.891     0.483    u_Demodulation/u_mult_squre_1/U0/i_mult/gLUT.gLUT_speed.iLUT/B[2]
    SLICE_X21Y87         LUT4 (Prop_lut4_I0_O)        0.124     0.607 r  u_Demodulation/u_mult_squre_1/U0/i_mult/gLUT.gLUT_speed.iLUT/NxM_mult.ppgen[1].carrychain[1].ppadd.b_is_even.stageN.muxcy0_i_1/O
                         net (fo=1, routed)           0.000     0.607    u_Demodulation/u_mult_squre_1/U0/i_mult/gLUT.gLUT_speed.iLUT/NxM_mult.ppgen[1].carrychain[1].ppadd.b_is_even.stageN.lut_sig
    SLICE_X21Y87         CARRY4 (Prop_carry4_S[1]_CO[3])
                                                      0.550     1.157 r  u_Demodulation/u_mult_squre_1/U0/i_mult/gLUT.gLUT_speed.iLUT/NxM_mult.ppgen[1].carrychain[0].ppadd.b_is_even.stageLSB.muxcy00_CARRY4/CO[3]
                         net (fo=1, routed)           0.000     1.157    u_Demodulation/u_mult_squre_1/U0/i_mult/gLUT.gLUT_speed.iLUT/pp_cout[1]_3
    SLICE_X21Y88         CARRY4 (Prop_carry4_CI_O[1])
                                                      0.334     1.491 r  u_Demodulation/u_mult_squre_1/U0/i_mult/gLUT.gLUT_speed.iLUT/NxM_mult.ppgen[1].carrychain[4].ppadd.b_is_even.stageN.muxcy0_CARRY4/O[1]
                         net (fo=1, routed)           0.807     2.298    u_Demodulation/u_mult_squre_1/U0/i_mult/gLUT.gLUT_speed.iLUT/pp_out[1]_1[5]
    SLICE_X24Y88         LUT2 (Prop_lut2_I1_O)        0.303     2.601 r  u_Demodulation/u_mult_squre_1/U0/i_mult/gLUT.gLUT_speed.iLUT/plusOp_carry__0_i_3/O
                         net (fo=1, routed)           0.000     2.601    u_Demodulation/u_mult_squre_1/U0/i_mult/gLUT.gLUT_speed.iLUT/plusOp_carry__0_i_3_n_0
    SLICE_X24Y88         CARRY4 (Prop_carry4_S[1]_CO[3])
                                                      0.550     3.151 r  u_Demodulation/u_mult_squre_1/U0/i_mult/gLUT.gLUT_speed.iLUT/plusOp_carry__0/CO[3]
                         net (fo=1, routed)           0.000     3.151    u_Demodulation/u_mult_squre_1/U0/i_mult/gLUT.gLUT_speed.iLUT/plusOp_carry__0_n_0
    SLICE_X24Y89         CARRY4 (Prop_carry4_CI_O[3])
                                                      0.313     3.464 r  u_Demodulation/u_mult_squre_1/U0/i_mult/gLUT.gLUT_speed.iLUT/plusOp_carry__1/O[3]
                         net (fo=2, routed)           0.638     4.103    u_Demodulation/u_mult_squre_1/U0/i_mult/gLUT.gLUT_speed.iLUT/plusOp[11]
    SLICE_X24Y93         LUT2 (Prop_lut2_I0_O)        0.306     4.409 r  u_Demodulation/u_mult_squre_1/U0/i_mult/gLUT.gLUT_speed.iLUT/plusOp__91_carry__1_i_3/O
                         net (fo=1, routed)           0.000     4.409    u_Demodulation/u_mult_squre_1/U0/i_mult/gLUT.gLUT_speed.iLUT/plusOp__91_carry__1_i_3_n_0
    SLICE_X24Y93         CARRY4 (Prop_carry4_S[1]_CO[3])
                                                      0.550     4.959 r  u_Demodulation/u_mult_squre_1/U0/i_mult/gLUT.gLUT_speed.iLUT/plusOp__91_carry__1/CO[3]
                         net (fo=1, routed)           0.000     4.959    u_Demodulation/u_mult_squre_1/U0/i_mult/gLUT.gLUT_speed.iLUT/plusOp__91_carry__1_n_0
    SLICE_X24Y94         CARRY4 (Prop_carry4_CI_O[1])
                                                      0.334     5.293 r  u_Demodulation/u_mult_squre_1/U0/i_mult/gLUT.gLUT_speed.iLUT/plusOp__91_carry__2/O[1]
                         net (fo=2, routed)           0.742     6.035    u_Demodulation/u_mult_squre_1/U0/i_mult/gLUT.gLUT_speed.iLUT/plusOp5__0[13]
    SLICE_X25Y90         LUT2 (Prop_lut2_I0_O)        0.303     6.338 r  u_Demodulation/u_mult_squre_1/U0/i_mult/gLUT.gLUT_speed.iLUT/plusOp__237_carry__1_i_3/O
                         net (fo=1, routed)           0.000     6.338    u_Demodulation/u_mult_squre_1/U0/i_mult/gLUT.gLUT_speed.iLUT/plusOp__237_carry__1_i_3_n_0
    SLICE_X25Y90         CARRY4 (Prop_carry4_S[1]_CO[3])
                                                      0.550     6.888 r  u_Demodulation/u_mult_squre_1/U0/i_mult/gLUT.gLUT_speed.iLUT/plusOp__237_carry__1/CO[3]
                         net (fo=1, routed)           0.000     6.888    u_Demodulation/u_mult_squre_1/U0/i_mult/gLUT.gLUT_speed.iLUT/plusOp__237_carry__1_n_0
    SLICE_X25Y91         CARRY4 (Prop_carry4_CI_O[1])
                                                      0.334     7.222 r  u_Demodulation/u_mult_squre_1/U0/i_mult/gLUT.gLUT_speed.iLUT/plusOp__237_carry__2/O[1]
                         net (fo=1, routed)           0.000     7.222    u_Demodulation/u_mult_squre_1/U0/i_mult/gLUT.gLUT_speed.iLUT/plusOp9[13]
    SLICE_X25Y91         FDRE                                         r  u_Demodulation/u_mult_squre_1/U0/i_mult/gLUT.gLUT_speed.iLUT/NxM_mult.stage_3_add.stage_3_pipeline.s3_add_out_reg[0][21]/D
  -------------------------------------------------------------------    -------------------

                         (clock clk_125M_clk_wiz_0 rise edge)
                                                      8.000     8.000 r  
    W19                                               0.000     8.000 r  clk_50M (IN)
                         net (fo=0)                   0.000     8.000    clk_u0/inst/clk_in1
    W19                  IBUF (Prop_ibuf_I_O)         1.438     9.438 r  clk_u0/inst/clkin1_ibufg/O
                         net (fo=1, routed)           1.162    10.600    clk_u0/inst/clk_in1_clk_wiz_0
    MMCME2_ADV_X0Y2      MMCME2_ADV (Prop_mmcme2_adv_CLKIN1_CLKOUT0)
                                                     -7.729     2.871 r  clk_u0/inst/mmcm_adv_inst/CLKOUT0
                         net (fo=1, routed)           1.760     4.631    clk_u0/inst/clk_125M_clk_wiz_0
    BUFGCTRL_X0Y0        BUFG (Prop_bufg_I_O)         0.091     4.722 r  clk_u0/inst/clkout1_buf/O
                         net (fo=9233, routed)        1.809     6.531    u_Demodulation/u_mult_squre_1/U0/i_mult/gLUT.gLUT_speed.iLUT/CLK
    SLICE_X25Y91         FDRE                                         r  u_Demodulation/u_mult_squre_1/U0/i_mult/gLUT.gLUT_speed.iLUT/NxM_mult.stage_3_add.stage_3_pipeline.s3_add_out_reg[0][21]/C
                         clock pessimism              0.563     7.094    
                         clock uncertainty           -0.085     7.010    
    SLICE_X25Y91         FDRE (Setup_fdre_C_D)        0.062     7.072    u_Demodulation/u_mult_squre_1/U0/i_mult/gLUT.gLUT_speed.iLUT/NxM_mult.stage_3_add.stage_3_pipeline.s3_add_out_reg[0][21]
  -------------------------------------------------------------------
                         required time                          7.072    
                         arrival time                          -7.222    
  -------------------------------------------------------------------
                         slack                                 -0.150    

Slack (VIOLATED) :        -0.129ns  (required time - arrival time)
  Source:                 u_Demodulation/u_LPF_I/U0/i_synth/g_single_rate.i_single_rate/g_m_data_chan_no_fifo.m_axis_data_tdata_int_reg[23]/C
                            (rising edge-triggered cell FDRE clocked by clk_125M_clk_wiz_0  {rise@0.000ns fall@4.000ns period=8.000ns})
  Destination:            u_Demodulation/u_mult_squre_1/U0/i_mult/gLUT.gLUT_speed.iLUT/NxM_mult.stage_3_add.stage_3_pipeline.s3_add_out_reg[0][23]/D
                            (rising edge-triggered cell FDRE clocked by clk_125M_clk_wiz_0  {rise@0.000ns fall@4.000ns period=8.000ns})
  Path Group:             clk_125M_clk_wiz_0
  Path Type:              Setup (Max at Slow Process Corner)
  Requirement:            8.000ns  (clk_125M_clk_wiz_0 rise@8.000ns - clk_125M_clk_wiz_0 rise@0.000ns)
  Data Path Delay:        8.065ns  (logic 4.986ns (61.826%)  route 3.079ns (38.174%))
  Logic Levels:           12  (CARRY4=8 LUT2=3 LUT4=1)
  Clock Path Skew:        -0.042ns (DCD - SCD + CPR)
    Destination Clock Delay (DCD):    -1.469ns = ( 6.531 - 8.000 ) 
    Source Clock Delay      (SCD):    -0.864ns
    Clock Pessimism Removal (CPR):    0.563ns
  Clock Uncertainty:      0.085ns  ((TSJ^2 + DJ^2)^1/2) / 2 + PE
    Total System Jitter     (TSJ):    0.071ns
    Discrete Jitter          (DJ):    0.154ns
    Phase Error              (PE):    0.000ns

    Location             Delay type                Incr(ns)  Path(ns)    Netlist Resource(s)
  -------------------------------------------------------------------    -------------------
                         (clock clk_125M_clk_wiz_0 rise edge)
                                                      0.000     0.000 r  
    W19                                               0.000     0.000 r  clk_50M (IN)
                         net (fo=0)                   0.000     0.000    clk_u0/inst/clk_in1
    W19                  IBUF (Prop_ibuf_I_O)         1.509     1.509 r  clk_u0/inst/clkin1_ibufg/O
                         net (fo=1, routed)           1.233     2.742    clk_u0/inst/clk_in1_clk_wiz_0
    MMCME2_ADV_X0Y2      MMCME2_ADV (Prop_mmcme2_adv_CLKIN1_CLKOUT0)
                                                     -7.485    -4.742 r  clk_u0/inst/mmcm_adv_inst/CLKOUT0
                         net (fo=1, routed)           1.843    -2.899    clk_u0/inst/clk_125M_clk_wiz_0
    BUFGCTRL_X0Y0        BUFG (Prop_bufg_I_O)         0.096    -2.803 r  clk_u0/inst/clkout1_buf/O
                         net (fo=9233, routed)        1.939    -0.864    u_Demodulation/u_LPF_I/U0/i_synth/g_single_rate.i_single_rate/aclk
    SLICE_X23Y87         FDRE                                         r  u_Demodulation/u_LPF_I/U0/i_synth/g_single_rate.i_single_rate/g_m_data_chan_no_fifo.m_axis_data_tdata_int_reg[23]/C
  -------------------------------------------------------------------    -------------------
    SLICE_X23Y87         FDRE (Prop_fdre_C_Q)         0.456    -0.408 r  u_Demodulation/u_LPF_I/U0/i_synth/g_single_rate.i_single_rate/g_m_data_chan_no_fifo.m_axis_data_tdata_int_reg[23]/Q
                         net (fo=38, routed)          0.891     0.483    u_Demodulation/u_mult_squre_1/U0/i_mult/gLUT.gLUT_speed.iLUT/B[2]
    SLICE_X21Y87         LUT4 (Prop_lut4_I0_O)        0.124     0.607 r  u_Demodulation/u_mult_squre_1/U0/i_mult/gLUT.gLUT_speed.iLUT/NxM_mult.ppgen[1].carrychain[1].ppadd.b_is_even.stageN.muxcy0_i_1/O
                         net (fo=1, routed)           0.000     0.607    u_Demodulation/u_mult_squre_1/U0/i_mult/gLUT.gLUT_speed.iLUT/NxM_mult.ppgen[1].carrychain[1].ppadd.b_is_even.stageN.lut_sig
    SLICE_X21Y87         CARRY4 (Prop_carry4_S[1]_CO[3])
                                                      0.550     1.157 r  u_Demodulation/u_mult_squre_1/U0/i_mult/gLUT.gLUT_speed.iLUT/NxM_mult.ppgen[1].carrychain[0].ppadd.b_is_even.stageLSB.muxcy00_CARRY4/CO[3]
                         net (fo=1, routed)           0.000     1.157    u_Demodulation/u_mult_squre_1/U0/i_mult/gLUT.gLUT_speed.iLUT/pp_cout[1]_3
    SLICE_X21Y88         CARRY4 (Prop_carry4_CI_O[1])
                                                      0.334     1.491 r  u_Demodulation/u_mult_squre_1/U0/i_mult/gLUT.gLUT_speed.iLUT/NxM_mult.ppgen[1].carrychain[4].ppadd.b_is_even.stageN.muxcy0_CARRY4/O[1]
                         net (fo=1, routed)           0.807     2.298    u_Demodulation/u_mult_squre_1/U0/i_mult/gLUT.gLUT_speed.iLUT/pp_out[1]_1[5]
    SLICE_X24Y88         LUT2 (Prop_lut2_I1_O)        0.303     2.601 r  u_Demodulation/u_mult_squre_1/U0/i_mult/gLUT.gLUT_speed.iLUT/plusOp_carry__0_i_3/O
                         net (fo=1, routed)           0.000     2.601    u_Demodulation/u_mult_squre_1/U0/i_mult/gLUT.gLUT_speed.iLUT/plusOp_carry__0_i_3_n_0
    SLICE_X24Y88         CARRY4 (Prop_carry4_S[1]_CO[3])
                                                      0.550     3.151 r  u_Demodulation/u_mult_squre_1/U0/i_mult/gLUT.gLUT_speed.iLUT/plusOp_carry__0/CO[3]
                         net (fo=1, routed)           0.000     3.151    u_Demodulation/u_mult_squre_1/U0/i_mult/gLUT.gLUT_speed.iLUT/plusOp_carry__0_n_0
    SLICE_X24Y89         CARRY4 (Prop_carry4_CI_O[3])
                                                      0.313     3.464 r  u_Demodulation/u_mult_squre_1/U0/i_mult/gLUT.gLUT_speed.iLUT/plusOp_carry__1/O[3]
                         net (fo=2, routed)           0.638     4.103    u_Demodulation/u_mult_squre_1/U0/i_mult/gLUT.gLUT_speed.iLUT/plusOp[11]
    SLICE_X24Y93         LUT2 (Prop_lut2_I0_O)        0.306     4.409 r  u_Demodulation/u_mult_squre_1/U0/i_mult/gLUT.gLUT_speed.iLUT/plusOp__91_carry__1_i_3/O
                         net (fo=1, routed)           0.000     4.409    u_Demodulation/u_mult_squre_1/U0/i_mult/gLUT.gLUT_speed.iLUT/plusOp__91_carry__1_i_3_n_0
    SLICE_X24Y93         CARRY4 (Prop_carry4_S[1]_CO[3])
                                                      0.550     4.959 r  u_Demodulation/u_mult_squre_1/U0/i_mult/gLUT.gLUT_speed.iLUT/plusOp__91_carry__1/CO[3]
                         net (fo=1, routed)           0.000     4.959    u_Demodulation/u_mult_squre_1/U0/i_mult/gLUT.gLUT_speed.iLUT/plusOp__91_carry__1_n_0
    SLICE_X24Y94         CARRY4 (Prop_carry4_CI_O[1])
                                                      0.334     5.293 r  u_Demodulation/u_mult_squre_1/U0/i_mult/gLUT.gLUT_speed.iLUT/plusOp__91_carry__2/O[1]
                         net (fo=2, routed)           0.742     6.035    u_Demodulation/u_mult_squre_1/U0/i_mult/gLUT.gLUT_speed.iLUT/plusOp5__0[13]
    SLICE_X25Y90         LUT2 (Prop_lut2_I0_O)        0.303     6.338 r  u_Demodulation/u_mult_squre_1/U0/i_mult/gLUT.gLUT_speed.iLUT/plusOp__237_carry__1_i_3/O
                         net (fo=1, routed)           0.000     6.338    u_Demodulation/u_mult_squre_1/U0/i_mult/gLUT.gLUT_speed.iLUT/plusOp__237_carry__1_i_3_n_0
    SLICE_X25Y90         CARRY4 (Prop_carry4_S[1]_CO[3])
                                                      0.550     6.888 r  u_Demodulation/u_mult_squre_1/U0/i_mult/gLUT.gLUT_speed.iLUT/plusOp__237_carry__1/CO[3]
                         net (fo=1, routed)           0.000     6.888    u_Demodulation/u_mult_squre_1/U0/i_mult/gLUT.gLUT_speed.iLUT/plusOp__237_carry__1_n_0
    SLICE_X25Y91         CARRY4 (Prop_carry4_CI_O[3])
                                                      0.313     7.201 r  u_Demodulation/u_mult_squre_1/U0/i_mult/gLUT.gLUT_speed.iLUT/plusOp__237_carry__2/O[3]
                         net (fo=1, routed)           0.000     7.201    u_Demodulation/u_mult_squre_1/U0/i_mult/gLUT.gLUT_speed.iLUT/plusOp9[15]
    SLICE_X25Y91         FDRE                                         r  u_Demodulation/u_mult_squre_1/U0/i_mult/gLUT.gLUT_speed.iLUT/NxM_mult.stage_3_add.stage_3_pipeline.s3_add_out_reg[0][23]/D
  -------------------------------------------------------------------    -------------------

                         (clock clk_125M_clk_wiz_0 rise edge)
                                                      8.000     8.000 r  
    W19                                               0.000     8.000 r  clk_50M (IN)
                         net (fo=0)                   0.000     8.000    clk_u0/inst/clk_in1
    W19                  IBUF (Prop_ibuf_I_O)         1.438     9.438 r  clk_u0/inst/clkin1_ibufg/O
                         net (fo=1, routed)           1.162    10.600    clk_u0/inst/clk_in1_clk_wiz_0
    MMCME2_ADV_X0Y2      MMCME2_ADV (Prop_mmcme2_adv_CLKIN1_CLKOUT0)
                                                     -7.729     2.871 r  clk_u0/inst/mmcm_adv_inst/CLKOUT0
                         net (fo=1, routed)           1.760     4.631    clk_u0/inst/clk_125M_clk_wiz_0
    BUFGCTRL_X0Y0        BUFG (Prop_bufg_I_O)         0.091     4.722 r  clk_u0/inst/clkout1_buf/O
                         net (fo=9233, routed)        1.809     6.531    u_Demodulation/u_mult_squre_1/U0/i_mult/gLUT.gLUT_speed.iLUT/CLK
    SLICE_X25Y91         FDRE                                         r  u_Demodulation/u_mult_squre_1/U0/i_mult/gLUT.gLUT_speed.iLUT/NxM_mult.stage_3_add.stage_3_pipeline.s3_add_out_reg[0][23]/C
                         clock pessimism              0.563     7.094    
                         clock uncertainty           -0.085     7.010    
    SLICE_X25Y91         FDRE (Setup_fdre_C_D)        0.062     7.072    u_Demodulation/u_mult_squre_1/U0/i_mult/gLUT.gLUT_speed.iLUT/NxM_mult.stage_3_add.stage_3_pipeline.s3_add_out_reg[0][23]
  -------------------------------------------------------------------
                         required time                          7.072    
                         arrival time                          -7.201    
  -------------------------------------------------------------------
                         slack                                 -0.129    

Slack (VIOLATED) :        -0.061ns  (required time - arrival time)
  Source:                 u_Demodulation/u_LPF_I/U0/i_synth/g_single_rate.i_single_rate/g_m_data_chan_no_fifo.m_axis_data_tdata_int_reg[22]/C
                            (rising edge-triggered cell FDRE clocked by clk_125M_clk_wiz_0  {rise@0.000ns fall@4.000ns period=8.000ns})
  Destination:            u_Demodulation/u_mult_squre_1/U0/i_mult/gLUT.gLUT_speed.iLUT/NxM_mult.stage_3_add.stage_3_pipeline.s3_add_out_reg[0][22]/D
                            (rising edge-triggered cell FDRE clocked by clk_125M_clk_wiz_0  {rise@0.000ns fall@4.000ns period=8.000ns})
  Path Group:             clk_125M_clk_wiz_0
  Path Type:              Setup (Max at Slow Process Corner)
  Requirement:            8.000ns  (clk_125M_clk_wiz_0 rise@8.000ns - clk_125M_clk_wiz_0 rise@0.000ns)
  Data Path Delay:        7.996ns  (logic 4.689ns (58.641%)  route 3.307ns (41.359%))
  Logic Levels:           11  (CARRY4=7 LUT2=3 LUT4=1)
  Clock Path Skew:        -0.042ns (DCD - SCD + CPR)
    Destination Clock Delay (DCD):    -1.469ns = ( 6.531 - 8.000 ) 
    Source Clock Delay      (SCD):    -0.864ns
    Clock Pessimism Removal (CPR):    0.563ns
  Clock Uncertainty:      0.085ns  ((TSJ^2 + DJ^2)^1/2) / 2 + PE
    Total System Jitter     (TSJ):    0.071ns
    Discrete Jitter          (DJ):    0.154ns
    Phase Error              (PE):    0.000ns

    Location             Delay type                Incr(ns)  Path(ns)    Netlist Resource(s)
  -------------------------------------------------------------------    -------------------
                         (clock clk_125M_clk_wiz_0 rise edge)
                                                      0.000     0.000 r  
    W19                                               0.000     0.000 r  clk_50M (IN)
                         net (fo=0)                   0.000     0.000    clk_u0/inst/clk_in1
    W19                  IBUF (Prop_ibuf_I_O)         1.509     1.509 r  clk_u0/inst/clkin1_ibufg/O
                         net (fo=1, routed)           1.233     2.742    clk_u0/inst/clk_in1_clk_wiz_0
    MMCME2_ADV_X0Y2      MMCME2_ADV (Prop_mmcme2_adv_CLKIN1_CLKOUT0)
                                                     -7.485    -4.742 r  clk_u0/inst/mmcm_adv_inst/CLKOUT0
                         net (fo=1, routed)           1.843    -2.899    clk_u0/inst/clk_125M_clk_wiz_0
    BUFGCTRL_X0Y0        BUFG (Prop_bufg_I_O)         0.096    -2.803 r  clk_u0/inst/clkout1_buf/O
                         net (fo=9233, routed)        1.939    -0.864    u_Demodulation/u_LPF_I/U0/i_synth/g_single_rate.i_single_rate/aclk
    SLICE_X23Y87         FDRE                                         r  u_Demodulation/u_LPF_I/U0/i_synth/g_single_rate.i_single_rate/g_m_data_chan_no_fifo.m_axis_data_tdata_int_reg[22]/C
  -------------------------------------------------------------------    -------------------
    SLICE_X23Y87         FDRE (Prop_fdre_C_Q)         0.456    -0.408 r  u_Demodulation/u_LPF_I/U0/i_synth/g_single_rate.i_single_rate/g_m_data_chan_no_fifo.m_axis_data_tdata_int_reg[22]/Q
                         net (fo=49, routed)          1.108     0.700    u_Demodulation/u_mult_squre_1/U0/i_mult/gLUT.gLUT_speed.iLUT/A[1]
    SLICE_X23Y90         LUT4 (Prop_lut4_I1_O)        0.124     0.824 r  u_Demodulation/u_mult_squre_1/U0/i_mult/gLUT.gLUT_speed.iLUT/NxM_mult.ppgen[3].carrychain[1].ppadd.b_is_even.stageN.muxcy0_i_1/O
                         net (fo=1, routed)           0.000     0.824    u_Demodulation/u_mult_squre_1/U0/i_mult/gLUT.gLUT_speed.iLUT/NxM_mult.ppgen[3].carrychain[1].ppadd.b_is_even.stageN.lut_sig
    SLICE_X23Y90         CARRY4 (Prop_carry4_S[1]_CO[3])
                                                      0.550     1.374 r  u_Demodulation/u_mult_squre_1/U0/i_mult/gLUT.gLUT_speed.iLUT/NxM_mult.ppgen[3].carrychain[0].ppadd.b_is_even.stageLSB.muxcy00_CARRY4/CO[3]
                         net (fo=1, routed)           0.000     1.374    u_Demodulation/u_mult_squre_1/U0/i_mult/gLUT.gLUT_speed.iLUT/pp_cout[3]_3
    SLICE_X23Y91         CARRY4 (Prop_carry4_CI_O[1])
                                                      0.334     1.708 r  u_Demodulation/u_mult_squre_1/U0/i_mult/gLUT.gLUT_speed.iLUT/NxM_mult.ppgen[3].carrychain[4].ppadd.b_is_even.stageN.muxcy0_CARRY4/O[1]
                         net (fo=1, routed)           0.713     2.421    u_Demodulation/u_mult_squre_1/U0/i_mult/gLUT.gLUT_speed.iLUT/pp_out[3]_3[5]
    SLICE_X22Y92         LUT2 (Prop_lut2_I1_O)        0.303     2.724 r  u_Demodulation/u_mult_squre_1/U0/i_mult/gLUT.gLUT_speed.iLUT/plusOp__45_carry__0_i_3/O
                         net (fo=1, routed)           0.000     2.724    u_Demodulation/u_mult_squre_1/U0/i_mult/gLUT.gLUT_speed.iLUT/plusOp__45_carry__0_i_3_n_0
    SLICE_X22Y92         CARRY4 (Prop_carry4_S[1]_CO[3])
                                                      0.533     3.257 r  u_Demodulation/u_mult_squre_1/U0/i_mult/gLUT.gLUT_speed.iLUT/plusOp__45_carry__0/CO[3]
                         net (fo=1, routed)           0.000     3.257    u_Demodulation/u_mult_squre_1/U0/i_mult/gLUT.gLUT_speed.iLUT/plusOp__45_carry__0_n_0
    SLICE_X22Y93         CARRY4 (Prop_carry4_CI_O[3])
                                                      0.315     3.572 r  u_Demodulation/u_mult_squre_1/U0/i_mult/gLUT.gLUT_speed.iLUT/plusOp__45_carry__1/O[3]
                         net (fo=4, routed)           0.837     4.409    u_Demodulation/u_mult_squre_1/U0/i_mult/gLUT.gLUT_speed.iLUT/plusOp1[11]
    SLICE_X24Y94         LUT2 (Prop_lut2_I0_O)        0.307     4.716 r  u_Demodulation/u_mult_squre_1/U0/i_mult/gLUT.gLUT_speed.iLUT/plusOp__91_carry__2_i_4/O
                         net (fo=1, routed)           0.000     4.716    u_Demodulation/u_mult_squre_1/U0/i_mult/gLUT.gLUT_speed.iLUT/plusOp__91_carry__2_i_4_n_0
    SLICE_X24Y94         CARRY4 (Prop_carry4_S[1]_CO[3])
                                                      0.550     5.266 r  u_Demodulation/u_mult_squre_1/U0/i_mult/gLUT.gLUT_speed.iLUT/plusOp__91_carry__2/CO[3]
                         net (fo=1, routed)           0.000     5.266    u_Demodulation/u_mult_squre_1/U0/i_mult/gLUT.gLUT_speed.iLUT/plusOp__91_carry__2_n_0
    SLICE_X24Y95         CARRY4 (Prop_carry4_CI_O[1])
                                                      0.334     5.600 r  u_Demodulation/u_mult_squre_1/U0/i_mult/gLUT.gLUT_speed.iLUT/plusOp__91_carry__3/O[1]
                         net (fo=2, routed)           0.650     6.250    u_Demodulation/u_mult_squre_1/U0/i_mult/gLUT.gLUT_speed.iLUT/plusOp5__0[17]
    SLICE_X25Y91         LUT2 (Prop_lut2_I0_O)        0.303     6.553 r  u_Demodulation/u_mult_squre_1/U0/i_mult/gLUT.gLUT_speed.iLUT/plusOp__237_carry__2_i_3/O
                         net (fo=1, routed)           0.000     6.553    u_Demodulation/u_mult_squre_1/U0/i_mult/gLUT.gLUT_speed.iLUT/plusOp__237_carry__2_i_3_n_0
    SLICE_X25Y91         CARRY4 (Prop_carry4_S[1]_O[2])
                                                      0.580     7.133 r  u_Demodulation/u_mult_squre_1/U0/i_mult/gLUT.gLUT_speed.iLUT/plusOp__237_carry__2/O[2]
                         net (fo=1, routed)           0.000     7.133    u_Demodulation/u_mult_squre_1/U0/i_mult/gLUT.gLUT_speed.iLUT/plusOp9[14]
    SLICE_X25Y91         FDRE                                         r  u_Demodulation/u_mult_squre_1/U0/i_mult/gLUT.gLUT_speed.iLUT/NxM_mult.stage_3_add.stage_3_pipeline.s3_add_out_reg[0][22]/D
  -------------------------------------------------------------------    -------------------

                         (clock clk_125M_clk_wiz_0 rise edge)
                                                      8.000     8.000 r  
    W19                                               0.000     8.000 r  clk_50M (IN)
                         net (fo=0)                   0.000     8.000    clk_u0/inst/clk_in1
    W19                  IBUF (Prop_ibuf_I_O)         1.438     9.438 r  clk_u0/inst/clkin1_ibufg/O
                         net (fo=1, routed)           1.162    10.600    clk_u0/inst/clk_in1_clk_wiz_0
    MMCME2_ADV_X0Y2      MMCME2_ADV (Prop_mmcme2_adv_CLKIN1_CLKOUT0)
                                                     -7.729     2.871 r  clk_u0/inst/mmcm_adv_inst/CLKOUT0
                         net (fo=1, routed)           1.760     4.631    clk_u0/inst/clk_125M_clk_wiz_0
    BUFGCTRL_X0Y0        BUFG (Prop_bufg_I_O)         0.091     4.722 r  clk_u0/inst/clkout1_buf/O
                         net (fo=9233, routed)        1.809     6.531    u_Demodulation/u_mult_squre_1/U0/i_mult/gLUT.gLUT_speed.iLUT/CLK
    SLICE_X25Y91         FDRE                                         r  u_Demodulation/u_mult_squre_1/U0/i_mult/gLUT.gLUT_speed.iLUT/NxM_mult.stage_3_add.stage_3_pipeline.s3_add_out_reg[0][22]/C
                         clock pessimism              0.563     7.094    
                         clock uncertainty           -0.085     7.010    
    SLICE_X25Y91         FDRE (Setup_fdre_C_D)        0.062     7.072    u_Demodulation/u_mult_squre_1/U0/i_mult/gLUT.gLUT_speed.iLUT/NxM_mult.stage_3_add.stage_3_pipeline.s3_add_out_reg[0][22]
  -------------------------------------------------------------------
                         required time                          7.072    
                         arrival time                          -7.133    
  -------------------------------------------------------------------
                         slack                                 -0.061    

Slack (VIOLATED) :        -0.039ns  (required time - arrival time)
  Source:                 u_Demodulation/u_LPF_I/U0/i_synth/g_single_rate.i_single_rate/g_m_data_chan_no_fifo.m_axis_data_tdata_int_reg[23]/C
                            (rising edge-triggered cell FDRE clocked by clk_125M_clk_wiz_0  {rise@0.000ns fall@4.000ns period=8.000ns})
  Destination:            u_Demodulation/u_mult_squre_1/U0/i_mult/gLUT.gLUT_speed.iLUT/NxM_mult.stage_3_add.stage_3_pipeline.s3_add_out_reg[0][20]/D
                            (rising edge-triggered cell FDRE clocked by clk_125M_clk_wiz_0  {rise@0.000ns fall@4.000ns period=8.000ns})
  Path Group:             clk_125M_clk_wiz_0
  Path Type:              Setup (Max at Slow Process Corner)
  Requirement:            8.000ns  (clk_125M_clk_wiz_0 rise@8.000ns - clk_125M_clk_wiz_0 rise@0.000ns)
  Data Path Delay:        7.975ns  (logic 4.896ns (61.395%)  route 3.079ns (38.605%))
  Logic Levels:           12  (CARRY4=8 LUT2=3 LUT4=1)
  Clock Path Skew:        -0.042ns (DCD - SCD + CPR)
    Destination Clock Delay (DCD):    -1.469ns = ( 6.531 - 8.000 ) 
    Source Clock Delay      (SCD):    -0.864ns
    Clock Pessimism Removal (CPR):    0.563ns
  Clock Uncertainty:      0.085ns  ((TSJ^2 + DJ^2)^1/2) / 2 + PE
    Total System Jitter     (TSJ):    0.071ns
    Discrete Jitter          (DJ):    0.154ns
    Phase Error              (PE):    0.000ns

    Location             Delay type                Incr(ns)  Path(ns)    Netlist Resource(s)
  -------------------------------------------------------------------    -------------------
                         (clock clk_125M_clk_wiz_0 rise edge)
                                                      0.000     0.000 r  
    W19                                               0.000     0.000 r  clk_50M (IN)
                         net (fo=0)                   0.000     0.000    clk_u0/inst/clk_in1
    W19                  IBUF (Prop_ibuf_I_O)         1.509     1.509 r  clk_u0/inst/clkin1_ibufg/O
                         net (fo=1, routed)           1.233     2.742    clk_u0/inst/clk_in1_clk_wiz_0
    MMCME2_ADV_X0Y2      MMCME2_ADV (Prop_mmcme2_adv_CLKIN1_CLKOUT0)
                                                     -7.485    -4.742 r  clk_u0/inst/mmcm_adv_inst/CLKOUT0
                         net (fo=1, routed)           1.843    -2.899    clk_u0/inst/clk_125M_clk_wiz_0
    BUFGCTRL_X0Y0        BUFG (Prop_bufg_I_O)         0.096    -2.803 r  clk_u0/inst/clkout1_buf/O
                         net (fo=9233, routed)        1.939    -0.864    u_Demodulation/u_LPF_I/U0/i_synth/g_single_rate.i_single_rate/aclk
    SLICE_X23Y87         FDRE                                         r  u_Demodulation/u_LPF_I/U0/i_synth/g_single_rate.i_single_rate/g_m_data_chan_no_fifo.m_axis_data_tdata_int_reg[23]/C
  -------------------------------------------------------------------    -------------------
    SLICE_X23Y87         FDRE (Prop_fdre_C_Q)         0.456    -0.408 r  u_Demodulation/u_LPF_I/U0/i_synth/g_single_rate.i_single_rate/g_m_data_chan_no_fifo.m_axis_data_tdata_int_reg[23]/Q
                         net (fo=38, routed)          0.891     0.483    u_Demodulation/u_mult_squre_1/U0/i_mult/gLUT.gLUT_speed.iLUT/B[2]
    SLICE_X21Y87         LUT4 (Prop_lut4_I0_O)        0.124     0.607 r  u_Demodulation/u_mult_squre_1/U0/i_mult/gLUT.gLUT_speed.iLUT/NxM_mult.ppgen[1].carrychain[1].ppadd.b_is_even.stageN.muxcy0_i_1/O
                         net (fo=1, routed)           0.000     0.607    u_Demodulation/u_mult_squre_1/U0/i_mult/gLUT.gLUT_speed.iLUT/NxM_mult.ppgen[1].carrychain[1].ppadd.b_is_even.stageN.lut_sig
    SLICE_X21Y87         CARRY4 (Prop_carry4_S[1]_CO[3])
                                                      0.550     1.157 r  u_Demodulation/u_mult_squre_1/U0/i_mult/gLUT.gLUT_speed.iLUT/NxM_mult.ppgen[1].carrychain[0].ppadd.b_is_even.stageLSB.muxcy00_CARRY4/CO[3]
                         net (fo=1, routed)           0.000     1.157    u_Demodulation/u_mult_squre_1/U0/i_mult/gLUT.gLUT_speed.iLUT/pp_cout[1]_3
    SLICE_X21Y88         CARRY4 (Prop_carry4_CI_O[1])
                                                      0.334     1.491 r  u_Demodulation/u_mult_squre_1/U0/i_mult/gLUT.gLUT_speed.iLUT/NxM_mult.ppgen[1].carrychain[4].ppadd.b_is_even.stageN.muxcy0_CARRY4/O[1]
                         net (fo=1, routed)           0.807     2.298    u_Demodulation/u_mult_squre_1/U0/i_mult/gLUT.gLUT_speed.iLUT/pp_out[1]_1[5]
    SLICE_X24Y88         LUT2 (Prop_lut2_I1_O)        0.303     2.601 r  u_Demodulation/u_mult_squre_1/U0/i_mult/gLUT.gLUT_speed.iLUT/plusOp_carry__0_i_3/O
                         net (fo=1, routed)           0.000     2.601    u_Demodulation/u_mult_squre_1/U0/i_mult/gLUT.gLUT_speed.iLUT/plusOp_carry__0_i_3_n_0
    SLICE_X24Y88         CARRY4 (Prop_carry4_S[1]_CO[3])
                                                      0.550     3.151 r  u_Demodulation/u_mult_squre_1/U0/i_mult/gLUT.gLUT_speed.iLUT/plusOp_carry__0/CO[3]
                         net (fo=1, routed)           0.000     3.151    u_Demodulation/u_mult_squre_1/U0/i_mult/gLUT.gLUT_speed.iLUT/plusOp_carry__0_n_0
    SLICE_X24Y89         CARRY4 (Prop_carry4_CI_O[3])
                                                      0.313     3.464 r  u_Demodulation/u_mult_squre_1/U0/i_mult/gLUT.gLUT_speed.iLUT/plusOp_carry__1/O[3]
                         net (fo=2, routed)           0.638     4.103    u_Demodulation/u_mult_squre_1/U0/i_mult/gLUT.gLUT_speed.iLUT/plusOp[11]
    SLICE_X24Y93         LUT2 (Prop_lut2_I0_O)        0.306     4.409 r  u_Demodulation/u_mult_squre_1/U0/i_mult/gLUT.gLUT_speed.iLUT/plusOp__91_carry__1_i_3/O
                         net (fo=1, routed)           0.000     4.409    u_Demodulation/u_mult_squre_1/U0/i_mult/gLUT.gLUT_speed.iLUT/plusOp__91_carry__1_i_3_n_0
    SLICE_X24Y93         CARRY4 (Prop_carry4_S[1]_CO[3])
                                                      0.550     4.959 r  u_Demodulation/u_mult_squre_1/U0/i_mult/gLUT.gLUT_speed.iLUT/plusOp__91_carry__1/CO[3]
                         net (fo=1, routed)           0.000     4.959    u_Demodulation/u_mult_squre_1/U0/i_mult/gLUT.gLUT_speed.iLUT/plusOp__91_carry__1_n_0
    SLICE_X24Y94         CARRY4 (Prop_carry4_CI_O[1])
                                                      0.334     5.293 r  u_Demodulation/u_mult_squre_1/U0/i_mult/gLUT.gLUT_speed.iLUT/plusOp__91_carry__2/O[1]
                         net (fo=2, routed)           0.742     6.035    u_Demodulation/u_mult_squre_1/U0/i_mult/gLUT.gLUT_speed.iLUT/plusOp5__0[13]
    SLICE_X25Y90         LUT2 (Prop_lut2_I0_O)        0.303     6.338 r  u_Demodulation/u_mult_squre_1/U0/i_mult/gLUT.gLUT_speed.iLUT/plusOp__237_carry__1_i_3/O
                         net (fo=1, routed)           0.000     6.338    u_Demodulation/u_mult_squre_1/U0/i_mult/gLUT.gLUT_speed.iLUT/plusOp__237_carry__1_i_3_n_0
    SLICE_X25Y90         CARRY4 (Prop_carry4_S[1]_CO[3])
                                                      0.550     6.888 r  u_Demodulation/u_mult_squre_1/U0/i_mult/gLUT.gLUT_speed.iLUT/plusOp__237_carry__1/CO[3]
                         net (fo=1, routed)           0.000     6.888    u_Demodulation/u_mult_squre_1/U0/i_mult/gLUT.gLUT_speed.iLUT/plusOp__237_carry__1_n_0
    SLICE_X25Y91         CARRY4 (Prop_carry4_CI_O[0])
                                                      0.223     7.111 r  u_Demodulation/u_mult_squre_1/U0/i_mult/gLUT.gLUT_speed.iLUT/plusOp__237_carry__2/O[0]
                         net (fo=1, routed)           0.000     7.111    u_Demodulation/u_mult_squre_1/U0/i_mult/gLUT.gLUT_speed.iLUT/plusOp9[12]
    SLICE_X25Y91         FDRE                                         r  u_Demodulation/u_mult_squre_1/U0/i_mult/gLUT.gLUT_speed.iLUT/NxM_mult.stage_3_add.stage_3_pipeline.s3_add_out_reg[0][20]/D
  -------------------------------------------------------------------    -------------------

                         (clock clk_125M_clk_wiz_0 rise edge)
                                                      8.000     8.000 r  
    W19                                               0.000     8.000 r  clk_50M (IN)
                         net (fo=0)                   0.000     8.000    clk_u0/inst/clk_in1
    W19                  IBUF (Prop_ibuf_I_O)         1.438     9.438 r  clk_u0/inst/clkin1_ibufg/O
                         net (fo=1, routed)           1.162    10.600    clk_u0/inst/clk_in1_clk_wiz_0
    MMCME2_ADV_X0Y2      MMCME2_ADV (Prop_mmcme2_adv_CLKIN1_CLKOUT0)
                                                     -7.729     2.871 r  clk_u0/inst/mmcm_adv_inst/CLKOUT0
                         net (fo=1, routed)           1.760     4.631    clk_u0/inst/clk_125M_clk_wiz_0
    BUFGCTRL_X0Y0        BUFG (Prop_bufg_I_O)         0.091     4.722 r  clk_u0/inst/clkout1_buf/O
                         net (fo=9233, routed)        1.809     6.531    u_Demodulation/u_mult_squre_1/U0/i_mult/gLUT.gLUT_speed.iLUT/CLK
    SLICE_X25Y91         FDRE                                         r  u_Demodulation/u_mult_squre_1/U0/i_mult/gLUT.gLUT_speed.iLUT/NxM_mult.stage_3_add.stage_3_pipeline.s3_add_out_reg[0][20]/C
                         clock pessimism              0.563     7.094    
                         clock uncertainty           -0.085     7.010    
    SLICE_X25Y91         FDRE (Setup_fdre_C_D)        0.062     7.072    u_Demodulation/u_mult_squre_1/U0/i_mult/gLUT.gLUT_speed.iLUT/NxM_mult.stage_3_add.stage_3_pipeline.s3_add_out_reg[0][20]
  -------------------------------------------------------------------
                         required time                          7.072    
                         arrival time                          -7.111    
  -------------------------------------------------------------------
                         slack                                 -0.039    

Slack (MET) :             0.074ns  (required time - arrival time)
  Source:                 u_Demodulation/u_LPF_I/U0/i_synth/g_single_rate.i_single_rate/g_m_data_chan_no_fifo.m_axis_data_tdata_int_reg[23]/C
                            (rising edge-triggered cell FDRE clocked by clk_125M_clk_wiz_0  {rise@0.000ns fall@4.000ns period=8.000ns})
  Destination:            u_Demodulation/u_mult_squre_1/U0/i_mult/gLUT.gLUT_speed.iLUT/NxM_mult.stage_3_add.stage_3_pipeline.s3_add_out_reg[0][17]/D
                            (rising edge-triggered cell FDRE clocked by clk_125M_clk_wiz_0  {rise@0.000ns fall@4.000ns period=8.000ns})
  Path Group:             clk_125M_clk_wiz_0
  Path Type:              Setup (Max at Slow Process Corner)
  Requirement:            8.000ns  (clk_125M_clk_wiz_0 rise@8.000ns - clk_125M_clk_wiz_0 rise@0.000ns)
  Data Path Delay:        7.861ns  (logic 4.784ns (60.861%)  route 3.077ns (39.139%))
  Logic Levels:           11  (CARRY4=7 LUT2=3 LUT4=1)
  Clock Path Skew:        -0.043ns (DCD - SCD + CPR)
    Destination Clock Delay (DCD):    -1.470ns = ( 6.530 - 8.000 ) 
    Source Clock Delay      (SCD):    -0.864ns
    Clock Pessimism Removal (CPR):    0.563ns
  Clock Uncertainty:      0.085ns  ((TSJ^2 + DJ^2)^1/2) / 2 + PE
    Total System Jitter     (TSJ):    0.071ns
    Discrete Jitter          (DJ):    0.154ns
    Phase Error              (PE):    0.000ns

    Location             Delay type                Incr(ns)  Path(ns)    Netlist Resource(s)
  -------------------------------------------------------------------    -------------------
                         (clock clk_125M_clk_wiz_0 rise edge)
                                                      0.000     0.000 r  
    W19                                               0.000     0.000 r  clk_50M (IN)
                         net (fo=0)                   0.000     0.000    clk_u0/inst/clk_in1
    W19                  IBUF (Prop_ibuf_I_O)         1.509     1.509 r  clk_u0/inst/clkin1_ibufg/O
                         net (fo=1, routed)           1.233     2.742    clk_u0/inst/clk_in1_clk_wiz_0
    MMCME2_ADV_X0Y2      MMCME2_ADV (Prop_mmcme2_adv_CLKIN1_CLKOUT0)
                                                     -7.485    -4.742 r  clk_u0/inst/mmcm_adv_inst/CLKOUT0
                         net (fo=1, routed)           1.843    -2.899    clk_u0/inst/clk_125M_clk_wiz_0
    BUFGCTRL_X0Y0        BUFG (Prop_bufg_I_O)         0.096    -2.803 r  clk_u0/inst/clkout1_buf/O
                         net (fo=9233, routed)        1.939    -0.864    u_Demodulation/u_LPF_I/U0/i_synth/g_single_rate.i_single_rate/aclk
    SLICE_X23Y87         FDRE                                         r  u_Demodulation/u_LPF_I/U0/i_synth/g_single_rate.i_single_rate/g_m_data_chan_no_fifo.m_axis_data_tdata_int_reg[23]/C
  -------------------------------------------------------------------    -------------------
    SLICE_X23Y87         FDRE (Prop_fdre_C_Q)         0.456    -0.408 r  u_Demodulation/u_LPF_I/U0/i_synth/g_single_rate.i_single_rate/g_m_data_chan_no_fifo.m_axis_data_tdata_int_reg[23]/Q
                         net (fo=38, routed)          0.891     0.483    u_Demodulation/u_mult_squre_1/U0/i_mult/gLUT.gLUT_speed.iLUT/B[2]
    SLICE_X21Y87         LUT4 (Prop_lut4_I0_O)        0.124     0.607 r  u_Demodulation/u_mult_squre_1/U0/i_mult/gLUT.gLUT_speed.iLUT/NxM_mult.ppgen[1].carrychain[1].ppadd.b_is_even.stageN.muxcy0_i_1/O
                         net (fo=1, routed)           0.000     0.607    u_Demodulation/u_mult_squre_1/U0/i_mult/gLUT.gLUT_speed.iLUT/NxM_mult.ppgen[1].carrychain[1].ppadd.b_is_even.stageN.lut_sig
    SLICE_X21Y87         CARRY4 (Prop_carry4_S[1]_CO[3])
                                                      0.550     1.157 r  u_Demodulation/u_mult_squre_1/U0/i_mult/gLUT.gLUT_speed.iLUT/NxM_mult.ppgen[1].carrychain[0].ppadd.b_is_even.stageLSB.muxcy00_CARRY4/CO[3]
                         net (fo=1, routed)           0.000     1.157    u_Demodulation/u_mult_squre_1/U0/i_mult/gLUT.gLUT_speed.iLUT/pp_cout[1]_3
    SLICE_X21Y88         CARRY4 (Prop_carry4_CI_O[1])
                                                      0.334     1.491 r  u_Demodulation/u_mult_squre_1/U0/i_mult/gLUT.gLUT_speed.iLUT/NxM_mult.ppgen[1].carrychain[4].ppadd.b_is_even.stageN.muxcy0_CARRY4/O[1]
                         net (fo=1, routed)           0.807     2.298    u_Demodulation/u_mult_squre_1/U0/i_mult/gLUT.gLUT_speed.iLUT/pp_out[1]_1[5]
    SLICE_X24Y88         LUT2 (Prop_lut2_I1_O)        0.303     2.601 r  u_Demodulation/u_mult_squre_1/U0/i_mult/gLUT.gLUT_speed.iLUT/plusOp_carry__0_i_3/O
                         net (fo=1, routed)           0.000     2.601    u_Demodulation/u_mult_squre_1/U0/i_mult/gLUT.gLUT_speed.iLUT/plusOp_carry__0_i_3_n_0
    SLICE_X24Y88         CARRY4 (Prop_carry4_S[1]_O[3])
                                                      0.640     3.241 r  u_Demodulation/u_mult_squre_1/U0/i_mult/gLUT.gLUT_speed.iLUT/plusOp_carry__0/O[3]
                         net (fo=2, routed)           0.638     3.880    u_Demodulation/u_mult_squre_1/U0/i_mult/gLUT.gLUT_speed.iLUT/plusOp[7]
    SLICE_X24Y92         LUT2 (Prop_lut2_I0_O)        0.306     4.186 r  u_Demodulation/u_mult_squre_1/U0/i_mult/gLUT.gLUT_speed.iLUT/plusOp__91_carry__0_i_3/O
                         net (fo=1, routed)           0.000     4.186    u_Demodulation/u_mult_squre_1/U0/i_mult/gLUT.gLUT_speed.iLUT/plusOp__91_carry__0_i_3_n_0
    SLICE_X24Y92         CARRY4 (Prop_carry4_S[1]_CO[3])
                                                      0.550     4.736 r  u_Demodulation/u_mult_squre_1/U0/i_mult/gLUT.gLUT_speed.iLUT/plusOp__91_carry__0/CO[3]
                         net (fo=1, routed)           0.000     4.736    u_Demodulation/u_mult_squre_1/U0/i_mult/gLUT.gLUT_speed.iLUT/plusOp__91_carry__0_n_0
    SLICE_X24Y93         CARRY4 (Prop_carry4_CI_O[1])
                                                      0.334     5.070 r  u_Demodulation/u_mult_squre_1/U0/i_mult/gLUT.gLUT_speed.iLUT/plusOp__91_carry__1/O[1]
                         net (fo=2, routed)           0.740     5.810    u_Demodulation/u_mult_squre_1/U0/i_mult/gLUT.gLUT_speed.iLUT/plusOp5__0[9]
    SLICE_X25Y89         LUT2 (Prop_lut2_I0_O)        0.303     6.113 r  u_Demodulation/u_mult_squre_1/U0/i_mult/gLUT.gLUT_speed.iLUT/plusOp__237_carry__0_i_3/O
                         net (fo=1, routed)           0.000     6.113    u_Demodulation/u_mult_squre_1/U0/i_mult/gLUT.gLUT_speed.iLUT/plusOp__237_carry__0_i_3_n_0
    SLICE_X25Y89         CARRY4 (Prop_carry4_S[1]_CO[3])
                                                      0.550     6.663 r  u_Demodulation/u_mult_squre_1/U0/i_mult/gLUT.gLUT_speed.iLUT/plusOp__237_carry__0/CO[3]
                         net (fo=1, routed)           0.000     6.663    u_Demodulation/u_mult_squre_1/U0/i_mult/gLUT.gLUT_speed.iLUT/plusOp__237_carry__0_n_0
    SLICE_X25Y90         CARRY4 (Prop_carry4_CI_O[1])
                                                      0.334     6.997 r  u_Demodulation/u_mult_squre_1/U0/i_mult/gLUT.gLUT_speed.iLUT/plusOp__237_carry__1/O[1]
                         net (fo=1, routed)           0.000     6.997    u_Demodulation/u_mult_squre_1/U0/i_mult/gLUT.gLUT_speed.iLUT/plusOp9[9]
    SLICE_X25Y90         FDRE                                         r  u_Demodulation/u_mult_squre_1/U0/i_mult/gLUT.gLUT_speed.iLUT/NxM_mult.stage_3_add.stage_3_pipeline.s3_add_out_reg[0][17]/D
  -------------------------------------------------------------------    -------------------

                         (clock clk_125M_clk_wiz_0 rise edge)
                                                      8.000     8.000 r  
    W19                                               0.000     8.000 r  clk_50M (IN)
                         net (fo=0)                   0.000     8.000    clk_u0/inst/clk_in1
    W19                  IBUF (Prop_ibuf_I_O)         1.438     9.438 r  clk_u0/inst/clkin1_ibufg/O
                         net (fo=1, routed)           1.162    10.600    clk_u0/inst/clk_in1_clk_wiz_0
    MMCME2_ADV_X0Y2      MMCME2_ADV (Prop_mmcme2_adv_CLKIN1_CLKOUT0)
                                                     -7.729     2.871 r  clk_u0/inst/mmcm_adv_inst/CLKOUT0
                         net (fo=1, routed)           1.760     4.631    clk_u0/inst/clk_125M_clk_wiz_0
    BUFGCTRL_X0Y0        BUFG (Prop_bufg_I_O)         0.091     4.722 r  clk_u0/inst/clkout1_buf/O
                         net (fo=9233, routed)        1.808     6.530    u_Demodulation/u_mult_squre_1/U0/i_mult/gLUT.gLUT_speed.iLUT/CLK
    SLICE_X25Y90         FDRE                                         r  u_Demodulation/u_mult_squre_1/U0/i_mult/gLUT.gLUT_speed.iLUT/NxM_mult.stage_3_add.stage_3_pipeline.s3_add_out_reg[0][17]/C
                         clock pessimism              0.563     7.093    
                         clock uncertainty           -0.085     7.009    
    SLICE_X25Y90         FDRE (Setup_fdre_C_D)        0.062     7.071    u_Demodulation/u_mult_squre_1/U0/i_mult/gLUT.gLUT_speed.iLUT/NxM_mult.stage_3_add.stage_3_pipeline.s3_add_out_reg[0][17]
  -------------------------------------------------------------------
                         required time                          7.071    
                         arrival time                          -6.997    
  -------------------------------------------------------------------
                         slack                                  0.074    

Slack (MET) :             0.093ns  (required time - arrival time)
  Source:                 u_Demodulation/u_LPF_I/U0/i_synth/g_single_rate.i_single_rate/g_m_data_chan_no_fifo.m_axis_data_tdata_int_reg[23]/C
                            (rising edge-triggered cell FDRE clocked by clk_125M_clk_wiz_0  {rise@0.000ns fall@4.000ns period=8.000ns})
  Destination:            u_Demodulation/u_mult_squre_1/U0/i_mult/gLUT.gLUT_speed.iLUT/NxM_mult.stage_3_add.stage_3_pipeline.s3_add_out_reg[0][19]/D
                            (rising edge-triggered cell FDRE clocked by clk_125M_clk_wiz_0  {rise@0.000ns fall@4.000ns period=8.000ns})
  Path Group:             clk_125M_clk_wiz_0
  Path Type:              Setup (Max at Slow Process Corner)
  Requirement:            8.000ns  (clk_125M_clk_wiz_0 rise@8.000ns - clk_125M_clk_wiz_0 rise@0.000ns)
  Data Path Delay:        7.842ns  (logic 4.763ns (60.740%)  route 3.079ns (39.260%))
  Logic Levels:           11  (CARRY4=7 LUT2=3 LUT4=1)
  Clock Path Skew:        -0.043ns (DCD - SCD + CPR)
    Destination Clock Delay (DCD):    -1.470ns = ( 6.530 - 8.000 ) 
    Source Clock Delay      (SCD):    -0.864ns
    Clock Pessimism Removal (CPR):    0.563ns
  Clock Uncertainty:      0.085ns  ((TSJ^2 + DJ^2)^1/2) / 2 + PE
    Total System Jitter     (TSJ):    0.071ns
    Discrete Jitter          (DJ):    0.154ns
    Phase Error              (PE):    0.000ns

    Location             Delay type                Incr(ns)  Path(ns)    Netlist Resource(s)
  -------------------------------------------------------------------    -------------------
                         (clock clk_125M_clk_wiz_0 rise edge)
                                                      0.000     0.000 r  
    W19                                               0.000     0.000 r  clk_50M (IN)
                         net (fo=0)                   0.000     0.000    clk_u0/inst/clk_in1
    W19                  IBUF (Prop_ibuf_I_O)         1.509     1.509 r  clk_u0/inst/clkin1_ibufg/O
                         net (fo=1, routed)           1.233     2.742    clk_u0/inst/clk_in1_clk_wiz_0
    MMCME2_ADV_X0Y2      MMCME2_ADV (Prop_mmcme2_adv_CLKIN1_CLKOUT0)
                                                     -7.485    -4.742 r  clk_u0/inst/mmcm_adv_inst/CLKOUT0
                         net (fo=1, routed)           1.843    -2.899    clk_u0/inst/clk_125M_clk_wiz_0
    BUFGCTRL_X0Y0        BUFG (Prop_bufg_I_O)         0.096    -2.803 r  clk_u0/inst/clkout1_buf/O
                         net (fo=9233, routed)        1.939    -0.864    u_Demodulation/u_LPF_I/U0/i_synth/g_single_rate.i_single_rate/aclk
    SLICE_X23Y87         FDRE                                         r  u_Demodulation/u_LPF_I/U0/i_synth/g_single_rate.i_single_rate/g_m_data_chan_no_fifo.m_axis_data_tdata_int_reg[23]/C
  -------------------------------------------------------------------    -------------------
    SLICE_X23Y87         FDRE (Prop_fdre_C_Q)         0.456    -0.408 r  u_Demodulation/u_LPF_I/U0/i_synth/g_single_rate.i_single_rate/g_m_data_chan_no_fifo.m_axis_data_tdata_int_reg[23]/Q
                         net (fo=38, routed)          0.891     0.483    u_Demodulation/u_mult_squre_1/U0/i_mult/gLUT.gLUT_speed.iLUT/B[2]
    SLICE_X21Y87         LUT4 (Prop_lut4_I0_O)        0.124     0.607 r  u_Demodulation/u_mult_squre_1/U0/i_mult/gLUT.gLUT_speed.iLUT/NxM_mult.ppgen[1].carrychain[1].ppadd.b_is_even.stageN.muxcy0_i_1/O
                         net (fo=1, routed)           0.000     0.607    u_Demodulation/u_mult_squre_1/U0/i_mult/gLUT.gLUT_speed.iLUT/NxM_mult.ppgen[1].carrychain[1].ppadd.b_is_even.stageN.lut_sig
    SLICE_X21Y87         CARRY4 (Prop_carry4_S[1]_CO[3])
                                                      0.550     1.157 r  u_Demodulation/u_mult_squre_1/U0/i_mult/gLUT.gLUT_speed.iLUT/NxM_mult.ppgen[1].carrychain[0].ppadd.b_is_even.stageLSB.muxcy00_CARRY4/CO[3]
                         net (fo=1, routed)           0.000     1.157    u_Demodulation/u_mult_squre_1/U0/i_mult/gLUT.gLUT_speed.iLUT/pp_cout[1]_3
    SLICE_X21Y88         CARRY4 (Prop_carry4_CI_O[1])
                                                      0.334     1.491 r  u_Demodulation/u_mult_squre_1/U0/i_mult/gLUT.gLUT_speed.iLUT/NxM_mult.ppgen[1].carrychain[4].ppadd.b_is_even.stageN.muxcy0_CARRY4/O[1]
                         net (fo=1, routed)           0.807     2.298    u_Demodulation/u_mult_squre_1/U0/i_mult/gLUT.gLUT_speed.iLUT/pp_out[1]_1[5]
    SLICE_X24Y88         LUT2 (Prop_lut2_I1_O)        0.303     2.601 r  u_Demodulation/u_mult_squre_1/U0/i_mult/gLUT.gLUT_speed.iLUT/plusOp_carry__0_i_3/O
                         net (fo=1, routed)           0.000     2.601    u_Demodulation/u_mult_squre_1/U0/i_mult/gLUT.gLUT_speed.iLUT/plusOp_carry__0_i_3_n_0
    SLICE_X24Y88         CARRY4 (Prop_carry4_S[1]_CO[3])
                                                      0.550     3.151 r  u_Demodulation/u_mult_squre_1/U0/i_mult/gLUT.gLUT_speed.iLUT/plusOp_carry__0/CO[3]
                         net (fo=1, routed)           0.000     3.151    u_Demodulation/u_mult_squre_1/U0/i_mult/gLUT.gLUT_speed.iLUT/plusOp_carry__0_n_0
    SLICE_X24Y89         CARRY4 (Prop_carry4_CI_O[3])
                                                      0.313     3.464 r  u_Demodulation/u_mult_squre_1/U0/i_mult/gLUT.gLUT_speed.iLUT/plusOp_carry__1/O[3]
                         net (fo=2, routed)           0.638     4.103    u_Demodulation/u_mult_squre_1/U0/i_mult/gLUT.gLUT_speed.iLUT/plusOp[11]
    SLICE_X24Y93         LUT2 (Prop_lut2_I0_O)        0.306     4.409 r  u_Demodulation/u_mult_squre_1/U0/i_mult/gLUT.gLUT_speed.iLUT/plusOp__91_carry__1_i_3/O
                         net (fo=1, routed)           0.000     4.409    u_Demodulation/u_mult_squre_1/U0/i_mult/gLUT.gLUT_speed.iLUT/plusOp__91_carry__1_i_3_n_0
    SLICE_X24Y93         CARRY4 (Prop_carry4_S[1]_CO[3])
                                                      0.550     4.959 r  u_Demodulation/u_mult_squre_1/U0/i_mult/gLUT.gLUT_speed.iLUT/plusOp__91_carry__1/CO[3]
                         net (fo=1, routed)           0.000     4.959    u_Demodulation/u_mult_squre_1/U0/i_mult/gLUT.gLUT_speed.iLUT/plusOp__91_carry__1_n_0
    SLICE_X24Y94         CARRY4 (Prop_carry4_CI_O[1])
                                                      0.334     5.293 r  u_Demodulation/u_mult_squre_1/U0/i_mult/gLUT.gLUT_speed.iLUT/plusOp__91_carry__2/O[1]
                         net (fo=2, routed)           0.742     6.035    u_Demodulation/u_mult_squre_1/U0/i_mult/gLUT.gLUT_speed.iLUT/plusOp5__0[13]
    SLICE_X25Y90         LUT2 (Prop_lut2_I0_O)        0.303     6.338 r  u_Demodulation/u_mult_squre_1/U0/i_mult/gLUT.gLUT_speed.iLUT/plusOp__237_carry__1_i_3/O
                         net (fo=1, routed)           0.000     6.338    u_Demodulation/u_mult_squre_1/U0/i_mult/gLUT.gLUT_speed.iLUT/plusOp__237_carry__1_i_3_n_0
    SLICE_X25Y90         CARRY4 (Prop_carry4_S[1]_O[3])
                                                      0.640     6.978 r  u_Demodulation/u_mult_squre_1/U0/i_mult/gLUT.gLUT_speed.iLUT/plusOp__237_carry__1/O[3]
                         net (fo=1, routed)           0.000     6.978    u_Demodulation/u_mult_squre_1/U0/i_mult/gLUT.gLUT_speed.iLUT/plusOp9[11]
    SLICE_X25Y90         FDRE                                         r  u_Demodulation/u_mult_squre_1/U0/i_mult/gLUT.gLUT_speed.iLUT/NxM_mult.stage_3_add.stage_3_pipeline.s3_add_out_reg[0][19]/D
  -------------------------------------------------------------------    -------------------

                         (clock clk_125M_clk_wiz_0 rise edge)
                                                      8.000     8.000 r  
    W19                                               0.000     8.000 r  clk_50M (IN)
                         net (fo=0)                   0.000     8.000    clk_u0/inst/clk_in1
    W19                  IBUF (Prop_ibuf_I_O)         1.438     9.438 r  clk_u0/inst/clkin1_ibufg/O
                         net (fo=1, routed)           1.162    10.600    clk_u0/inst/clk_in1_clk_wiz_0
    MMCME2_ADV_X0Y2      MMCME2_ADV (Prop_mmcme2_adv_CLKIN1_CLKOUT0)
                                                     -7.729     2.871 r  clk_u0/inst/mmcm_adv_inst/CLKOUT0
                         net (fo=1, routed)           1.760     4.631    clk_u0/inst/clk_125M_clk_wiz_0
    BUFGCTRL_X0Y0        BUFG (Prop_bufg_I_O)         0.091     4.722 r  clk_u0/inst/clkout1_buf/O
                         net (fo=9233, routed)        1.808     6.530    u_Demodulation/u_mult_squre_1/U0/i_mult/gLUT.gLUT_speed.iLUT/CLK
    SLICE_X25Y90         FDRE                                         r  u_Demodulation/u_mult_squre_1/U0/i_mult/gLUT.gLUT_speed.iLUT/NxM_mult.stage_3_add.stage_3_pipeline.s3_add_out_reg[0][19]/C
                         clock pessimism              0.563     7.093    
                         clock uncertainty           -0.085     7.009    
    SLICE_X25Y90         FDRE (Setup_fdre_C_D)        0.062     7.071    u_Demodulation/u_mult_squre_1/U0/i_mult/gLUT.gLUT_speed.iLUT/NxM_mult.stage_3_add.stage_3_pipeline.s3_add_out_reg[0][19]
  -------------------------------------------------------------------
                         required time                          7.071    
                         arrival time                          -6.978    
  -------------------------------------------------------------------
                         slack                                  0.093    





Min Delay Paths
--------------------------------------------------------------------------------------
Slack (MET) :             0.022ns  (arrival time - required time)
  Source:                 u_Demodulation/LPF_U1_fm/U0/i_synth/g_single_rate.i_single_rate/g_parallel.i_latch_op/gen_dly.gen_shiftreg.gen_rtl_delay.delay_bus_reg[21][0]/C
                            (rising edge-triggered cell FDRE clocked by clk_125M_clk_wiz_0  {rise@0.000ns fall@4.000ns period=8.000ns})
  Destination:            u_Demodulation/LPF_U1_fm/U0/i_synth/g_single_rate.i_single_rate/g_m_data_chan_no_fifo.m_axis_data_tdata_int_reg[16]/CE
                            (rising edge-triggered cell FDRE clocked by clk_125M_clk_wiz_0  {rise@0.000ns fall@4.000ns period=8.000ns})
  Path Group:             clk_125M_clk_wiz_0
  Path Type:              Hold (Min at Fast Process Corner)
  Requirement:            0.000ns  (clk_125M_clk_wiz_0 rise@0.000ns - clk_125M_clk_wiz_0 rise@0.000ns)
  Data Path Delay:        0.320ns  (logic 0.164ns (51.203%)  route 0.156ns (48.797%))
  Logic Levels:           0  
  Clock Path Skew:        0.337ns (DCD - SCD - CPR)
    Destination Clock Delay (DCD):    -0.817ns
    Source Clock Delay      (SCD):    -0.645ns
    Clock Pessimism Removal (CPR):    -0.509ns

    Location             Delay type                Incr(ns)  Path(ns)    Netlist Resource(s)
  -------------------------------------------------------------------    -------------------
                         (clock clk_125M_clk_wiz_0 rise edge)
                                                      0.000     0.000 r  
    W19                                               0.000     0.000 r  clk_50M (IN)
                         net (fo=0)                   0.000     0.000    clk_u0/inst/clk_in1
    W19                  IBUF (Prop_ibuf_I_O)         0.277     0.277 r  clk_u0/inst/clkin1_ibufg/O
                         net (fo=1, routed)           0.440     0.717    clk_u0/inst/clk_in1_clk_wiz_0
    MMCME2_ADV_X0Y2      MMCME2_ADV (Prop_mmcme2_adv_CLKIN1_CLKOUT0)
                                                     -2.560    -1.843 r  clk_u0/inst/mmcm_adv_inst/CLKOUT0
                         net (fo=1, routed)           0.545    -1.299    clk_u0/inst/clk_125M_clk_wiz_0
    BUFGCTRL_X0Y0        BUFG (Prop_bufg_I_O)         0.026    -1.273 r  clk_u0/inst/clkout1_buf/O
                         net (fo=9233, routed)        0.628    -0.645    u_Demodulation/LPF_U1_fm/U0/i_synth/g_single_rate.i_single_rate/g_parallel.i_latch_op/aclk
    SLICE_X14Y100        FDRE                                         r  u_Demodulation/LPF_U1_fm/U0/i_synth/g_single_rate.i_single_rate/g_parallel.i_latch_op/gen_dly.gen_shiftreg.gen_rtl_delay.delay_bus_reg[21][0]/C
  -------------------------------------------------------------------    -------------------
    SLICE_X14Y100        FDRE (Prop_fdre_C_Q)         0.164    -0.481 r  u_Demodulation/LPF_U1_fm/U0/i_synth/g_single_rate.i_single_rate/g_parallel.i_latch_op/gen_dly.gen_shiftreg.gen_rtl_delay.delay_bus_reg[21][0]/Q
                         net (fo=32, routed)          0.156    -0.325    u_Demodulation/LPF_U1_fm/U0/i_synth/g_single_rate.i_single_rate/gen_dly.gen_shiftreg.gen_rtl_delay.delay_bus_reg[21]
    SLICE_X15Y99         FDRE                                         r  u_Demodulation/LPF_U1_fm/U0/i_synth/g_single_rate.i_single_rate/g_m_data_chan_no_fifo.m_axis_data_tdata_int_reg[16]/CE
  -------------------------------------------------------------------    -------------------

                         (clock clk_125M_clk_wiz_0 rise edge)
                                                      0.000     0.000 r  
    W19                                               0.000     0.000 r  clk_50M (IN)
                         net (fo=0)                   0.000     0.000    clk_u0/inst/clk_in1
    W19                  IBUF (Prop_ibuf_I_O)         0.465     0.465 r  clk_u0/inst/clkin1_ibufg/O
                         net (fo=1, routed)           0.480     0.945    clk_u0/inst/clk_in1_clk_wiz_0
    MMCME2_ADV_X0Y2      MMCME2_ADV (Prop_mmcme2_adv_CLKIN1_CLKOUT0)
                                                     -3.355    -2.410 r  clk_u0/inst/mmcm_adv_inst/CLKOUT0
                         net (fo=1, routed)           0.595    -1.815    clk_u0/inst/clk_125M_clk_wiz_0
    BUFGCTRL_X0Y0        BUFG (Prop_bufg_I_O)         0.029    -1.786 r  clk_u0/inst/clkout1_buf/O
                         net (fo=9233, routed)        0.970    -0.817    u_Demodulation/LPF_U1_fm/U0/i_synth/g_single_rate.i_single_rate/aclk
    SLICE_X15Y99         FDRE                                         r  u_Demodulation/LPF_U1_fm/U0/i_synth/g_single_rate.i_single_rate/g_m_data_chan_no_fifo.m_axis_data_tdata_int_reg[16]/C
                         clock pessimism              0.509    -0.308    
    SLICE_X15Y99         FDRE (Hold_fdre_C_CE)       -0.039    -0.347    u_Demodulation/LPF_U1_fm/U0/i_synth/g_single_rate.i_single_rate/g_m_data_chan_no_fifo.m_axis_data_tdata_int_reg[16]
  -------------------------------------------------------------------
                         required time                          0.347    
                         arrival time                          -0.325    
  -------------------------------------------------------------------
                         slack                                  0.022    

Slack (MET) :             0.022ns  (arrival time - required time)
  Source:                 u_Demodulation/LPF_U1_fm/U0/i_synth/g_single_rate.i_single_rate/g_parallel.i_latch_op/gen_dly.gen_shiftreg.gen_rtl_delay.delay_bus_reg[21][0]/C
                            (rising edge-triggered cell FDRE clocked by clk_125M_clk_wiz_0  {rise@0.000ns fall@4.000ns period=8.000ns})
  Destination:            u_Demodulation/LPF_U1_fm/U0/i_synth/g_single_rate.i_single_rate/g_m_data_chan_no_fifo.m_axis_data_tdata_int_reg[17]/CE
                            (rising edge-triggered cell FDRE clocked by clk_125M_clk_wiz_0  {rise@0.000ns fall@4.000ns period=8.000ns})
  Path Group:             clk_125M_clk_wiz_0
  Path Type:              Hold (Min at Fast Process Corner)
  Requirement:            0.000ns  (clk_125M_clk_wiz_0 rise@0.000ns - clk_125M_clk_wiz_0 rise@0.000ns)
  Data Path Delay:        0.320ns  (logic 0.164ns (51.203%)  route 0.156ns (48.797%))
  Logic Levels:           0  
  Clock Path Skew:        0.337ns (DCD - SCD - CPR)
    Destination Clock Delay (DCD):    -0.817ns
    Source Clock Delay      (SCD):    -0.645ns
    Clock Pessimism Removal (CPR):    -0.509ns

    Location             Delay type                Incr(ns)  Path(ns)    Netlist Resource(s)
  -------------------------------------------------------------------    -------------------
                         (clock clk_125M_clk_wiz_0 rise edge)
                                                      0.000     0.000 r  
    W19                                               0.000     0.000 r  clk_50M (IN)
                         net (fo=0)                   0.000     0.000    clk_u0/inst/clk_in1
    W19                  IBUF (Prop_ibuf_I_O)         0.277     0.277 r  clk_u0/inst/clkin1_ibufg/O
                         net (fo=1, routed)           0.440     0.717    clk_u0/inst/clk_in1_clk_wiz_0
    MMCME2_ADV_X0Y2      MMCME2_ADV (Prop_mmcme2_adv_CLKIN1_CLKOUT0)
                                                     -2.560    -1.843 r  clk_u0/inst/mmcm_adv_inst/CLKOUT0
                         net (fo=1, routed)           0.545    -1.299    clk_u0/inst/clk_125M_clk_wiz_0
    BUFGCTRL_X0Y0        BUFG (Prop_bufg_I_O)         0.026    -1.273 r  clk_u0/inst/clkout1_buf/O
                         net (fo=9233, routed)        0.628    -0.645    u_Demodulation/LPF_U1_fm/U0/i_synth/g_single_rate.i_single_rate/g_parallel.i_latch_op/aclk
    SLICE_X14Y100        FDRE                                         r  u_Demodulation/LPF_U1_fm/U0/i_synth/g_single_rate.i_single_rate/g_parallel.i_latch_op/gen_dly.gen_shiftreg.gen_rtl_delay.delay_bus_reg[21][0]/C
  -------------------------------------------------------------------    -------------------
    SLICE_X14Y100        FDRE (Prop_fdre_C_Q)         0.164    -0.481 r  u_Demodulation/LPF_U1_fm/U0/i_synth/g_single_rate.i_single_rate/g_parallel.i_latch_op/gen_dly.gen_shiftreg.gen_rtl_delay.delay_bus_reg[21][0]/Q
                         net (fo=32, routed)          0.156    -0.325    u_Demodulation/LPF_U1_fm/U0/i_synth/g_single_rate.i_single_rate/gen_dly.gen_shiftreg.gen_rtl_delay.delay_bus_reg[21]
    SLICE_X15Y99         FDRE                                         r  u_Demodulation/LPF_U1_fm/U0/i_synth/g_single_rate.i_single_rate/g_m_data_chan_no_fifo.m_axis_data_tdata_int_reg[17]/CE
  -------------------------------------------------------------------    -------------------

                         (clock clk_125M_clk_wiz_0 rise edge)
                                                      0.000     0.000 r  
    W19                                               0.000     0.000 r  clk_50M (IN)
                         net (fo=0)                   0.000     0.000    clk_u0/inst/clk_in1
    W19                  IBUF (Prop_ibuf_I_O)         0.465     0.465 r  clk_u0/inst/clkin1_ibufg/O
                         net (fo=1, routed)           0.480     0.945    clk_u0/inst/clk_in1_clk_wiz_0
    MMCME2_ADV_X0Y2      MMCME2_ADV (Prop_mmcme2_adv_CLKIN1_CLKOUT0)
                                                     -3.355    -2.410 r  clk_u0/inst/mmcm_adv_inst/CLKOUT0
                         net (fo=1, routed)           0.595    -1.815    clk_u0/inst/clk_125M_clk_wiz_0
    BUFGCTRL_X0Y0        BUFG (Prop_bufg_I_O)         0.029    -1.786 r  clk_u0/inst/clkout1_buf/O
                         net (fo=9233, routed)        0.970    -0.817    u_Demodulation/LPF_U1_fm/U0/i_synth/g_single_rate.i_single_rate/aclk
    SLICE_X15Y99         FDRE                                         r  u_Demodulation/LPF_U1_fm/U0/i_synth/g_single_rate.i_single_rate/g_m_data_chan_no_fifo.m_axis_data_tdata_int_reg[17]/C
                         clock pessimism              0.509    -0.308    
    SLICE_X15Y99         FDRE (Hold_fdre_C_CE)       -0.039    -0.347    u_Demodulation/LPF_U1_fm/U0/i_synth/g_single_rate.i_single_rate/g_m_data_chan_no_fifo.m_axis_data_tdata_int_reg[17]
  -------------------------------------------------------------------
                         required time                          0.347    
                         arrival time                          -0.325    
  -------------------------------------------------------------------
                         slack                                  0.022    

Slack (MET) :             0.022ns  (arrival time - required time)
  Source:                 u_Demodulation/LPF_U1_fm/U0/i_synth/g_single_rate.i_single_rate/g_parallel.i_latch_op/gen_dly.gen_shiftreg.gen_rtl_delay.delay_bus_reg[21][0]/C
                            (rising edge-triggered cell FDRE clocked by clk_125M_clk_wiz_0  {rise@0.000ns fall@4.000ns period=8.000ns})
  Destination:            u_Demodulation/LPF_U1_fm/U0/i_synth/g_single_rate.i_single_rate/g_m_data_chan_no_fifo.m_axis_data_tdata_int_reg[18]/CE
                            (rising edge-triggered cell FDRE clocked by clk_125M_clk_wiz_0  {rise@0.000ns fall@4.000ns period=8.000ns})
  Path Group:             clk_125M_clk_wiz_0
  Path Type:              Hold (Min at Fast Process Corner)
  Requirement:            0.000ns  (clk_125M_clk_wiz_0 rise@0.000ns - clk_125M_clk_wiz_0 rise@0.000ns)
  Data Path Delay:        0.320ns  (logic 0.164ns (51.203%)  route 0.156ns (48.797%))
  Logic Levels:           0  
  Clock Path Skew:        0.337ns (DCD - SCD - CPR)
    Destination Clock Delay (DCD):    -0.817ns
    Source Clock Delay      (SCD):    -0.645ns
    Clock Pessimism Removal (CPR):    -0.509ns

    Location             Delay type                Incr(ns)  Path(ns)    Netlist Resource(s)
  -------------------------------------------------------------------    -------------------
                         (clock clk_125M_clk_wiz_0 rise edge)
                                                      0.000     0.000 r  
    W19                                               0.000     0.000 r  clk_50M (IN)
                         net (fo=0)                   0.000     0.000    clk_u0/inst/clk_in1
    W19                  IBUF (Prop_ibuf_I_O)         0.277     0.277 r  clk_u0/inst/clkin1_ibufg/O
                         net (fo=1, routed)           0.440     0.717    clk_u0/inst/clk_in1_clk_wiz_0
    MMCME2_ADV_X0Y2      MMCME2_ADV (Prop_mmcme2_adv_CLKIN1_CLKOUT0)
                                                     -2.560    -1.843 r  clk_u0/inst/mmcm_adv_inst/CLKOUT0
                         net (fo=1, routed)           0.545    -1.299    clk_u0/inst/clk_125M_clk_wiz_0
    BUFGCTRL_X0Y0        BUFG (Prop_bufg_I_O)         0.026    -1.273 r  clk_u0/inst/clkout1_buf/O
                         net (fo=9233, routed)        0.628    -0.645    u_Demodulation/LPF_U1_fm/U0/i_synth/g_single_rate.i_single_rate/g_parallel.i_latch_op/aclk
    SLICE_X14Y100        FDRE                                         r  u_Demodulation/LPF_U1_fm/U0/i_synth/g_single_rate.i_single_rate/g_parallel.i_latch_op/gen_dly.gen_shiftreg.gen_rtl_delay.delay_bus_reg[21][0]/C
  -------------------------------------------------------------------    -------------------
    SLICE_X14Y100        FDRE (Prop_fdre_C_Q)         0.164    -0.481 r  u_Demodulation/LPF_U1_fm/U0/i_synth/g_single_rate.i_single_rate/g_parallel.i_latch_op/gen_dly.gen_shiftreg.gen_rtl_delay.delay_bus_reg[21][0]/Q
                         net (fo=32, routed)          0.156    -0.325    u_Demodulation/LPF_U1_fm/U0/i_synth/g_single_rate.i_single_rate/gen_dly.gen_shiftreg.gen_rtl_delay.delay_bus_reg[21]
    SLICE_X15Y99         FDRE                                         r  u_Demodulation/LPF_U1_fm/U0/i_synth/g_single_rate.i_single_rate/g_m_data_chan_no_fifo.m_axis_data_tdata_int_reg[18]/CE
  -------------------------------------------------------------------    -------------------

                         (clock clk_125M_clk_wiz_0 rise edge)
                                                      0.000     0.000 r  
    W19                                               0.000     0.000 r  clk_50M (IN)
                         net (fo=0)                   0.000     0.000    clk_u0/inst/clk_in1
    W19                  IBUF (Prop_ibuf_I_O)         0.465     0.465 r  clk_u0/inst/clkin1_ibufg/O
                         net (fo=1, routed)           0.480     0.945    clk_u0/inst/clk_in1_clk_wiz_0
    MMCME2_ADV_X0Y2      MMCME2_ADV (Prop_mmcme2_adv_CLKIN1_CLKOUT0)
                                                     -3.355    -2.410 r  clk_u0/inst/mmcm_adv_inst/CLKOUT0
                         net (fo=1, routed)           0.595    -1.815    clk_u0/inst/clk_125M_clk_wiz_0
    BUFGCTRL_X0Y0        BUFG (Prop_bufg_I_O)         0.029    -1.786 r  clk_u0/inst/clkout1_buf/O
                         net (fo=9233, routed)        0.970    -0.817    u_Demodulation/LPF_U1_fm/U0/i_synth/g_single_rate.i_single_rate/aclk
    SLICE_X15Y99         FDRE                                         r  u_Demodulation/LPF_U1_fm/U0/i_synth/g_single_rate.i_single_rate/g_m_data_chan_no_fifo.m_axis_data_tdata_int_reg[18]/C
                         clock pessimism              0.509    -0.308    
    SLICE_X15Y99         FDRE (Hold_fdre_C_CE)       -0.039    -0.347    u_Demodulation/LPF_U1_fm/U0/i_synth/g_single_rate.i_single_rate/g_m_data_chan_no_fifo.m_axis_data_tdata_int_reg[18]
  -------------------------------------------------------------------
                         required time                          0.347    
                         arrival time                          -0.325    
  -------------------------------------------------------------------
                         slack                                  0.022    

Slack (MET) :             0.022ns  (arrival time - required time)
  Source:                 u_Demodulation/LPF_U1_fm/U0/i_synth/g_single_rate.i_single_rate/g_parallel.i_latch_op/gen_dly.gen_shiftreg.gen_rtl_delay.delay_bus_reg[21][0]/C
                            (rising edge-triggered cell FDRE clocked by clk_125M_clk_wiz_0  {rise@0.000ns fall@4.000ns period=8.000ns})
  Destination:            u_Demodulation/LPF_U1_fm/U0/i_synth/g_single_rate.i_single_rate/g_m_data_chan_no_fifo.m_axis_data_tdata_int_reg[19]/CE
                            (rising edge-triggered cell FDRE clocked by clk_125M_clk_wiz_0  {rise@0.000ns fall@4.000ns period=8.000ns})
  Path Group:             clk_125M_clk_wiz_0
  Path Type:              Hold (Min at Fast Process Corner)
  Requirement:            0.000ns  (clk_125M_clk_wiz_0 rise@0.000ns - clk_125M_clk_wiz_0 rise@0.000ns)
  Data Path Delay:        0.320ns  (logic 0.164ns (51.203%)  route 0.156ns (48.797%))
  Logic Levels:           0  
  Clock Path Skew:        0.337ns (DCD - SCD - CPR)
    Destination Clock Delay (DCD):    -0.817ns
    Source Clock Delay      (SCD):    -0.645ns
    Clock Pessimism Removal (CPR):    -0.509ns

    Location             Delay type                Incr(ns)  Path(ns)    Netlist Resource(s)
  -------------------------------------------------------------------    -------------------
                         (clock clk_125M_clk_wiz_0 rise edge)
                                                      0.000     0.000 r  
    W19                                               0.000     0.000 r  clk_50M (IN)
                         net (fo=0)                   0.000     0.000    clk_u0/inst/clk_in1
    W19                  IBUF (Prop_ibuf_I_O)         0.277     0.277 r  clk_u0/inst/clkin1_ibufg/O
                         net (fo=1, routed)           0.440     0.717    clk_u0/inst/clk_in1_clk_wiz_0
    MMCME2_ADV_X0Y2      MMCME2_ADV (Prop_mmcme2_adv_CLKIN1_CLKOUT0)
                                                     -2.560    -1.843 r  clk_u0/inst/mmcm_adv_inst/CLKOUT0
                         net (fo=1, routed)           0.545    -1.299    clk_u0/inst/clk_125M_clk_wiz_0
    BUFGCTRL_X0Y0        BUFG (Prop_bufg_I_O)         0.026    -1.273 r  clk_u0/inst/clkout1_buf/O
                         net (fo=9233, routed)        0.628    -0.645    u_Demodulation/LPF_U1_fm/U0/i_synth/g_single_rate.i_single_rate/g_parallel.i_latch_op/aclk
    SLICE_X14Y100        FDRE                                         r  u_Demodulation/LPF_U1_fm/U0/i_synth/g_single_rate.i_single_rate/g_parallel.i_latch_op/gen_dly.gen_shiftreg.gen_rtl_delay.delay_bus_reg[21][0]/C
  -------------------------------------------------------------------    -------------------
    SLICE_X14Y100        FDRE (Prop_fdre_C_Q)         0.164    -0.481 r  u_Demodulation/LPF_U1_fm/U0/i_synth/g_single_rate.i_single_rate/g_parallel.i_latch_op/gen_dly.gen_shiftreg.gen_rtl_delay.delay_bus_reg[21][0]/Q
                         net (fo=32, routed)          0.156    -0.325    u_Demodulation/LPF_U1_fm/U0/i_synth/g_single_rate.i_single_rate/gen_dly.gen_shiftreg.gen_rtl_delay.delay_bus_reg[21]
    SLICE_X15Y99         FDRE                                         r  u_Demodulation/LPF_U1_fm/U0/i_synth/g_single_rate.i_single_rate/g_m_data_chan_no_fifo.m_axis_data_tdata_int_reg[19]/CE
  -------------------------------------------------------------------    -------------------

                         (clock clk_125M_clk_wiz_0 rise edge)
                                                      0.000     0.000 r  
    W19                                               0.000     0.000 r  clk_50M (IN)
                         net (fo=0)                   0.000     0.000    clk_u0/inst/clk_in1
    W19                  IBUF (Prop_ibuf_I_O)         0.465     0.465 r  clk_u0/inst/clkin1_ibufg/O
                         net (fo=1, routed)           0.480     0.945    clk_u0/inst/clk_in1_clk_wiz_0
    MMCME2_ADV_X0Y2      MMCME2_ADV (Prop_mmcme2_adv_CLKIN1_CLKOUT0)
                                                     -3.355    -2.410 r  clk_u0/inst/mmcm_adv_inst/CLKOUT0
                         net (fo=1, routed)           0.595    -1.815    clk_u0/inst/clk_125M_clk_wiz_0
    BUFGCTRL_X0Y0        BUFG (Prop_bufg_I_O)         0.029    -1.786 r  clk_u0/inst/clkout1_buf/O
                         net (fo=9233, routed)        0.970    -0.817    u_Demodulation/LPF_U1_fm/U0/i_synth/g_single_rate.i_single_rate/aclk
    SLICE_X15Y99         FDRE                                         r  u_Demodulation/LPF_U1_fm/U0/i_synth/g_single_rate.i_single_rate/g_m_data_chan_no_fifo.m_axis_data_tdata_int_reg[19]/C
                         clock pessimism              0.509    -0.308    
    SLICE_X15Y99         FDRE (Hold_fdre_C_CE)       -0.039    -0.347    u_Demodulation/LPF_U1_fm/U0/i_synth/g_single_rate.i_single_rate/g_m_data_chan_no_fifo.m_axis_data_tdata_int_reg[19]
  -------------------------------------------------------------------
                         required time                          0.347    
                         arrival time                          -0.325    
  -------------------------------------------------------------------
                         slack                                  0.022    

Slack (MET) :             0.022ns  (arrival time - required time)
  Source:                 u_Demodulation/LPF_U1_fm/U0/i_synth/g_single_rate.i_single_rate/g_parallel.i_latch_op/gen_dly.gen_shiftreg.gen_rtl_delay.delay_bus_reg[21][0]/C
                            (rising edge-triggered cell FDRE clocked by clk_125M_clk_wiz_0  {rise@0.000ns fall@4.000ns period=8.000ns})
  Destination:            u_Demodulation/LPF_U1_fm/U0/i_synth/g_single_rate.i_single_rate/g_m_data_chan_no_fifo.m_axis_data_tdata_int_reg[32]/CE
                            (rising edge-triggered cell FDRE clocked by clk_125M_clk_wiz_0  {rise@0.000ns fall@4.000ns period=8.000ns})
  Path Group:             clk_125M_clk_wiz_0
  Path Type:              Hold (Min at Fast Process Corner)
  Requirement:            0.000ns  (clk_125M_clk_wiz_0 rise@0.000ns - clk_125M_clk_wiz_0 rise@0.000ns)
  Data Path Delay:        0.320ns  (logic 0.164ns (51.203%)  route 0.156ns (48.797%))
  Logic Levels:           0  
  Clock Path Skew:        0.337ns (DCD - SCD - CPR)
    Destination Clock Delay (DCD):    -0.817ns
    Source Clock Delay      (SCD):    -0.645ns
    Clock Pessimism Removal (CPR):    -0.509ns

    Location             Delay type                Incr(ns)  Path(ns)    Netlist Resource(s)
  -------------------------------------------------------------------    -------------------
                         (clock clk_125M_clk_wiz_0 rise edge)
                                                      0.000     0.000 r  
    W19                                               0.000     0.000 r  clk_50M (IN)
                         net (fo=0)                   0.000     0.000    clk_u0/inst/clk_in1
    W19                  IBUF (Prop_ibuf_I_O)         0.277     0.277 r  clk_u0/inst/clkin1_ibufg/O
                         net (fo=1, routed)           0.440     0.717    clk_u0/inst/clk_in1_clk_wiz_0
    MMCME2_ADV_X0Y2      MMCME2_ADV (Prop_mmcme2_adv_CLKIN1_CLKOUT0)
                                                     -2.560    -1.843 r  clk_u0/inst/mmcm_adv_inst/CLKOUT0
                         net (fo=1, routed)           0.545    -1.299    clk_u0/inst/clk_125M_clk_wiz_0
    BUFGCTRL_X0Y0        BUFG (Prop_bufg_I_O)         0.026    -1.273 r  clk_u0/inst/clkout1_buf/O
                         net (fo=9233, routed)        0.628    -0.645    u_Demodulation/LPF_U1_fm/U0/i_synth/g_single_rate.i_single_rate/g_parallel.i_latch_op/aclk
    SLICE_X14Y100        FDRE                                         r  u_Demodulation/LPF_U1_fm/U0/i_synth/g_single_rate.i_single_rate/g_parallel.i_latch_op/gen_dly.gen_shiftreg.gen_rtl_delay.delay_bus_reg[21][0]/C
  -------------------------------------------------------------------    -------------------
    SLICE_X14Y100        FDRE (Prop_fdre_C_Q)         0.164    -0.481 r  u_Demodulation/LPF_U1_fm/U0/i_synth/g_single_rate.i_single_rate/g_parallel.i_latch_op/gen_dly.gen_shiftreg.gen_rtl_delay.delay_bus_reg[21][0]/Q
                         net (fo=32, routed)          0.156    -0.325    u_Demodulation/LPF_U1_fm/U0/i_synth/g_single_rate.i_single_rate/gen_dly.gen_shiftreg.gen_rtl_delay.delay_bus_reg[21]
    SLICE_X15Y99         FDRE                                         r  u_Demodulation/LPF_U1_fm/U0/i_synth/g_single_rate.i_single_rate/g_m_data_chan_no_fifo.m_axis_data_tdata_int_reg[32]/CE
  -------------------------------------------------------------------    -------------------

                         (clock clk_125M_clk_wiz_0 rise edge)
                                                      0.000     0.000 r  
    W19                                               0.000     0.000 r  clk_50M (IN)
                         net (fo=0)                   0.000     0.000    clk_u0/inst/clk_in1
    W19                  IBUF (Prop_ibuf_I_O)         0.465     0.465 r  clk_u0/inst/clkin1_ibufg/O
                         net (fo=1, routed)           0.480     0.945    clk_u0/inst/clk_in1_clk_wiz_0
    MMCME2_ADV_X0Y2      MMCME2_ADV (Prop_mmcme2_adv_CLKIN1_CLKOUT0)
                                                     -3.355    -2.410 r  clk_u0/inst/mmcm_adv_inst/CLKOUT0
                         net (fo=1, routed)           0.595    -1.815    clk_u0/inst/clk_125M_clk_wiz_0
    BUFGCTRL_X0Y0        BUFG (Prop_bufg_I_O)         0.029    -1.786 r  clk_u0/inst/clkout1_buf/O
                         net (fo=9233, routed)        0.970    -0.817    u_Demodulation/LPF_U1_fm/U0/i_synth/g_single_rate.i_single_rate/aclk
    SLICE_X15Y99         FDRE                                         r  u_Demodulation/LPF_U1_fm/U0/i_synth/g_single_rate.i_single_rate/g_m_data_chan_no_fifo.m_axis_data_tdata_int_reg[32]/C
                         clock pessimism              0.509    -0.308    
    SLICE_X15Y99         FDRE (Hold_fdre_C_CE)       -0.039    -0.347    u_Demodulation/LPF_U1_fm/U0/i_synth/g_single_rate.i_single_rate/g_m_data_chan_no_fifo.m_axis_data_tdata_int_reg[32]
  -------------------------------------------------------------------
                         required time                          0.347    
                         arrival time                          -0.325    
  -------------------------------------------------------------------
                         slack                                  0.022    

Slack (MET) :             0.022ns  (arrival time - required time)
  Source:                 u_Demodulation/LPF_U1_fm/U0/i_synth/g_single_rate.i_single_rate/g_parallel.i_latch_op/gen_dly.gen_shiftreg.gen_rtl_delay.delay_bus_reg[21][0]/C
                            (rising edge-triggered cell FDRE clocked by clk_125M_clk_wiz_0  {rise@0.000ns fall@4.000ns period=8.000ns})
  Destination:            u_Demodulation/LPF_U1_fm/U0/i_synth/g_single_rate.i_single_rate/g_m_data_chan_no_fifo.m_axis_data_tdata_int_reg[39]/CE
                            (rising edge-triggered cell FDRE clocked by clk_125M_clk_wiz_0  {rise@0.000ns fall@4.000ns period=8.000ns})
  Path Group:             clk_125M_clk_wiz_0
  Path Type:              Hold (Min at Fast Process Corner)
  Requirement:            0.000ns  (clk_125M_clk_wiz_0 rise@0.000ns - clk_125M_clk_wiz_0 rise@0.000ns)
  Data Path Delay:        0.320ns  (logic 0.164ns (51.203%)  route 0.156ns (48.797%))
  Logic Levels:           0  
  Clock Path Skew:        0.337ns (DCD - SCD - CPR)
    Destination Clock Delay (DCD):    -0.817ns
    Source Clock Delay      (SCD):    -0.645ns
    Clock Pessimism Removal (CPR):    -0.509ns

    Location             Delay type                Incr(ns)  Path(ns)    Netlist Resource(s)
  -------------------------------------------------------------------    -------------------
                         (clock clk_125M_clk_wiz_0 rise edge)
                                                      0.000     0.000 r  
    W19                                               0.000     0.000 r  clk_50M (IN)
                         net (fo=0)                   0.000     0.000    clk_u0/inst/clk_in1
    W19                  IBUF (Prop_ibuf_I_O)         0.277     0.277 r  clk_u0/inst/clkin1_ibufg/O
                         net (fo=1, routed)           0.440     0.717    clk_u0/inst/clk_in1_clk_wiz_0
    MMCME2_ADV_X0Y2      MMCME2_ADV (Prop_mmcme2_adv_CLKIN1_CLKOUT0)
                                                     -2.560    -1.843 r  clk_u0/inst/mmcm_adv_inst/CLKOUT0
                         net (fo=1, routed)           0.545    -1.299    clk_u0/inst/clk_125M_clk_wiz_0
    BUFGCTRL_X0Y0        BUFG (Prop_bufg_I_O)         0.026    -1.273 r  clk_u0/inst/clkout1_buf/O
                         net (fo=9233, routed)        0.628    -0.645    u_Demodulation/LPF_U1_fm/U0/i_synth/g_single_rate.i_single_rate/g_parallel.i_latch_op/aclk
    SLICE_X14Y100        FDRE                                         r  u_Demodulation/LPF_U1_fm/U0/i_synth/g_single_rate.i_single_rate/g_parallel.i_latch_op/gen_dly.gen_shiftreg.gen_rtl_delay.delay_bus_reg[21][0]/C
  -------------------------------------------------------------------    -------------------
    SLICE_X14Y100        FDRE (Prop_fdre_C_Q)         0.164    -0.481 r  u_Demodulation/LPF_U1_fm/U0/i_synth/g_single_rate.i_single_rate/g_parallel.i_latch_op/gen_dly.gen_shiftreg.gen_rtl_delay.delay_bus_reg[21][0]/Q
                         net (fo=32, routed)          0.156    -0.325    u_Demodulation/LPF_U1_fm/U0/i_synth/g_single_rate.i_single_rate/gen_dly.gen_shiftreg.gen_rtl_delay.delay_bus_reg[21]
    SLICE_X15Y99         FDRE                                         r  u_Demodulation/LPF_U1_fm/U0/i_synth/g_single_rate.i_single_rate/g_m_data_chan_no_fifo.m_axis_data_tdata_int_reg[39]/CE
  -------------------------------------------------------------------    -------------------

                         (clock clk_125M_clk_wiz_0 rise edge)
                                                      0.000     0.000 r  
    W19                                               0.000     0.000 r  clk_50M (IN)
                         net (fo=0)                   0.000     0.000    clk_u0/inst/clk_in1
    W19                  IBUF (Prop_ibuf_I_O)         0.465     0.465 r  clk_u0/inst/clkin1_ibufg/O
                         net (fo=1, routed)           0.480     0.945    clk_u0/inst/clk_in1_clk_wiz_0
    MMCME2_ADV_X0Y2      MMCME2_ADV (Prop_mmcme2_adv_CLKIN1_CLKOUT0)
                                                     -3.355    -2.410 r  clk_u0/inst/mmcm_adv_inst/CLKOUT0
                         net (fo=1, routed)           0.595    -1.815    clk_u0/inst/clk_125M_clk_wiz_0
    BUFGCTRL_X0Y0        BUFG (Prop_bufg_I_O)         0.029    -1.786 r  clk_u0/inst/clkout1_buf/O
                         net (fo=9233, routed)        0.970    -0.817    u_Demodulation/LPF_U1_fm/U0/i_synth/g_single_rate.i_single_rate/aclk
    SLICE_X15Y99         FDRE                                         r  u_Demodulation/LPF_U1_fm/U0/i_synth/g_single_rate.i_single_rate/g_m_data_chan_no_fifo.m_axis_data_tdata_int_reg[39]/C
                         clock pessimism              0.509    -0.308    
    SLICE_X15Y99         FDRE (Hold_fdre_C_CE)       -0.039    -0.347    u_Demodulation/LPF_U1_fm/U0/i_synth/g_single_rate.i_single_rate/g_m_data_chan_no_fifo.m_axis_data_tdata_int_reg[39]
  -------------------------------------------------------------------
                         required time                          0.347    
                         arrival time                          -0.325    
  -------------------------------------------------------------------
                         slack                                  0.022    

Slack (MET) :             0.032ns  (arrival time - required time)
  Source:                 u_Demodulation/LPF_U1_fm/U0/i_synth/g_single_rate.i_single_rate/g_s_data_chan_fifo.i_s_data_chan_fifo/fifo0/fifo_2_reg[12]/C
                            (rising edge-triggered cell FDRE clocked by clk_125M_clk_wiz_0  {rise@0.000ns fall@4.000ns period=8.000ns})
  Destination:            u_Demodulation/LPF_U1_fm/U0/i_synth/g_single_rate.i_single_rate/g_parallel.i_data_in/gen_reg.d_reg_reg[12]/D
                            (rising edge-triggered cell FDRE clocked by clk_125M_clk_wiz_0  {rise@0.000ns fall@4.000ns period=8.000ns})
  Path Group:             clk_125M_clk_wiz_0
  Path Type:              Hold (Min at Fast Process Corner)
  Requirement:            0.000ns  (clk_125M_clk_wiz_0 rise@0.000ns - clk_125M_clk_wiz_0 rise@0.000ns)
  Data Path Delay:        0.254ns  (logic 0.148ns (58.284%)  route 0.106ns (41.716%))
  Logic Levels:           0  
  Clock Path Skew:        0.199ns (DCD - SCD - CPR)
    Destination Clock Delay (DCD):    -0.888ns
    Source Clock Delay      (SCD):    -0.578ns
    Clock Pessimism Removal (CPR):    -0.509ns

    Location             Delay type                Incr(ns)  Path(ns)    Netlist Resource(s)
  -------------------------------------------------------------------    -------------------
                         (clock clk_125M_clk_wiz_0 rise edge)
                                                      0.000     0.000 r  
    W19                                               0.000     0.000 r  clk_50M (IN)
                         net (fo=0)                   0.000     0.000    clk_u0/inst/clk_in1
    W19                  IBUF (Prop_ibuf_I_O)         0.277     0.277 r  clk_u0/inst/clkin1_ibufg/O
                         net (fo=1, routed)           0.440     0.717    clk_u0/inst/clk_in1_clk_wiz_0
    MMCME2_ADV_X0Y2      MMCME2_ADV (Prop_mmcme2_adv_CLKIN1_CLKOUT0)
                                                     -2.560    -1.843 r  clk_u0/inst/mmcm_adv_inst/CLKOUT0
                         net (fo=1, routed)           0.545    -1.299    clk_u0/inst/clk_125M_clk_wiz_0
    BUFGCTRL_X0Y0        BUFG (Prop_bufg_I_O)         0.026    -1.273 r  clk_u0/inst/clkout1_buf/O
                         net (fo=9233, routed)        0.694    -0.578    u_Demodulation/LPF_U1_fm/U0/i_synth/g_single_rate.i_single_rate/g_s_data_chan_fifo.i_s_data_chan_fifo/fifo0/aclk
    SLICE_X18Y99         FDRE                                         r  u_Demodulation/LPF_U1_fm/U0/i_synth/g_single_rate.i_single_rate/g_s_data_chan_fifo.i_s_data_chan_fifo/fifo0/fifo_2_reg[12]/C
  -------------------------------------------------------------------    -------------------
    SLICE_X18Y99         FDRE (Prop_fdre_C_Q)         0.148    -0.430 r  u_Demodulation/LPF_U1_fm/U0/i_synth/g_single_rate.i_single_rate/g_s_data_chan_fifo.i_s_data_chan_fifo/fifo0/fifo_2_reg[12]/Q
                         net (fo=1, routed)           0.106    -0.324    u_Demodulation/LPF_U1_fm/U0/i_synth/g_single_rate.i_single_rate/g_parallel.i_data_in/rd_data[12]
    SLICE_X17Y100        FDRE                                         r  u_Demodulation/LPF_U1_fm/U0/i_synth/g_single_rate.i_single_rate/g_parallel.i_data_in/gen_reg.d_reg_reg[12]/D
  -------------------------------------------------------------------    -------------------

                         (clock clk_125M_clk_wiz_0 rise edge)
                                                      0.000     0.000 r  
    W19                                               0.000     0.000 r  clk_50M (IN)
                         net (fo=0)                   0.000     0.000    clk_u0/inst/clk_in1
    W19                  IBUF (Prop_ibuf_I_O)         0.465     0.465 r  clk_u0/inst/clkin1_ibufg/O
                         net (fo=1, routed)           0.480     0.945    clk_u0/inst/clk_in1_clk_wiz_0
    MMCME2_ADV_X0Y2      MMCME2_ADV (Prop_mmcme2_adv_CLKIN1_CLKOUT0)
                                                     -3.355    -2.410 r  clk_u0/inst/mmcm_adv_inst/CLKOUT0
                         net (fo=1, routed)           0.595    -1.815    clk_u0/inst/clk_125M_clk_wiz_0
    BUFGCTRL_X0Y0        BUFG (Prop_bufg_I_O)         0.029    -1.786 r  clk_u0/inst/clkout1_buf/O
                         net (fo=9233, routed)        0.899    -0.888    u_Demodulation/LPF_U1_fm/U0/i_synth/g_single_rate.i_single_rate/g_parallel.i_data_in/aclk
    SLICE_X17Y100        FDRE                                         r  u_Demodulation/LPF_U1_fm/U0/i_synth/g_single_rate.i_single_rate/g_parallel.i_data_in/gen_reg.d_reg_reg[12]/C
                         clock pessimism              0.509    -0.379    
    SLICE_X17Y100        FDRE (Hold_fdre_C_D)         0.023    -0.356    u_Demodulation/LPF_U1_fm/U0/i_synth/g_single_rate.i_single_rate/g_parallel.i_data_in/gen_reg.d_reg_reg[12]
  -------------------------------------------------------------------
                         required time                          0.356    
                         arrival time                          -0.324    
  -------------------------------------------------------------------
                         slack                                  0.032    

Slack (MET) :             0.034ns  (arrival time - required time)
  Source:                 u_Demodulation/LPF_U1_fm/U0/i_synth/g_single_rate.i_single_rate/g_m_data_chan_no_fifo.m_axis_data_tdata_int_reg[15]/C
                            (rising edge-triggered cell FDRE clocked by clk_125M_clk_wiz_0  {rise@0.000ns fall@4.000ns period=8.000ns})
  Destination:            u_Demodulation/u_CIC_FM/U0/i_synth/decimator.decimation_filter/data_in_reg[13]/D
                            (rising edge-triggered cell FDRE clocked by clk_125M_clk_wiz_0  {rise@0.000ns fall@4.000ns period=8.000ns})
  Path Group:             clk_125M_clk_wiz_0
  Path Type:              Hold (Min at Fast Process Corner)
  Requirement:            0.000ns  (clk_125M_clk_wiz_0 rise@0.000ns - clk_125M_clk_wiz_0 rise@0.000ns)
  Data Path Delay:        0.311ns  (logic 0.141ns (45.410%)  route 0.170ns (54.590%))
  Logic Levels:           0  
  Clock Path Skew:        0.200ns (DCD - SCD - CPR)
    Destination Clock Delay (DCD):    -0.887ns
    Source Clock Delay      (SCD):    -0.578ns
    Clock Pessimism Removal (CPR):    -0.509ns

    Location             Delay type                Incr(ns)  Path(ns)    Netlist Resource(s)
  -------------------------------------------------------------------    -------------------
                         (clock clk_125M_clk_wiz_0 rise edge)
                                                      0.000     0.000 r  
    W19                                               0.000     0.000 r  clk_50M (IN)
                         net (fo=0)                   0.000     0.000    clk_u0/inst/clk_in1
    W19                  IBUF (Prop_ibuf_I_O)         0.277     0.277 r  clk_u0/inst/clkin1_ibufg/O
                         net (fo=1, routed)           0.440     0.717    clk_u0/inst/clk_in1_clk_wiz_0
    MMCME2_ADV_X0Y2      MMCME2_ADV (Prop_mmcme2_adv_CLKIN1_CLKOUT0)
                                                     -2.560    -1.843 r  clk_u0/inst/mmcm_adv_inst/CLKOUT0
                         net (fo=1, routed)           0.545    -1.299    clk_u0/inst/clk_125M_clk_wiz_0
    BUFGCTRL_X0Y0        BUFG (Prop_bufg_I_O)         0.026    -1.273 r  clk_u0/inst/clkout1_buf/O
                         net (fo=9233, routed)        0.694    -0.578    u_Demodulation/LPF_U1_fm/U0/i_synth/g_single_rate.i_single_rate/aclk
    SLICE_X15Y98         FDRE                                         r  u_Demodulation/LPF_U1_fm/U0/i_synth/g_single_rate.i_single_rate/g_m_data_chan_no_fifo.m_axis_data_tdata_int_reg[15]/C
  -------------------------------------------------------------------    -------------------
    SLICE_X15Y98         FDRE (Prop_fdre_C_Q)         0.141    -0.437 r  u_Demodulation/LPF_U1_fm/U0/i_synth/g_single_rate.i_single_rate/g_m_data_chan_no_fifo.m_axis_data_tdata_int_reg[15]/Q
                         net (fo=1, routed)           0.170    -0.268    u_Demodulation/u_CIC_FM/U0/i_synth/decimator.decimation_filter/s_axis_data_tdata[13]
    SLICE_X14Y101        FDRE                                         r  u_Demodulation/u_CIC_FM/U0/i_synth/decimator.decimation_filter/data_in_reg[13]/D
  -------------------------------------------------------------------    -------------------

                         (clock clk_125M_clk_wiz_0 rise edge)
                                                      0.000     0.000 r  
    W19                                               0.000     0.000 r  clk_50M (IN)
                         net (fo=0)                   0.000     0.000    clk_u0/inst/clk_in1
    W19                  IBUF (Prop_ibuf_I_O)         0.465     0.465 r  clk_u0/inst/clkin1_ibufg/O
                         net (fo=1, routed)           0.480     0.945    clk_u0/inst/clk_in1_clk_wiz_0
    MMCME2_ADV_X0Y2      MMCME2_ADV (Prop_mmcme2_adv_CLKIN1_CLKOUT0)
                                                     -3.355    -2.410 r  clk_u0/inst/mmcm_adv_inst/CLKOUT0
                         net (fo=1, routed)           0.595    -1.815    clk_u0/inst/clk_125M_clk_wiz_0
    BUFGCTRL_X0Y0        BUFG (Prop_bufg_I_O)         0.029    -1.786 r  clk_u0/inst/clkout1_buf/O
                         net (fo=9233, routed)        0.900    -0.887    u_Demodulation/u_CIC_FM/U0/i_synth/decimator.decimation_filter/aclk
    SLICE_X14Y101        FDRE                                         r  u_Demodulation/u_CIC_FM/U0/i_synth/decimator.decimation_filter/data_in_reg[13]/C
                         clock pessimism              0.509    -0.378    
    SLICE_X14Y101        FDRE (Hold_fdre_C_D)         0.076    -0.302    u_Demodulation/u_CIC_FM/U0/i_synth/decimator.decimation_filter/data_in_reg[13]
  -------------------------------------------------------------------
                         required time                          0.302    
                         arrival time                          -0.268    
  -------------------------------------------------------------------
                         slack                                  0.034    

Slack (MET) :             0.040ns  (arrival time - required time)
  Source:                 u_Demodulation/u_CIC_FFT_1/U0/i_synth/decimator.decimation_filter/comb/gen_stages[0].gen_folded.int_comb_stage/gen_split_accum[0].gen_comb_mem_src.mem_src_reg[0]/C
                            (rising edge-triggered cell FDRE clocked by clk_125M_clk_wiz_0  {rise@0.000ns fall@4.000ns period=8.000ns})
  Destination:            u_Demodulation/u_CIC_FFT_1/U0/i_synth/decimator.decimation_filter/comb/gen_stages[0].gen_folded.int_comb_stage/gen_split_accum[0].gen_mem/gen_dly.gen_shiftreg.gen_rtl_delay.delay_bus_reg[1][0]_srl2/D
                            (rising edge-triggered cell SRL16E clocked by clk_125M_clk_wiz_0  {rise@0.000ns fall@4.000ns period=8.000ns})
  Path Group:             clk_125M_clk_wiz_0
  Path Type:              Hold (Min at Fast Process Corner)
  Requirement:            0.000ns  (clk_125M_clk_wiz_0 rise@0.000ns - clk_125M_clk_wiz_0 rise@0.000ns)
  Data Path Delay:        0.341ns  (logic 0.164ns (48.033%)  route 0.177ns (51.967%))
  Logic Levels:           0  
  Clock Path Skew:        0.199ns (DCD - SCD - CPR)
    Destination Clock Delay (DCD):    -0.890ns
    Source Clock Delay      (SCD):    -0.580ns
    Clock Pessimism Removal (CPR):    -0.509ns

    Location             Delay type                Incr(ns)  Path(ns)    Netlist Resource(s)
  -------------------------------------------------------------------    -------------------
                         (clock clk_125M_clk_wiz_0 rise edge)
                                                      0.000     0.000 r  
    W19                                               0.000     0.000 r  clk_50M (IN)
                         net (fo=0)                   0.000     0.000    clk_u0/inst/clk_in1
    W19                  IBUF (Prop_ibuf_I_O)         0.277     0.277 r  clk_u0/inst/clkin1_ibufg/O
                         net (fo=1, routed)           0.440     0.717    clk_u0/inst/clk_in1_clk_wiz_0
    MMCME2_ADV_X0Y2      MMCME2_ADV (Prop_mmcme2_adv_CLKIN1_CLKOUT0)
                                                     -2.560    -1.843 r  clk_u0/inst/mmcm_adv_inst/CLKOUT0
                         net (fo=1, routed)           0.545    -1.299    clk_u0/inst/clk_125M_clk_wiz_0
    BUFGCTRL_X0Y0        BUFG (Prop_bufg_I_O)         0.026    -1.273 r  clk_u0/inst/clkout1_buf/O
                         net (fo=9233, routed)        0.692    -0.580    u_Demodulation/u_CIC_FFT_1/U0/i_synth/decimator.decimation_filter/comb/gen_stages[0].gen_folded.int_comb_stage/aclk
    SLICE_X20Y99         FDRE                                         r  u_Demodulation/u_CIC_FFT_1/U0/i_synth/decimator.decimation_filter/comb/gen_stages[0].gen_folded.int_comb_stage/gen_split_accum[0].gen_comb_mem_src.mem_src_reg[0]/C
  -------------------------------------------------------------------    -------------------
    SLICE_X20Y99         FDRE (Prop_fdre_C_Q)         0.164    -0.416 r  u_Demodulation/u_CIC_FFT_1/U0/i_synth/decimator.decimation_filter/comb/gen_stages[0].gen_folded.int_comb_stage/gen_split_accum[0].gen_comb_mem_src.mem_src_reg[0]/Q
                         net (fo=1, routed)           0.177    -0.239    u_Demodulation/u_CIC_FFT_1/U0/i_synth/decimator.decimation_filter/comb/gen_stages[0].gen_folded.int_comb_stage/gen_split_accum[0].gen_mem/mem_src[0]
    SLICE_X20Y100        SRL16E                                       r  u_Demodulation/u_CIC_FFT_1/U0/i_synth/decimator.decimation_filter/comb/gen_stages[0].gen_folded.int_comb_stage/gen_split_accum[0].gen_mem/gen_dly.gen_shiftreg.gen_rtl_delay.delay_bus_reg[1][0]_srl2/D
  -------------------------------------------------------------------    -------------------

                         (clock clk_125M_clk_wiz_0 rise edge)
                                                      0.000     0.000 r  
    W19                                               0.000     0.000 r  clk_50M (IN)
                         net (fo=0)                   0.000     0.000    clk_u0/inst/clk_in1
    W19                  IBUF (Prop_ibuf_I_O)         0.465     0.465 r  clk_u0/inst/clkin1_ibufg/O
                         net (fo=1, routed)           0.480     0.945    clk_u0/inst/clk_in1_clk_wiz_0
    MMCME2_ADV_X0Y2      MMCME2_ADV (Prop_mmcme2_adv_CLKIN1_CLKOUT0)
                                                     -3.355    -2.410 r  clk_u0/inst/mmcm_adv_inst/CLKOUT0
                         net (fo=1, routed)           0.595    -1.815    clk_u0/inst/clk_125M_clk_wiz_0
    BUFGCTRL_X0Y0        BUFG (Prop_bufg_I_O)         0.029    -1.786 r  clk_u0/inst/clkout1_buf/O
                         net (fo=9233, routed)        0.897    -0.890    u_Demodulation/u_CIC_FFT_1/U0/i_synth/decimator.decimation_filter/comb/gen_stages[0].gen_folded.int_comb_stage/gen_split_accum[0].gen_mem/aclk
    SLICE_X20Y100        SRL16E                                       r  u_Demodulation/u_CIC_FFT_1/U0/i_synth/decimator.decimation_filter/comb/gen_stages[0].gen_folded.int_comb_stage/gen_split_accum[0].gen_mem/gen_dly.gen_shiftreg.gen_rtl_delay.delay_bus_reg[1][0]_srl2/CLK
                         clock pessimism              0.509    -0.381    
    SLICE_X20Y100        SRL16E (Hold_srl16e_CLK_D)
                                                      0.102    -0.279    u_Demodulation/u_CIC_FFT_1/U0/i_synth/decimator.decimation_filter/comb/gen_stages[0].gen_folded.int_comb_stage/gen_split_accum[0].gen_mem/gen_dly.gen_shiftreg.gen_rtl_delay.delay_bus_reg[1][0]_srl2
  -------------------------------------------------------------------
                         required time                          0.279    
                         arrival time                          -0.239    
  -------------------------------------------------------------------
                         slack                                  0.040    

Slack (MET) :             0.043ns  (arrival time - required time)
  Source:                 u_Demodulation/LPF_U1_fm/U0/i_synth/g_single_rate.i_single_rate/g_parallel.g_paths[0].g_symmetric.g_data_array.g_data[14].g_data_buff.i_data_buf/g_buff.i_buff/gen_reg.d_reg_reg[15]/C
                            (rising edge-triggered cell FDRE clocked by clk_125M_clk_wiz_0  {rise@0.000ns fall@4.000ns period=8.000ns})
  Destination:            u_Demodulation/LPF_U1_fm/U0/i_synth/g_single_rate.i_single_rate/g_parallel.g_paths[0].g_symmetric.g_data_array.g_data[15].i_data_casc_dly/gen_dly.gen_shiftreg.gen_rtl_delay.delay_bus_reg[0][15]_srl1/D
                            (rising edge-triggered cell SRL16E clocked by clk_125M_clk_wiz_0  {rise@0.000ns fall@4.000ns period=8.000ns})
  Path Group:             clk_125M_clk_wiz_0
  Path Type:              Hold (Min at Fast Process Corner)
  Requirement:            0.000ns  (clk_125M_clk_wiz_0 rise@0.000ns - clk_125M_clk_wiz_0 rise@0.000ns)
  Data Path Delay:        0.264ns  (logic 0.141ns (53.320%)  route 0.123ns (46.680%))
  Logic Levels:           0  
  Clock Path Skew:        0.038ns (DCD - SCD - CPR)
    Destination Clock Delay (DCD):    -0.822ns
    Source Clock Delay      (SCD):    -0.583ns
    Clock Pessimism Removal (CPR):    -0.277ns

    Location             Delay type                Incr(ns)  Path(ns)    Netlist Resource(s)
  -------------------------------------------------------------------    -------------------
                         (clock clk_125M_clk_wiz_0 rise edge)
                                                      0.000     0.000 r  
    W19                                               0.000     0.000 r  clk_50M (IN)
                         net (fo=0)                   0.000     0.000    clk_u0/inst/clk_in1
    W19                  IBUF (Prop_ibuf_I_O)         0.277     0.277 r  clk_u0/inst/clkin1_ibufg/O
                         net (fo=1, routed)           0.440     0.717    clk_u0/inst/clk_in1_clk_wiz_0
    MMCME2_ADV_X0Y2      MMCME2_ADV (Prop_mmcme2_adv_CLKIN1_CLKOUT0)
                                                     -2.560    -1.843 r  clk_u0/inst/mmcm_adv_inst/CLKOUT0
                         net (fo=1, routed)           0.545    -1.299    clk_u0/inst/clk_125M_clk_wiz_0
    BUFGCTRL_X0Y0        BUFG (Prop_bufg_I_O)         0.026    -1.273 r  clk_u0/inst/clkout1_buf/O
                         net (fo=9233, routed)        0.689    -0.583    u_Demodulation/LPF_U1_fm/U0/i_synth/g_single_rate.i_single_rate/g_parallel.g_paths[0].g_symmetric.g_data_array.g_data[14].g_data_buff.i_data_buf/g_buff.i_buff/aclk
    SLICE_X15Y63         FDRE                                         r  u_Demodulation/LPF_U1_fm/U0/i_synth/g_single_rate.i_single_rate/g_parallel.g_paths[0].g_symmetric.g_data_array.g_data[14].g_data_buff.i_data_buf/g_buff.i_buff/gen_reg.d_reg_reg[15]/C
  -------------------------------------------------------------------    -------------------
    SLICE_X15Y63         FDRE (Prop_fdre_C_Q)         0.141    -0.442 r  u_Demodulation/LPF_U1_fm/U0/i_synth/g_single_rate.i_single_rate/g_parallel.g_paths[0].g_symmetric.g_data_array.g_data[14].g_data_buff.i_data_buf/g_buff.i_buff/gen_reg.d_reg_reg[15]/Q
                         net (fo=2, routed)           0.123    -0.319    u_Demodulation/LPF_U1_fm/U0/i_synth/g_single_rate.i_single_rate/g_parallel.g_paths[0].g_symmetric.g_data_array.g_data[15].i_data_casc_dly/gen_dly.gen_shiftreg.gen_rtl_delay.delay_bus_reg[1][15]_0
    SLICE_X16Y62         SRL16E                                       r  u_Demodulation/LPF_U1_fm/U0/i_synth/g_single_rate.i_single_rate/g_parallel.g_paths[0].g_symmetric.g_data_array.g_data[15].i_data_casc_dly/gen_dly.gen_shiftreg.gen_rtl_delay.delay_bus_reg[0][15]_srl1/D
  -------------------------------------------------------------------    -------------------

                         (clock clk_125M_clk_wiz_0 rise edge)
                                                      0.000     0.000 r  
    W19                                               0.000     0.000 r  clk_50M (IN)
                         net (fo=0)                   0.000     0.000    clk_u0/inst/clk_in1
    W19                  IBUF (Prop_ibuf_I_O)         0.465     0.465 r  clk_u0/inst/clkin1_ibufg/O
                         net (fo=1, routed)           0.480     0.945    clk_u0/inst/clk_in1_clk_wiz_0
    MMCME2_ADV_X0Y2      MMCME2_ADV (Prop_mmcme2_adv_CLKIN1_CLKOUT0)
                                                     -3.355    -2.410 r  clk_u0/inst/mmcm_adv_inst/CLKOUT0
                         net (fo=1, routed)           0.595    -1.815    clk_u0/inst/clk_125M_clk_wiz_0
    BUFGCTRL_X0Y0        BUFG (Prop_bufg_I_O)         0.029    -1.786 r  clk_u0/inst/clkout1_buf/O
                         net (fo=9233, routed)        0.965    -0.822    u_Demodulation/LPF_U1_fm/U0/i_synth/g_single_rate.i_single_rate/g_parallel.g_paths[0].g_symmetric.g_data_array.g_data[15].i_data_casc_dly/aclk
    SLICE_X16Y62         SRL16E                                       r  u_Demodulation/LPF_U1_fm/U0/i_synth/g_single_rate.i_single_rate/g_parallel.g_paths[0].g_symmetric.g_data_array.g_data[15].i_data_casc_dly/gen_dly.gen_shiftreg.gen_rtl_delay.delay_bus_reg[0][15]_srl1/CLK
                         clock pessimism              0.277    -0.545    
    SLICE_X16Y62         SRL16E (Hold_srl16e_CLK_D)
                                                      0.183    -0.362    u_Demodulation/LPF_U1_fm/U0/i_synth/g_single_rate.i_single_rate/g_parallel.g_paths[0].g_symmetric.g_data_array.g_data[15].i_data_casc_dly/gen_dly.gen_shiftreg.gen_rtl_delay.delay_bus_reg[0][15]_srl1
  -------------------------------------------------------------------
                         required time                          0.362    
                         arrival time                          -0.319    
  -------------------------------------------------------------------
                         slack                                  0.043    





Pulse Width Checks
--------------------------------------------------------------------------------------
Clock Name:         clk_125M_clk_wiz_0
Waveform(ns):       { 0.000 4.000 }
Period(ns):         8.000
Sources:            { clk_u0/inst/mmcm_adv_inst/CLKOUT0 }

Check Type        Corner  Lib Pin             Reference Pin  Required(ns)  Actual(ns)  Slack(ns)  Location         Pin
Min Period        n/a     RAMB36E1/CLKBWRCLK  n/a            2.576         8.000       5.424      RAMB36_X2Y23     u_Demodulation/u_FFT_1/u_fft_ram_test/U0/inst_blk_mem_gen/gnbram.gnativebmg.native_blk_mem_gen/valid.cstr/ramloop[0].ram.r/prim_noinit.ram/DEVICE_7SERIES.NO_BMM_INFO.SDP.SIMPLE_PRIM36.ram/CLKBWRCLK
Min Period        n/a     RAMB36E1/CLKBWRCLK  n/a            2.576         8.000       5.424      RAMB36_X2Y24     u_Demodulation/u_FFT_1/u_fft_ram_test/U0/inst_blk_mem_gen/gnbram.gnativebmg.native_blk_mem_gen/valid.cstr/ramloop[1].ram.r/prim_noinit.ram/DEVICE_7SERIES.NO_BMM_INFO.SDP.SIMPLE_PRIM36.ram/CLKBWRCLK
Min Period        n/a     RAMB36E1/CLKBWRCLK  n/a            2.576         8.000       5.424      RAMB36_X0Y27     u_Demodulation/u_FFT_2/u_fft_ram_test/U0/inst_blk_mem_gen/gnbram.gnativebmg.native_blk_mem_gen/valid.cstr/ramloop[0].ram.r/prim_noinit.ram/DEVICE_7SERIES.NO_BMM_INFO.SDP.SIMPLE_PRIM36.ram/CLKBWRCLK
Min Period        n/a     RAMB36E1/CLKBWRCLK  n/a            2.576         8.000       5.424      RAMB36_X0Y28     u_Demodulation/u_FFT_2/u_fft_ram_test/U0/inst_blk_mem_gen/gnbram.gnativebmg.native_blk_mem_gen/valid.cstr/ramloop[1].ram.r/prim_noinit.ram/DEVICE_7SERIES.NO_BMM_INFO.SDP.SIMPLE_PRIM36.ram/CLKBWRCLK
Min Period        n/a     RAMB18E1/CLKARDCLK  n/a            2.576         8.000       5.424      RAMB18_X0Y34     u_Demodulation/u_dds/U0/i_synth/i_dds/I_SINCOS.i_std_rom.i_rom/i_rtl.i_double_table.i_block_rom.i_pipe_1.pre_asyn_sin_RAM_op_reg/CLKARDCLK
Min Period        n/a     RAMB18E1/CLKBWRCLK  n/a            2.576         8.000       5.424      RAMB18_X0Y34     u_Demodulation/u_dds/U0/i_synth/i_dds/I_SINCOS.i_std_rom.i_rom/i_rtl.i_double_table.i_block_rom.i_pipe_1.pre_asyn_sin_RAM_op_reg/CLKBWRCLK
Min Period        n/a     BUFG/I              n/a            2.155         8.000       5.845      BUFGCTRL_X0Y0    clk_u0/inst/clkout1_buf/I
Min Period        n/a     DSP48E1/CLK         n/a            2.154         8.000       5.846      DSP48_X1Y38      u_Demodulation/LPF_U1_fm/U0/i_synth/g_single_rate.i_single_rate/g_parallel.g_paths[0].g_symmetric.g_madds.g_madd[0].i_madd/i_addsub_mult_add/g_dsp48.g_dsp48e1.i_dsp48e1/CLK
Min Period        n/a     DSP48E1/CLK         n/a            2.154         8.000       5.846      DSP48_X1Y28      u_Demodulation/LPF_U1_fm/U0/i_synth/g_single_rate.i_single_rate/g_parallel.g_paths[0].g_symmetric.g_madds.g_madd[10].i_madd/i_addsub_mult_add/g_dsp48.g_dsp48e1.i_dsp48e1/CLK
Min Period        n/a     DSP48E1/CLK         n/a            2.154         8.000       5.846      DSP48_X1Y27      u_Demodulation/LPF_U1_fm/U0/i_synth/g_single_rate.i_single_rate/g_parallel.g_paths[0].g_symmetric.g_madds.g_madd[11].i_madd/i_addsub_mult_add/g_dsp48.g_dsp48e1.i_dsp48e1/CLK
Max Period        n/a     MMCME2_ADV/CLKOUT0  n/a            213.360       8.000       205.360    MMCME2_ADV_X0Y2  clk_u0/inst/mmcm_adv_inst/CLKOUT0
Low Pulse Width   Slow    SRL16E/CLK          n/a            0.980         4.000       3.020      SLICE_X14Y96     u_Demodulation/LPF_U1_fm/U0/i_synth/g_single_rate.i_single_rate/g_parallel.g_paths[0].g_symmetric.g_data_array.g_data[0].i_data_casc_dly/gen_dly.gen_shiftreg.gen_rtl_delay.delay_bus_reg[15][0]_srl16/CLK
Low Pulse Width   Fast    SRL16E/CLK          n/a            0.980         4.000       3.020      SLICE_X14Y96     u_Demodulation/LPF_U1_fm/U0/i_synth/g_single_rate.i_single_rate/g_parallel.g_paths[0].g_symmetric.g_data_array.g_data[0].i_data_casc_dly/gen_dly.gen_shiftreg.gen_rtl_delay.delay_bus_reg[15][0]_srl16/CLK
Low Pulse Width   Slow    SRL16E/CLK          n/a            0.980         4.000       3.020      SLICE_X16Y99     u_Demodulation/LPF_U1_fm/U0/i_synth/g_single_rate.i_single_rate/g_parallel.g_paths[0].g_symmetric.g_data_array.g_data[0].i_data_casc_dly/gen_dly.gen_shiftreg.gen_rtl_delay.delay_bus_reg[15][10]_srl16/CLK
Low Pulse Width   Fast    SRL16E/CLK          n/a            0.980         4.000       3.020      SLICE_X16Y99     u_Demodulation/LPF_U1_fm/U0/i_synth/g_single_rate.i_single_rate/g_parallel.g_paths[0].g_symmetric.g_data_array.g_data[0].i_data_casc_dly/gen_dly.gen_shiftreg.gen_rtl_delay.delay_bus_reg[15][10]_srl16/CLK
Low Pulse Width   Slow    SRL16E/CLK          n/a            0.980         4.000       3.020      SLICE_X16Y99     u_Demodulation/LPF_U1_fm/U0/i_synth/g_single_rate.i_single_rate/g_parallel.g_paths[0].g_symmetric.g_data_array.g_data[0].i_data_casc_dly/gen_dly.gen_shiftreg.gen_rtl_delay.delay_bus_reg[15][11]_srl16/CLK
Low Pulse Width   Fast    SRL16E/CLK          n/a            0.980         4.000       3.020      SLICE_X16Y99     u_Demodulation/LPF_U1_fm/U0/i_synth/g_single_rate.i_single_rate/g_parallel.g_paths[0].g_symmetric.g_data_array.g_data[0].i_data_casc_dly/gen_dly.gen_shiftreg.gen_rtl_delay.delay_bus_reg[15][11]_srl16/CLK
Low Pulse Width   Slow    SRL16E/CLK          n/a            0.980         4.000       3.020      SLICE_X16Y99     u_Demodulation/LPF_U1_fm/U0/i_synth/g_single_rate.i_single_rate/g_parallel.g_paths[0].g_symmetric.g_data_array.g_data[0].i_data_casc_dly/gen_dly.gen_shiftreg.gen_rtl_delay.delay_bus_reg[15][12]_srl16/CLK
Low Pulse Width   Fast    SRL16E/CLK          n/a            0.980         4.000       3.020      SLICE_X16Y99     u_Demodulation/LPF_U1_fm/U0/i_synth/g_single_rate.i_single_rate/g_parallel.g_paths[0].g_symmetric.g_data_array.g_data[0].i_data_casc_dly/gen_dly.gen_shiftreg.gen_rtl_delay.delay_bus_reg[15][12]_srl16/CLK
Low Pulse Width   Slow    SRL16E/CLK          n/a            0.980         4.000       3.020      SLICE_X16Y99     u_Demodulation/LPF_U1_fm/U0/i_synth/g_single_rate.i_single_rate/g_parallel.g_paths[0].g_symmetric.g_data_array.g_data[0].i_data_casc_dly/gen_dly.gen_shiftreg.gen_rtl_delay.delay_bus_reg[15][13]_srl16/CLK
Low Pulse Width   Fast    SRL16E/CLK          n/a            0.980         4.000       3.020      SLICE_X16Y99     u_Demodulation/LPF_U1_fm/U0/i_synth/g_single_rate.i_single_rate/g_parallel.g_paths[0].g_symmetric.g_data_array.g_data[0].i_data_casc_dly/gen_dly.gen_shiftreg.gen_rtl_delay.delay_bus_reg[15][13]_srl16/CLK
High Pulse Width  Slow    SRL16E/CLK          n/a            0.980         4.000       3.020      SLICE_X14Y96     u_Demodulation/LPF_U1_fm/U0/i_synth/g_single_rate.i_single_rate/g_parallel.g_paths[0].g_symmetric.g_data_array.g_data[0].i_data_casc_dly/gen_dly.gen_shiftreg.gen_rtl_delay.delay_bus_reg[15][0]_srl16/CLK
High Pulse Width  Fast    SRL16E/CLK          n/a            0.980         4.000       3.020      SLICE_X14Y96     u_Demodulation/LPF_U1_fm/U0/i_synth/g_single_rate.i_single_rate/g_parallel.g_paths[0].g_symmetric.g_data_array.g_data[0].i_data_casc_dly/gen_dly.gen_shiftreg.gen_rtl_delay.delay_bus_reg[15][0]_srl16/CLK
High Pulse Width  Slow    SRL16E/CLK          n/a            0.980         4.000       3.020      SLICE_X16Y99     u_Demodulation/LPF_U1_fm/U0/i_synth/g_single_rate.i_single_rate/g_parallel.g_paths[0].g_symmetric.g_data_array.g_data[0].i_data_casc_dly/gen_dly.gen_shiftreg.gen_rtl_delay.delay_bus_reg[15][10]_srl16/CLK
High Pulse Width  Fast    SRL16E/CLK          n/a            0.980         4.000       3.020      SLICE_X16Y99     u_Demodulation/LPF_U1_fm/U0/i_synth/g_single_rate.i_single_rate/g_parallel.g_paths[0].g_symmetric.g_data_array.g_data[0].i_data_casc_dly/gen_dly.gen_shiftreg.gen_rtl_delay.delay_bus_reg[15][10]_srl16/CLK
High Pulse Width  Slow    SRL16E/CLK          n/a            0.980         4.000       3.020      SLICE_X16Y99     u_Demodulation/LPF_U1_fm/U0/i_synth/g_single_rate.i_single_rate/g_parallel.g_paths[0].g_symmetric.g_data_array.g_data[0].i_data_casc_dly/gen_dly.gen_shiftreg.gen_rtl_delay.delay_bus_reg[15][11]_srl16/CLK
High Pulse Width  Fast    SRL16E/CLK          n/a            0.980         4.000       3.020      SLICE_X16Y99     u_Demodulation/LPF_U1_fm/U0/i_synth/g_single_rate.i_single_rate/g_parallel.g_paths[0].g_symmetric.g_data_array.g_data[0].i_data_casc_dly/gen_dly.gen_shiftreg.gen_rtl_delay.delay_bus_reg[15][11]_srl16/CLK
High Pulse Width  Slow    SRL16E/CLK          n/a            0.980         4.000       3.020      SLICE_X16Y99     u_Demodulation/LPF_U1_fm/U0/i_synth/g_single_rate.i_single_rate/g_parallel.g_paths[0].g_symmetric.g_data_array.g_data[0].i_data_casc_dly/gen_dly.gen_shiftreg.gen_rtl_delay.delay_bus_reg[15][12]_srl16/CLK
High Pulse Width  Fast    SRL16E/CLK          n/a            0.980         4.000       3.020      SLICE_X16Y99     u_Demodulation/LPF_U1_fm/U0/i_synth/g_single_rate.i_single_rate/g_parallel.g_paths[0].g_symmetric.g_data_array.g_data[0].i_data_casc_dly/gen_dly.gen_shiftreg.gen_rtl_delay.delay_bus_reg[15][12]_srl16/CLK
High Pulse Width  Slow    SRL16E/CLK          n/a            0.980         4.000       3.020      SLICE_X16Y99     u_Demodulation/LPF_U1_fm/U0/i_synth/g_single_rate.i_single_rate/g_parallel.g_paths[0].g_symmetric.g_data_array.g_data[0].i_data_casc_dly/gen_dly.gen_shiftreg.gen_rtl_delay.delay_bus_reg[15][13]_srl16/CLK
High Pulse Width  Fast    SRL16E/CLK          n/a            0.980         4.000       3.020      SLICE_X16Y99     u_Demodulation/LPF_U1_fm/U0/i_synth/g_single_rate.i_single_rate/g_parallel.g_paths[0].g_symmetric.g_data_array.g_data[0].i_data_casc_dly/gen_dly.gen_shiftreg.gen_rtl_delay.delay_bus_reg[15][13]_srl16/CLK



---------------------------------------------------------------------------------------------------
From Clock:  clkfbout_clk_wiz_0
  To Clock:  clkfbout_clk_wiz_0

Setup :           NA  Failing Endpoints,  Worst Slack           NA  ,  Total Violation           NA
Hold  :           NA  Failing Endpoints,  Worst Slack           NA  ,  Total Violation           NA
PW    :            0  Failing Endpoints,  Worst Slack       17.845ns,  Total Violation        0.000ns
---------------------------------------------------------------------------------------------------


Pulse Width Checks
--------------------------------------------------------------------------------------
Clock Name:         clkfbout_clk_wiz_0
Waveform(ns):       { 0.000 10.000 }
Period(ns):         20.000
Sources:            { clk_u0/inst/mmcm_adv_inst/CLKFBOUT }

Check Type  Corner  Lib Pin              Reference Pin  Required(ns)  Actual(ns)  Slack(ns)  Location         Pin
Min Period  n/a     BUFG/I               n/a            2.155         20.000      17.845     BUFGCTRL_X0Y4    clk_u0/inst/clkf_buf/I
Min Period  n/a     MMCME2_ADV/CLKFBOUT  n/a            1.249         20.000      18.751     MMCME2_ADV_X0Y2  clk_u0/inst/mmcm_adv_inst/CLKFBOUT
Min Period  n/a     MMCME2_ADV/CLKFBIN   n/a            1.249         20.000      18.751     MMCME2_ADV_X0Y2  clk_u0/inst/mmcm_adv_inst/CLKFBIN
Max Period  n/a     MMCME2_ADV/CLKFBIN   n/a            100.000       20.000      80.000     MMCME2_ADV_X0Y2  clk_u0/inst/mmcm_adv_inst/CLKFBIN
Max Period  n/a     MMCME2_ADV/CLKFBOUT  n/a            213.360       20.000      193.360    MMCME2_ADV_X0Y2  clk_u0/inst/mmcm_adv_inst/CLKFBOUT



---------------------------------------------------------------------------------------------------
From Clock:  
  To Clock:  clk_125M_clk_wiz_0

Setup :            0  Failing Endpoints,  Worst Slack      998.740ns,  Total Violation        0.000ns
Hold  :           NA  Failing Endpoints,  Worst Slack           NA  ,  Total Violation           NA
---------------------------------------------------------------------------------------------------


Max Delay Paths
--------------------------------------------------------------------------------------
Slack (MET) :             998.740ns  (required time - arrival time)
  Source:                 u_Demodulation/u_HS_AD9481_IN/fifo_16to8_inst/U0/inst_fifo_gen/gconvfifo.rf/grf.rf/gntv_or_sync_fifo.gcx.clkx/wr_pntr_cdc_inst/src_gray_ff_reg[7]/C
                            (rising edge-triggered cell FDRE)
  Destination:            u_Demodulation/u_HS_AD9481_IN/fifo_16to8_inst/U0/inst_fifo_gen/gconvfifo.rf/grf.rf/gntv_or_sync_fifo.gcx.clkx/wr_pntr_cdc_inst/dest_graysync_ff_reg[0][7]/D
                            (rising edge-triggered cell FDRE clocked by clk_125M_clk_wiz_0  {rise@0.000ns fall@4.000ns period=8.000ns})
  Path Group:             clk_125M_clk_wiz_0
  Path Type:              Setup (Max at Slow Process Corner)
  Requirement:            1000.000ns  (MaxDelay Path 1000.000ns)
  Data Path Delay:        0.996ns  (logic 0.419ns (42.085%)  route 0.577ns (57.915%))
  Logic Levels:           1  (FDRE=1)
  Timing Exception:       MaxDelay Path 1000.000ns -datapath_only

    Location             Delay type                Incr(ns)  Path(ns)    Netlist Resource(s)
  -------------------------------------------------------------------    -------------------
    SLICE_X28Y87         FDRE                         0.000     0.000 r  u_Demodulation/u_HS_AD9481_IN/fifo_16to8_inst/U0/inst_fifo_gen/gconvfifo.rf/grf.rf/gntv_or_sync_fifo.gcx.clkx/wr_pntr_cdc_inst/src_gray_ff_reg[7]/C
    SLICE_X28Y87         FDRE (Prop_fdre_C_Q)         0.419     0.419 r  u_Demodulation/u_HS_AD9481_IN/fifo_16to8_inst/U0/inst_fifo_gen/gconvfifo.rf/grf.rf/gntv_or_sync_fifo.gcx.clkx/wr_pntr_cdc_inst/src_gray_ff_reg[7]/Q
                         net (fo=1, routed)           0.577     0.996    u_Demodulation/u_HS_AD9481_IN/fifo_16to8_inst/U0/inst_fifo_gen/gconvfifo.rf/grf.rf/gntv_or_sync_fifo.gcx.clkx/wr_pntr_cdc_inst/async_path[7]
    SLICE_X28Y86         FDRE                                         r  u_Demodulation/u_HS_AD9481_IN/fifo_16to8_inst/U0/inst_fifo_gen/gconvfifo.rf/grf.rf/gntv_or_sync_fifo.gcx.clkx/wr_pntr_cdc_inst/dest_graysync_ff_reg[0][7]/D
  -------------------------------------------------------------------    -------------------

                         max delay                 1000.000  1000.000    
    SLICE_X28Y86         FDRE (Setup_fdre_C_D)       -0.264   999.736    u_Demodulation/u_HS_AD9481_IN/fifo_16to8_inst/U0/inst_fifo_gen/gconvfifo.rf/grf.rf/gntv_or_sync_fifo.gcx.clkx/wr_pntr_cdc_inst/dest_graysync_ff_reg[0][7]
  -------------------------------------------------------------------
                         required time                        999.736    
                         arrival time                          -0.996    
  -------------------------------------------------------------------
                         slack                                998.740    

Slack (MET) :             998.839ns  (required time - arrival time)
  Source:                 u_Demodulation/u_HS_AD9481_IN/fifo_16to8_inst/U0/inst_fifo_gen/gconvfifo.rf/grf.rf/gntv_or_sync_fifo.gcx.clkx/wr_pntr_cdc_inst/src_gray_ff_reg[2]/C
                            (rising edge-triggered cell FDRE)
  Destination:            u_Demodulation/u_HS_AD9481_IN/fifo_16to8_inst/U0/inst_fifo_gen/gconvfifo.rf/grf.rf/gntv_or_sync_fifo.gcx.clkx/wr_pntr_cdc_inst/dest_graysync_ff_reg[0][2]/D
                            (rising edge-triggered cell FDRE clocked by clk_125M_clk_wiz_0  {rise@0.000ns fall@4.000ns period=8.000ns})
  Path Group:             clk_125M_clk_wiz_0
  Path Type:              Setup (Max at Slow Process Corner)
  Requirement:            1000.000ns  (MaxDelay Path 1000.000ns)
  Data Path Delay:        1.068ns  (logic 0.456ns (42.700%)  route 0.612ns (57.300%))
  Logic Levels:           1  (FDRE=1)
  Timing Exception:       MaxDelay Path 1000.000ns -datapath_only

    Location             Delay type                Incr(ns)  Path(ns)    Netlist Resource(s)
  -------------------------------------------------------------------    -------------------
    SLICE_X33Y83         FDRE                         0.000     0.000 r  u_Demodulation/u_HS_AD9481_IN/fifo_16to8_inst/U0/inst_fifo_gen/gconvfifo.rf/grf.rf/gntv_or_sync_fifo.gcx.clkx/wr_pntr_cdc_inst/src_gray_ff_reg[2]/C
    SLICE_X33Y83         FDRE (Prop_fdre_C_Q)         0.456     0.456 r  u_Demodulation/u_HS_AD9481_IN/fifo_16to8_inst/U0/inst_fifo_gen/gconvfifo.rf/grf.rf/gntv_or_sync_fifo.gcx.clkx/wr_pntr_cdc_inst/src_gray_ff_reg[2]/Q
                         net (fo=1, routed)           0.612     1.068    u_Demodulation/u_HS_AD9481_IN/fifo_16to8_inst/U0/inst_fifo_gen/gconvfifo.rf/grf.rf/gntv_or_sync_fifo.gcx.clkx/wr_pntr_cdc_inst/async_path[2]
    SLICE_X32Y83         FDRE                                         r  u_Demodulation/u_HS_AD9481_IN/fifo_16to8_inst/U0/inst_fifo_gen/gconvfifo.rf/grf.rf/gntv_or_sync_fifo.gcx.clkx/wr_pntr_cdc_inst/dest_graysync_ff_reg[0][2]/D
  -------------------------------------------------------------------    -------------------

                         max delay                 1000.000  1000.000    
    SLICE_X32Y83         FDRE (Setup_fdre_C_D)       -0.093   999.907    u_Demodulation/u_HS_AD9481_IN/fifo_16to8_inst/U0/inst_fifo_gen/gconvfifo.rf/grf.rf/gntv_or_sync_fifo.gcx.clkx/wr_pntr_cdc_inst/dest_graysync_ff_reg[0][2]
  -------------------------------------------------------------------
                         required time                        999.907    
                         arrival time                          -1.068    
  -------------------------------------------------------------------
                         slack                                998.839    

Slack (MET) :             998.960ns  (required time - arrival time)
  Source:                 u_Demodulation/u_HS_AD9481_IN/fifo_16to8_inst/U0/inst_fifo_gen/gconvfifo.rf/grf.rf/gntv_or_sync_fifo.gcx.clkx/wr_pntr_cdc_inst/src_gray_ff_reg[3]/C
                            (rising edge-triggered cell FDRE)
  Destination:            u_Demodulation/u_HS_AD9481_IN/fifo_16to8_inst/U0/inst_fifo_gen/gconvfifo.rf/grf.rf/gntv_or_sync_fifo.gcx.clkx/wr_pntr_cdc_inst/dest_graysync_ff_reg[0][3]/D
                            (rising edge-triggered cell FDRE clocked by clk_125M_clk_wiz_0  {rise@0.000ns fall@4.000ns period=8.000ns})
  Path Group:             clk_125M_clk_wiz_0
  Path Type:              Setup (Max at Slow Process Corner)
  Requirement:            1000.000ns  (MaxDelay Path 1000.000ns)
  Data Path Delay:        0.773ns  (logic 0.419ns (54.204%)  route 0.354ns (45.796%))
  Logic Levels:           1  (FDRE=1)
  Timing Exception:       MaxDelay Path 1000.000ns -datapath_only

    Location             Delay type                Incr(ns)  Path(ns)    Netlist Resource(s)
  -------------------------------------------------------------------    -------------------
    SLICE_X33Y83         FDRE                         0.000     0.000 r  u_Demodulation/u_HS_AD9481_IN/fifo_16to8_inst/U0/inst_fifo_gen/gconvfifo.rf/grf.rf/gntv_or_sync_fifo.gcx.clkx/wr_pntr_cdc_inst/src_gray_ff_reg[3]/C
    SLICE_X33Y83         FDRE (Prop_fdre_C_Q)         0.419     0.419 r  u_Demodulation/u_HS_AD9481_IN/fifo_16to8_inst/U0/inst_fifo_gen/gconvfifo.rf/grf.rf/gntv_or_sync_fifo.gcx.clkx/wr_pntr_cdc_inst/src_gray_ff_reg[3]/Q
                         net (fo=1, routed)           0.354     0.773    u_Demodulation/u_HS_AD9481_IN/fifo_16to8_inst/U0/inst_fifo_gen/gconvfifo.rf/grf.rf/gntv_or_sync_fifo.gcx.clkx/wr_pntr_cdc_inst/async_path[3]
    SLICE_X32Y83         FDRE                                         r  u_Demodulation/u_HS_AD9481_IN/fifo_16to8_inst/U0/inst_fifo_gen/gconvfifo.rf/grf.rf/gntv_or_sync_fifo.gcx.clkx/wr_pntr_cdc_inst/dest_graysync_ff_reg[0][3]/D
  -------------------------------------------------------------------    -------------------

                         max delay                 1000.000  1000.000    
    SLICE_X32Y83         FDRE (Setup_fdre_C_D)       -0.267   999.733    u_Demodulation/u_HS_AD9481_IN/fifo_16to8_inst/U0/inst_fifo_gen/gconvfifo.rf/grf.rf/gntv_or_sync_fifo.gcx.clkx/wr_pntr_cdc_inst/dest_graysync_ff_reg[0][3]
  -------------------------------------------------------------------
                         required time                        999.733    
                         arrival time                          -0.773    
  -------------------------------------------------------------------
                         slack                                998.960    

Slack (MET) :             999.002ns  (required time - arrival time)
  Source:                 u_Demodulation/u_HS_AD9481_IN/fifo_16to8_inst/U0/inst_fifo_gen/gconvfifo.rf/grf.rf/gntv_or_sync_fifo.gcx.clkx/wr_pntr_cdc_inst/src_gray_ff_reg[0]/C
                            (rising edge-triggered cell FDRE)
  Destination:            u_Demodulation/u_HS_AD9481_IN/fifo_16to8_inst/U0/inst_fifo_gen/gconvfifo.rf/grf.rf/gntv_or_sync_fifo.gcx.clkx/wr_pntr_cdc_inst/dest_graysync_ff_reg[0][0]/D
                            (rising edge-triggered cell FDRE clocked by clk_125M_clk_wiz_0  {rise@0.000ns fall@4.000ns period=8.000ns})
  Path Group:             clk_125M_clk_wiz_0
  Path Type:              Setup (Max at Slow Process Corner)
  Requirement:            1000.000ns  (MaxDelay Path 1000.000ns)
  Data Path Delay:        0.903ns  (logic 0.456ns (50.498%)  route 0.447ns (49.502%))
  Logic Levels:           1  (FDRE=1)
  Timing Exception:       MaxDelay Path 1000.000ns -datapath_only

    Location             Delay type                Incr(ns)  Path(ns)    Netlist Resource(s)
  -------------------------------------------------------------------    -------------------
    SLICE_X32Y82         FDRE                         0.000     0.000 r  u_Demodulation/u_HS_AD9481_IN/fifo_16to8_inst/U0/inst_fifo_gen/gconvfifo.rf/grf.rf/gntv_or_sync_fifo.gcx.clkx/wr_pntr_cdc_inst/src_gray_ff_reg[0]/C
    SLICE_X32Y82         FDRE (Prop_fdre_C_Q)         0.456     0.456 r  u_Demodulation/u_HS_AD9481_IN/fifo_16to8_inst/U0/inst_fifo_gen/gconvfifo.rf/grf.rf/gntv_or_sync_fifo.gcx.clkx/wr_pntr_cdc_inst/src_gray_ff_reg[0]/Q
                         net (fo=1, routed)           0.447     0.903    u_Demodulation/u_HS_AD9481_IN/fifo_16to8_inst/U0/inst_fifo_gen/gconvfifo.rf/grf.rf/gntv_or_sync_fifo.gcx.clkx/wr_pntr_cdc_inst/async_path[0]
    SLICE_X32Y83         FDRE                                         r  u_Demodulation/u_HS_AD9481_IN/fifo_16to8_inst/U0/inst_fifo_gen/gconvfifo.rf/grf.rf/gntv_or_sync_fifo.gcx.clkx/wr_pntr_cdc_inst/dest_graysync_ff_reg[0][0]/D
  -------------------------------------------------------------------    -------------------

                         max delay                 1000.000  1000.000    
    SLICE_X32Y83         FDRE (Setup_fdre_C_D)       -0.095   999.905    u_Demodulation/u_HS_AD9481_IN/fifo_16to8_inst/U0/inst_fifo_gen/gconvfifo.rf/grf.rf/gntv_or_sync_fifo.gcx.clkx/wr_pntr_cdc_inst/dest_graysync_ff_reg[0][0]
  -------------------------------------------------------------------
                         required time                        999.905    
                         arrival time                          -0.903    
  -------------------------------------------------------------------
                         slack                                999.002    

Slack (MET) :             999.010ns  (required time - arrival time)
  Source:                 u_Demodulation/u_HS_AD9481_IN/fifo_16to8_inst/U0/inst_fifo_gen/gconvfifo.rf/grf.rf/gntv_or_sync_fifo.gcx.clkx/wr_pntr_cdc_inst/src_gray_ff_reg[1]/C
                            (rising edge-triggered cell FDRE)
  Destination:            u_Demodulation/u_HS_AD9481_IN/fifo_16to8_inst/U0/inst_fifo_gen/gconvfifo.rf/grf.rf/gntv_or_sync_fifo.gcx.clkx/wr_pntr_cdc_inst/dest_graysync_ff_reg[0][1]/D
                            (rising edge-triggered cell FDRE clocked by clk_125M_clk_wiz_0  {rise@0.000ns fall@4.000ns period=8.000ns})
  Path Group:             clk_125M_clk_wiz_0
  Path Type:              Setup (Max at Slow Process Corner)
  Requirement:            1000.000ns  (MaxDelay Path 1000.000ns)
  Data Path Delay:        0.722ns  (logic 0.419ns (58.020%)  route 0.303ns (41.980%))
  Logic Levels:           1  (FDRE=1)
  Timing Exception:       MaxDelay Path 1000.000ns -datapath_only

    Location             Delay type                Incr(ns)  Path(ns)    Netlist Resource(s)
  -------------------------------------------------------------------    -------------------
    SLICE_X32Y82         FDRE                         0.000     0.000 r  u_Demodulation/u_HS_AD9481_IN/fifo_16to8_inst/U0/inst_fifo_gen/gconvfifo.rf/grf.rf/gntv_or_sync_fifo.gcx.clkx/wr_pntr_cdc_inst/src_gray_ff_reg[1]/C
    SLICE_X32Y82         FDRE (Prop_fdre_C_Q)         0.419     0.419 r  u_Demodulation/u_HS_AD9481_IN/fifo_16to8_inst/U0/inst_fifo_gen/gconvfifo.rf/grf.rf/gntv_or_sync_fifo.gcx.clkx/wr_pntr_cdc_inst/src_gray_ff_reg[1]/Q
                         net (fo=1, routed)           0.303     0.722    u_Demodulation/u_HS_AD9481_IN/fifo_16to8_inst/U0/inst_fifo_gen/gconvfifo.rf/grf.rf/gntv_or_sync_fifo.gcx.clkx/wr_pntr_cdc_inst/async_path[1]
    SLICE_X32Y83         FDRE                                         r  u_Demodulation/u_HS_AD9481_IN/fifo_16to8_inst/U0/inst_fifo_gen/gconvfifo.rf/grf.rf/gntv_or_sync_fifo.gcx.clkx/wr_pntr_cdc_inst/dest_graysync_ff_reg[0][1]/D
  -------------------------------------------------------------------    -------------------

                         max delay                 1000.000  1000.000    
    SLICE_X32Y83         FDRE (Setup_fdre_C_D)       -0.268   999.732    u_Demodulation/u_HS_AD9481_IN/fifo_16to8_inst/U0/inst_fifo_gen/gconvfifo.rf/grf.rf/gntv_or_sync_fifo.gcx.clkx/wr_pntr_cdc_inst/dest_graysync_ff_reg[0][1]
  -------------------------------------------------------------------
                         required time                        999.732    
                         arrival time                          -0.722    
  -------------------------------------------------------------------
                         slack                                999.010    

Slack (MET) :             999.010ns  (required time - arrival time)
  Source:                 u_Demodulation/u_HS_AD9481_IN/fifo_16to8_inst/U0/inst_fifo_gen/gconvfifo.rf/grf.rf/gntv_or_sync_fifo.gcx.clkx/wr_pntr_cdc_inst/src_gray_ff_reg[5]/C
                            (rising edge-triggered cell FDRE)
  Destination:            u_Demodulation/u_HS_AD9481_IN/fifo_16to8_inst/U0/inst_fifo_gen/gconvfifo.rf/grf.rf/gntv_or_sync_fifo.gcx.clkx/wr_pntr_cdc_inst/dest_graysync_ff_reg[0][5]/D
                            (rising edge-triggered cell FDRE clocked by clk_125M_clk_wiz_0  {rise@0.000ns fall@4.000ns period=8.000ns})
  Path Group:             clk_125M_clk_wiz_0
  Path Type:              Setup (Max at Slow Process Corner)
  Requirement:            1000.000ns  (MaxDelay Path 1000.000ns)
  Data Path Delay:        0.722ns  (logic 0.419ns (58.020%)  route 0.303ns (41.980%))
  Logic Levels:           1  (FDRE=1)
  Timing Exception:       MaxDelay Path 1000.000ns -datapath_only

    Location             Delay type                Incr(ns)  Path(ns)    Netlist Resource(s)
  -------------------------------------------------------------------    -------------------
    SLICE_X28Y87         FDRE                         0.000     0.000 r  u_Demodulation/u_HS_AD9481_IN/fifo_16to8_inst/U0/inst_fifo_gen/gconvfifo.rf/grf.rf/gntv_or_sync_fifo.gcx.clkx/wr_pntr_cdc_inst/src_gray_ff_reg[5]/C
    SLICE_X28Y87         FDRE (Prop_fdre_C_Q)         0.419     0.419 r  u_Demodulation/u_HS_AD9481_IN/fifo_16to8_inst/U0/inst_fifo_gen/gconvfifo.rf/grf.rf/gntv_or_sync_fifo.gcx.clkx/wr_pntr_cdc_inst/src_gray_ff_reg[5]/Q
                         net (fo=1, routed)           0.303     0.722    u_Demodulation/u_HS_AD9481_IN/fifo_16to8_inst/U0/inst_fifo_gen/gconvfifo.rf/grf.rf/gntv_or_sync_fifo.gcx.clkx/wr_pntr_cdc_inst/async_path[5]
    SLICE_X28Y86         FDRE                                         r  u_Demodulation/u_HS_AD9481_IN/fifo_16to8_inst/U0/inst_fifo_gen/gconvfifo.rf/grf.rf/gntv_or_sync_fifo.gcx.clkx/wr_pntr_cdc_inst/dest_graysync_ff_reg[0][5]/D
  -------------------------------------------------------------------    -------------------

                         max delay                 1000.000  1000.000    
    SLICE_X28Y86         FDRE (Setup_fdre_C_D)       -0.268   999.732    u_Demodulation/u_HS_AD9481_IN/fifo_16to8_inst/U0/inst_fifo_gen/gconvfifo.rf/grf.rf/gntv_or_sync_fifo.gcx.clkx/wr_pntr_cdc_inst/dest_graysync_ff_reg[0][5]
  -------------------------------------------------------------------
                         required time                        999.732    
                         arrival time                          -0.722    
  -------------------------------------------------------------------
                         slack                                999.010    

Slack (MET) :             999.011ns  (required time - arrival time)
  Source:                 u_Demodulation/u_HS_AD9481_IN/fifo_16to8_inst/U0/inst_fifo_gen/gconvfifo.rf/grf.rf/gntv_or_sync_fifo.gcx.clkx/wr_pntr_cdc_inst/src_gray_ff_reg[9]/C
                            (rising edge-triggered cell FDRE)
  Destination:            u_Demodulation/u_HS_AD9481_IN/fifo_16to8_inst/U0/inst_fifo_gen/gconvfifo.rf/grf.rf/gntv_or_sync_fifo.gcx.clkx/wr_pntr_cdc_inst/dest_graysync_ff_reg[0][9]/D
                            (rising edge-triggered cell FDRE clocked by clk_125M_clk_wiz_0  {rise@0.000ns fall@4.000ns period=8.000ns})
  Path Group:             clk_125M_clk_wiz_0
  Path Type:              Setup (Max at Slow Process Corner)
  Requirement:            1000.000ns  (MaxDelay Path 1000.000ns)
  Data Path Delay:        0.896ns  (logic 0.456ns (50.868%)  route 0.440ns (49.132%))
  Logic Levels:           1  (FDRE=1)
  Timing Exception:       MaxDelay Path 1000.000ns -datapath_only

    Location             Delay type                Incr(ns)  Path(ns)    Netlist Resource(s)
  -------------------------------------------------------------------    -------------------
    SLICE_X29Y87         FDRE                         0.000     0.000 r  u_Demodulation/u_HS_AD9481_IN/fifo_16to8_inst/U0/inst_fifo_gen/gconvfifo.rf/grf.rf/gntv_or_sync_fifo.gcx.clkx/wr_pntr_cdc_inst/src_gray_ff_reg[9]/C
    SLICE_X29Y87         FDRE (Prop_fdre_C_Q)         0.456     0.456 r  u_Demodulation/u_HS_AD9481_IN/fifo_16to8_inst/U0/inst_fifo_gen/gconvfifo.rf/grf.rf/gntv_or_sync_fifo.gcx.clkx/wr_pntr_cdc_inst/src_gray_ff_reg[9]/Q
                         net (fo=1, routed)           0.440     0.896    u_Demodulation/u_HS_AD9481_IN/fifo_16to8_inst/U0/inst_fifo_gen/gconvfifo.rf/grf.rf/gntv_or_sync_fifo.gcx.clkx/wr_pntr_cdc_inst/async_path[9]
    SLICE_X28Y88         FDRE                                         r  u_Demodulation/u_HS_AD9481_IN/fifo_16to8_inst/U0/inst_fifo_gen/gconvfifo.rf/grf.rf/gntv_or_sync_fifo.gcx.clkx/wr_pntr_cdc_inst/dest_graysync_ff_reg[0][9]/D
  -------------------------------------------------------------------    -------------------

                         max delay                 1000.000  1000.000    
    SLICE_X28Y88         FDRE (Setup_fdre_C_D)       -0.093   999.907    u_Demodulation/u_HS_AD9481_IN/fifo_16to8_inst/U0/inst_fifo_gen/gconvfifo.rf/grf.rf/gntv_or_sync_fifo.gcx.clkx/wr_pntr_cdc_inst/dest_graysync_ff_reg[0][9]
  -------------------------------------------------------------------
                         required time                        999.907    
                         arrival time                          -0.896    
  -------------------------------------------------------------------
                         slack                                999.011    

Slack (MET) :             999.142ns  (required time - arrival time)
  Source:                 u_Demodulation/u_HS_AD9481_IN/fifo_16to8_inst/U0/inst_fifo_gen/gconvfifo.rf/grf.rf/gntv_or_sync_fifo.gcx.clkx/wr_pntr_cdc_inst/src_gray_ff_reg[4]/C
                            (rising edge-triggered cell FDRE)
  Destination:            u_Demodulation/u_HS_AD9481_IN/fifo_16to8_inst/U0/inst_fifo_gen/gconvfifo.rf/grf.rf/gntv_or_sync_fifo.gcx.clkx/wr_pntr_cdc_inst/dest_graysync_ff_reg[0][4]/D
                            (rising edge-triggered cell FDRE clocked by clk_125M_clk_wiz_0  {rise@0.000ns fall@4.000ns period=8.000ns})
  Path Group:             clk_125M_clk_wiz_0
  Path Type:              Setup (Max at Slow Process Corner)
  Requirement:            1000.000ns  (MaxDelay Path 1000.000ns)
  Data Path Delay:        0.763ns  (logic 0.456ns (59.754%)  route 0.307ns (40.246%))
  Logic Levels:           1  (FDRE=1)
  Timing Exception:       MaxDelay Path 1000.000ns -datapath_only

    Location             Delay type                Incr(ns)  Path(ns)    Netlist Resource(s)
  -------------------------------------------------------------------    -------------------
    SLICE_X28Y87         FDRE                         0.000     0.000 r  u_Demodulation/u_HS_AD9481_IN/fifo_16to8_inst/U0/inst_fifo_gen/gconvfifo.rf/grf.rf/gntv_or_sync_fifo.gcx.clkx/wr_pntr_cdc_inst/src_gray_ff_reg[4]/C
    SLICE_X28Y87         FDRE (Prop_fdre_C_Q)         0.456     0.456 r  u_Demodulation/u_HS_AD9481_IN/fifo_16to8_inst/U0/inst_fifo_gen/gconvfifo.rf/grf.rf/gntv_or_sync_fifo.gcx.clkx/wr_pntr_cdc_inst/src_gray_ff_reg[4]/Q
                         net (fo=1, routed)           0.307     0.763    u_Demodulation/u_HS_AD9481_IN/fifo_16to8_inst/U0/inst_fifo_gen/gconvfifo.rf/grf.rf/gntv_or_sync_fifo.gcx.clkx/wr_pntr_cdc_inst/async_path[4]
    SLICE_X28Y86         FDRE                                         r  u_Demodulation/u_HS_AD9481_IN/fifo_16to8_inst/U0/inst_fifo_gen/gconvfifo.rf/grf.rf/gntv_or_sync_fifo.gcx.clkx/wr_pntr_cdc_inst/dest_graysync_ff_reg[0][4]/D
  -------------------------------------------------------------------    -------------------

                         max delay                 1000.000  1000.000    
    SLICE_X28Y86         FDRE (Setup_fdre_C_D)       -0.095   999.905    u_Demodulation/u_HS_AD9481_IN/fifo_16to8_inst/U0/inst_fifo_gen/gconvfifo.rf/grf.rf/gntv_or_sync_fifo.gcx.clkx/wr_pntr_cdc_inst/dest_graysync_ff_reg[0][4]
  -------------------------------------------------------------------
                         required time                        999.905    
                         arrival time                          -0.763    
  -------------------------------------------------------------------
                         slack                                999.142    

Slack (MET) :             999.144ns  (required time - arrival time)
  Source:                 u_Demodulation/u_HS_AD9481_IN/fifo_16to8_inst/U0/inst_fifo_gen/gconvfifo.rf/grf.rf/gntv_or_sync_fifo.gcx.clkx/wr_pntr_cdc_inst/src_gray_ff_reg[8]/C
                            (rising edge-triggered cell FDRE)
  Destination:            u_Demodulation/u_HS_AD9481_IN/fifo_16to8_inst/U0/inst_fifo_gen/gconvfifo.rf/grf.rf/gntv_or_sync_fifo.gcx.clkx/wr_pntr_cdc_inst/dest_graysync_ff_reg[0][8]/D
                            (rising edge-triggered cell FDRE clocked by clk_125M_clk_wiz_0  {rise@0.000ns fall@4.000ns period=8.000ns})
  Path Group:             clk_125M_clk_wiz_0
  Path Type:              Setup (Max at Slow Process Corner)
  Requirement:            1000.000ns  (MaxDelay Path 1000.000ns)
  Data Path Delay:        0.761ns  (logic 0.456ns (59.889%)  route 0.305ns (40.111%))
  Logic Levels:           1  (FDRE=1)
  Timing Exception:       MaxDelay Path 1000.000ns -datapath_only

    Location             Delay type                Incr(ns)  Path(ns)    Netlist Resource(s)
  -------------------------------------------------------------------    -------------------
    SLICE_X28Y87         FDRE                         0.000     0.000 r  u_Demodulation/u_HS_AD9481_IN/fifo_16to8_inst/U0/inst_fifo_gen/gconvfifo.rf/grf.rf/gntv_or_sync_fifo.gcx.clkx/wr_pntr_cdc_inst/src_gray_ff_reg[8]/C
    SLICE_X28Y87         FDRE (Prop_fdre_C_Q)         0.456     0.456 r  u_Demodulation/u_HS_AD9481_IN/fifo_16to8_inst/U0/inst_fifo_gen/gconvfifo.rf/grf.rf/gntv_or_sync_fifo.gcx.clkx/wr_pntr_cdc_inst/src_gray_ff_reg[8]/Q
                         net (fo=1, routed)           0.305     0.761    u_Demodulation/u_HS_AD9481_IN/fifo_16to8_inst/U0/inst_fifo_gen/gconvfifo.rf/grf.rf/gntv_or_sync_fifo.gcx.clkx/wr_pntr_cdc_inst/async_path[8]
    SLICE_X28Y88         FDRE                                         r  u_Demodulation/u_HS_AD9481_IN/fifo_16to8_inst/U0/inst_fifo_gen/gconvfifo.rf/grf.rf/gntv_or_sync_fifo.gcx.clkx/wr_pntr_cdc_inst/dest_graysync_ff_reg[0][8]/D
  -------------------------------------------------------------------    -------------------

                         max delay                 1000.000  1000.000    
    SLICE_X28Y88         FDRE (Setup_fdre_C_D)       -0.095   999.905    u_Demodulation/u_HS_AD9481_IN/fifo_16to8_inst/U0/inst_fifo_gen/gconvfifo.rf/grf.rf/gntv_or_sync_fifo.gcx.clkx/wr_pntr_cdc_inst/dest_graysync_ff_reg[0][8]
  -------------------------------------------------------------------
                         required time                        999.905    
                         arrival time                          -0.761    
  -------------------------------------------------------------------
                         slack                                999.144    

Slack (MET) :             999.150ns  (required time - arrival time)
  Source:                 u_Demodulation/u_HS_AD9481_IN/fifo_16to8_inst/U0/inst_fifo_gen/gconvfifo.rf/grf.rf/gntv_or_sync_fifo.gcx.clkx/wr_pntr_cdc_inst/src_gray_ff_reg[6]/C
                            (rising edge-triggered cell FDRE)
  Destination:            u_Demodulation/u_HS_AD9481_IN/fifo_16to8_inst/U0/inst_fifo_gen/gconvfifo.rf/grf.rf/gntv_or_sync_fifo.gcx.clkx/wr_pntr_cdc_inst/dest_graysync_ff_reg[0][6]/D
                            (rising edge-triggered cell FDRE clocked by clk_125M_clk_wiz_0  {rise@0.000ns fall@4.000ns period=8.000ns})
  Path Group:             clk_125M_clk_wiz_0
  Path Type:              Setup (Max at Slow Process Corner)
  Requirement:            1000.000ns  (MaxDelay Path 1000.000ns)
  Data Path Delay:        0.757ns  (logic 0.456ns (60.220%)  route 0.301ns (39.780%))
  Logic Levels:           1  (FDRE=1)
  Timing Exception:       MaxDelay Path 1000.000ns -datapath_only

    Location             Delay type                Incr(ns)  Path(ns)    Netlist Resource(s)
  -------------------------------------------------------------------    -------------------
    SLICE_X28Y87         FDRE                         0.000     0.000 r  u_Demodulation/u_HS_AD9481_IN/fifo_16to8_inst/U0/inst_fifo_gen/gconvfifo.rf/grf.rf/gntv_or_sync_fifo.gcx.clkx/wr_pntr_cdc_inst/src_gray_ff_reg[6]/C
    SLICE_X28Y87         FDRE (Prop_fdre_C_Q)         0.456     0.456 r  u_Demodulation/u_HS_AD9481_IN/fifo_16to8_inst/U0/inst_fifo_gen/gconvfifo.rf/grf.rf/gntv_or_sync_fifo.gcx.clkx/wr_pntr_cdc_inst/src_gray_ff_reg[6]/Q
                         net (fo=1, routed)           0.301     0.757    u_Demodulation/u_HS_AD9481_IN/fifo_16to8_inst/U0/inst_fifo_gen/gconvfifo.rf/grf.rf/gntv_or_sync_fifo.gcx.clkx/wr_pntr_cdc_inst/async_path[6]
    SLICE_X28Y86         FDRE                                         r  u_Demodulation/u_HS_AD9481_IN/fifo_16to8_inst/U0/inst_fifo_gen/gconvfifo.rf/grf.rf/gntv_or_sync_fifo.gcx.clkx/wr_pntr_cdc_inst/dest_graysync_ff_reg[0][6]/D
  -------------------------------------------------------------------    -------------------

                         max delay                 1000.000  1000.000    
    SLICE_X28Y86         FDRE (Setup_fdre_C_D)       -0.093   999.907    u_Demodulation/u_HS_AD9481_IN/fifo_16to8_inst/U0/inst_fifo_gen/gconvfifo.rf/grf.rf/gntv_or_sync_fifo.gcx.clkx/wr_pntr_cdc_inst/dest_graysync_ff_reg[0][6]
  -------------------------------------------------------------------
                         required time                        999.907    
                         arrival time                          -0.757    
  -------------------------------------------------------------------
                         slack                                999.150    





---------------------------------------------------------------------------------------------------
Path Group:  **async_default**
From Clock:  clk_125M_clk_wiz_0
  To Clock:  clk_125M_clk_wiz_0

Setup :            0  Failing Endpoints,  Worst Slack        3.376ns,  Total Violation        0.000ns
Hold  :            0  Failing Endpoints,  Worst Slack        0.438ns,  Total Violation        0.000ns
---------------------------------------------------------------------------------------------------


Max Delay Paths
--------------------------------------------------------------------------------------
Slack (MET) :             3.376ns  (required time - arrival time)
  Source:                 u_Demodulation/u_HS_AD9481_IN/fifo_16to8_inst/U0/inst_fifo_gen/gconvfifo.rf/grf.rf/rstblk/ngwrdrst.grst.g7serrst.gnsckt_wrst.gic_rst.sckt_rd_rst_ic_reg/C
                            (rising edge-triggered cell FDPE clocked by clk_125M_clk_wiz_0  {rise@0.000ns fall@4.000ns period=8.000ns})
  Destination:            u_Demodulation/u_HS_AD9481_IN/fifo_16to8_inst/U0/inst_fifo_gen/gconvfifo.rf/grf.rf/gntv_or_sync_fifo.mem/gdm.dm_gen.dm/gpr1.dout_i_reg[3]/CLR
                            (recovery check against rising-edge clock clk_125M_clk_wiz_0  {rise@0.000ns fall@4.000ns period=8.000ns})
  Path Group:             **async_default**
  Path Type:              Recovery (Max at Slow Process Corner)
  Requirement:            8.000ns  (clk_125M_clk_wiz_0 rise@8.000ns - clk_125M_clk_wiz_0 rise@0.000ns)
  Data Path Delay:        4.114ns  (logic 0.456ns (11.083%)  route 3.658ns (88.917%))
  Logic Levels:           0  
  Clock Path Skew:        -0.020ns (DCD - SCD + CPR)
    Destination Clock Delay (DCD):    -1.462ns = ( 6.538 - 8.000 ) 
    Source Clock Delay      (SCD):    -0.879ns
    Clock Pessimism Removal (CPR):    0.563ns
  Clock Uncertainty:      0.085ns  ((TSJ^2 + DJ^2)^1/2) / 2 + PE
    Total System Jitter     (TSJ):    0.071ns
    Discrete Jitter          (DJ):    0.154ns
    Phase Error              (PE):    0.000ns

    Location             Delay type                Incr(ns)  Path(ns)    Netlist Resource(s)
  -------------------------------------------------------------------    -------------------
                         (clock clk_125M_clk_wiz_0 rise edge)
                                                      0.000     0.000 r  
    W19                                               0.000     0.000 r  clk_50M (IN)
                         net (fo=0)                   0.000     0.000    clk_u0/inst/clk_in1
    W19                  IBUF (Prop_ibuf_I_O)         1.509     1.509 r  clk_u0/inst/clkin1_ibufg/O
                         net (fo=1, routed)           1.233     2.742    clk_u0/inst/clk_in1_clk_wiz_0
    MMCME2_ADV_X0Y2      MMCME2_ADV (Prop_mmcme2_adv_CLKIN1_CLKOUT0)
                                                     -7.485    -4.742 r  clk_u0/inst/mmcm_adv_inst/CLKOUT0
                         net (fo=1, routed)           1.843    -2.899    clk_u0/inst/clk_125M_clk_wiz_0
    BUFGCTRL_X0Y0        BUFG (Prop_bufg_I_O)         0.096    -2.803 r  clk_u0/inst/clkout1_buf/O
                         net (fo=9233, routed)        1.924    -0.879    u_Demodulation/u_HS_AD9481_IN/fifo_16to8_inst/U0/inst_fifo_gen/gconvfifo.rf/grf.rf/rstblk/rd_clk
    SLICE_X41Y86         FDPE                                         r  u_Demodulation/u_HS_AD9481_IN/fifo_16to8_inst/U0/inst_fifo_gen/gconvfifo.rf/grf.rf/rstblk/ngwrdrst.grst.g7serrst.gnsckt_wrst.gic_rst.sckt_rd_rst_ic_reg/C
  -------------------------------------------------------------------    -------------------
    SLICE_X41Y86         FDPE (Prop_fdpe_C_Q)         0.456    -0.423 f  u_Demodulation/u_HS_AD9481_IN/fifo_16to8_inst/U0/inst_fifo_gen/gconvfifo.rf/grf.rf/rstblk/ngwrdrst.grst.g7serrst.gnsckt_wrst.gic_rst.sckt_rd_rst_ic_reg/Q
                         net (fo=32, routed)          3.658     3.236    u_Demodulation/u_HS_AD9481_IN/fifo_16to8_inst/U0/inst_fifo_gen/gconvfifo.rf/grf.rf/gntv_or_sync_fifo.mem/gdm.dm_gen.dm/AR[0]
    SLICE_X9Y89          FDCE                                         f  u_Demodulation/u_HS_AD9481_IN/fifo_16to8_inst/U0/inst_fifo_gen/gconvfifo.rf/grf.rf/gntv_or_sync_fifo.mem/gdm.dm_gen.dm/gpr1.dout_i_reg[3]/CLR
  -------------------------------------------------------------------    -------------------

                         (clock clk_125M_clk_wiz_0 rise edge)
                                                      8.000     8.000 r  
    W19                                               0.000     8.000 r  clk_50M (IN)
                         net (fo=0)                   0.000     8.000    clk_u0/inst/clk_in1
    W19                  IBUF (Prop_ibuf_I_O)         1.438     9.438 r  clk_u0/inst/clkin1_ibufg/O
                         net (fo=1, routed)           1.162    10.600    clk_u0/inst/clk_in1_clk_wiz_0
    MMCME2_ADV_X0Y2      MMCME2_ADV (Prop_mmcme2_adv_CLKIN1_CLKOUT0)
                                                     -7.729     2.871 r  clk_u0/inst/mmcm_adv_inst/CLKOUT0
                         net (fo=1, routed)           1.760     4.631    clk_u0/inst/clk_125M_clk_wiz_0
    BUFGCTRL_X0Y0        BUFG (Prop_bufg_I_O)         0.091     4.722 r  clk_u0/inst/clkout1_buf/O
                         net (fo=9233, routed)        1.816     6.538    u_Demodulation/u_HS_AD9481_IN/fifo_16to8_inst/U0/inst_fifo_gen/gconvfifo.rf/grf.rf/gntv_or_sync_fifo.mem/gdm.dm_gen.dm/rd_clk
    SLICE_X9Y89          FDCE                                         r  u_Demodulation/u_HS_AD9481_IN/fifo_16to8_inst/U0/inst_fifo_gen/gconvfifo.rf/grf.rf/gntv_or_sync_fifo.mem/gdm.dm_gen.dm/gpr1.dout_i_reg[3]/C
                         clock pessimism              0.563     7.101    
                         clock uncertainty           -0.085     7.017    
    SLICE_X9Y89          FDCE (Recov_fdce_C_CLR)     -0.405     6.612    u_Demodulation/u_HS_AD9481_IN/fifo_16to8_inst/U0/inst_fifo_gen/gconvfifo.rf/grf.rf/gntv_or_sync_fifo.mem/gdm.dm_gen.dm/gpr1.dout_i_reg[3]
  -------------------------------------------------------------------
                         required time                          6.612    
                         arrival time                          -3.236    
  -------------------------------------------------------------------
                         slack                                  3.376    

Slack (MET) :             3.521ns  (required time - arrival time)
  Source:                 u_Demodulation/u_HS_AD9481_IN/fifo_16to8_inst/U0/inst_fifo_gen/gconvfifo.rf/grf.rf/rstblk/ngwrdrst.grst.g7serrst.gnsckt_wrst.gic_rst.sckt_rd_rst_ic_reg/C
                            (rising edge-triggered cell FDPE clocked by clk_125M_clk_wiz_0  {rise@0.000ns fall@4.000ns period=8.000ns})
  Destination:            u_Demodulation/u_HS_AD9481_IN/fifo_16to8_inst/U0/inst_fifo_gen/gconvfifo.rf/grf.rf/gntv_or_sync_fifo.mem/gdm.dm_gen.dm/gpr1.dout_i_reg[5]/CLR
                            (recovery check against rising-edge clock clk_125M_clk_wiz_0  {rise@0.000ns fall@4.000ns period=8.000ns})
  Path Group:             **async_default**
  Path Type:              Recovery (Max at Slow Process Corner)
  Requirement:            8.000ns  (clk_125M_clk_wiz_0 rise@8.000ns - clk_125M_clk_wiz_0 rise@0.000ns)
  Data Path Delay:        3.970ns  (logic 0.456ns (11.485%)  route 3.514ns (88.515%))
  Logic Levels:           0  
  Clock Path Skew:        -0.019ns (DCD - SCD + CPR)
    Destination Clock Delay (DCD):    -1.461ns = ( 6.539 - 8.000 ) 
    Source Clock Delay      (SCD):    -0.879ns
    Clock Pessimism Removal (CPR):    0.563ns
  Clock Uncertainty:      0.085ns  ((TSJ^2 + DJ^2)^1/2) / 2 + PE
    Total System Jitter     (TSJ):    0.071ns
    Discrete Jitter          (DJ):    0.154ns
    Phase Error              (PE):    0.000ns

    Location             Delay type                Incr(ns)  Path(ns)    Netlist Resource(s)
  -------------------------------------------------------------------    -------------------
                         (clock clk_125M_clk_wiz_0 rise edge)
                                                      0.000     0.000 r  
    W19                                               0.000     0.000 r  clk_50M (IN)
                         net (fo=0)                   0.000     0.000    clk_u0/inst/clk_in1
    W19                  IBUF (Prop_ibuf_I_O)         1.509     1.509 r  clk_u0/inst/clkin1_ibufg/O
                         net (fo=1, routed)           1.233     2.742    clk_u0/inst/clk_in1_clk_wiz_0
    MMCME2_ADV_X0Y2      MMCME2_ADV (Prop_mmcme2_adv_CLKIN1_CLKOUT0)
                                                     -7.485    -4.742 r  clk_u0/inst/mmcm_adv_inst/CLKOUT0
                         net (fo=1, routed)           1.843    -2.899    clk_u0/inst/clk_125M_clk_wiz_0
    BUFGCTRL_X0Y0        BUFG (Prop_bufg_I_O)         0.096    -2.803 r  clk_u0/inst/clkout1_buf/O
                         net (fo=9233, routed)        1.924    -0.879    u_Demodulation/u_HS_AD9481_IN/fifo_16to8_inst/U0/inst_fifo_gen/gconvfifo.rf/grf.rf/rstblk/rd_clk
    SLICE_X41Y86         FDPE                                         r  u_Demodulation/u_HS_AD9481_IN/fifo_16to8_inst/U0/inst_fifo_gen/gconvfifo.rf/grf.rf/rstblk/ngwrdrst.grst.g7serrst.gnsckt_wrst.gic_rst.sckt_rd_rst_ic_reg/C
  -------------------------------------------------------------------    -------------------
    SLICE_X41Y86         FDPE (Prop_fdpe_C_Q)         0.456    -0.423 f  u_Demodulation/u_HS_AD9481_IN/fifo_16to8_inst/U0/inst_fifo_gen/gconvfifo.rf/grf.rf/rstblk/ngwrdrst.grst.g7serrst.gnsckt_wrst.gic_rst.sckt_rd_rst_ic_reg/Q
                         net (fo=32, routed)          3.514     3.092    u_Demodulation/u_HS_AD9481_IN/fifo_16to8_inst/U0/inst_fifo_gen/gconvfifo.rf/grf.rf/gntv_or_sync_fifo.mem/gdm.dm_gen.dm/AR[0]
    SLICE_X11Y90         FDCE                                         f  u_Demodulation/u_HS_AD9481_IN/fifo_16to8_inst/U0/inst_fifo_gen/gconvfifo.rf/grf.rf/gntv_or_sync_fifo.mem/gdm.dm_gen.dm/gpr1.dout_i_reg[5]/CLR
  -------------------------------------------------------------------    -------------------

                         (clock clk_125M_clk_wiz_0 rise edge)
                                                      8.000     8.000 r  
    W19                                               0.000     8.000 r  clk_50M (IN)
                         net (fo=0)                   0.000     8.000    clk_u0/inst/clk_in1
    W19                  IBUF (Prop_ibuf_I_O)         1.438     9.438 r  clk_u0/inst/clkin1_ibufg/O
                         net (fo=1, routed)           1.162    10.600    clk_u0/inst/clk_in1_clk_wiz_0
    MMCME2_ADV_X0Y2      MMCME2_ADV (Prop_mmcme2_adv_CLKIN1_CLKOUT0)
                                                     -7.729     2.871 r  clk_u0/inst/mmcm_adv_inst/CLKOUT0
                         net (fo=1, routed)           1.760     4.631    clk_u0/inst/clk_125M_clk_wiz_0
    BUFGCTRL_X0Y0        BUFG (Prop_bufg_I_O)         0.091     4.722 r  clk_u0/inst/clkout1_buf/O
                         net (fo=9233, routed)        1.817     6.539    u_Demodulation/u_HS_AD9481_IN/fifo_16to8_inst/U0/inst_fifo_gen/gconvfifo.rf/grf.rf/gntv_or_sync_fifo.mem/gdm.dm_gen.dm/rd_clk
    SLICE_X11Y90         FDCE                                         r  u_Demodulation/u_HS_AD9481_IN/fifo_16to8_inst/U0/inst_fifo_gen/gconvfifo.rf/grf.rf/gntv_or_sync_fifo.mem/gdm.dm_gen.dm/gpr1.dout_i_reg[5]/C
                         clock pessimism              0.563     7.102    
                         clock uncertainty           -0.085     7.018    
    SLICE_X11Y90         FDCE (Recov_fdce_C_CLR)     -0.405     6.613    u_Demodulation/u_HS_AD9481_IN/fifo_16to8_inst/U0/inst_fifo_gen/gconvfifo.rf/grf.rf/gntv_or_sync_fifo.mem/gdm.dm_gen.dm/gpr1.dout_i_reg[5]
  -------------------------------------------------------------------
                         required time                          6.613    
                         arrival time                          -3.092    
  -------------------------------------------------------------------
                         slack                                  3.521    

Slack (MET) :             3.659ns  (required time - arrival time)
  Source:                 u_Demodulation/u_HS_AD9481_IN/fifo_16to8_inst/U0/inst_fifo_gen/gconvfifo.rf/grf.rf/rstblk/ngwrdrst.grst.g7serrst.gnsckt_wrst.gic_rst.sckt_rd_rst_ic_reg/C
                            (rising edge-triggered cell FDPE clocked by clk_125M_clk_wiz_0  {rise@0.000ns fall@4.000ns period=8.000ns})
  Destination:            u_Demodulation/u_HS_AD9481_IN/fifo_16to8_inst/U0/inst_fifo_gen/gconvfifo.rf/grf.rf/gntv_or_sync_fifo.mem/gdm.dm_gen.dm/gpr1.dout_i_reg[4]/CLR
                            (recovery check against rising-edge clock clk_125M_clk_wiz_0  {rise@0.000ns fall@4.000ns period=8.000ns})
  Path Group:             **async_default**
  Path Type:              Recovery (Max at Slow Process Corner)
  Requirement:            8.000ns  (clk_125M_clk_wiz_0 rise@8.000ns - clk_125M_clk_wiz_0 rise@0.000ns)
  Data Path Delay:        3.832ns  (logic 0.456ns (11.900%)  route 3.376ns (88.100%))
  Logic Levels:           0  
  Clock Path Skew:        -0.019ns (DCD - SCD + CPR)
    Destination Clock Delay (DCD):    -1.461ns = ( 6.539 - 8.000 ) 
    Source Clock Delay      (SCD):    -0.879ns
    Clock Pessimism Removal (CPR):    0.563ns
  Clock Uncertainty:      0.085ns  ((TSJ^2 + DJ^2)^1/2) / 2 + PE
    Total System Jitter     (TSJ):    0.071ns
    Discrete Jitter          (DJ):    0.154ns
    Phase Error              (PE):    0.000ns

    Location             Delay type                Incr(ns)  Path(ns)    Netlist Resource(s)
  -------------------------------------------------------------------    -------------------
                         (clock clk_125M_clk_wiz_0 rise edge)
                                                      0.000     0.000 r  
    W19                                               0.000     0.000 r  clk_50M (IN)
                         net (fo=0)                   0.000     0.000    clk_u0/inst/clk_in1
    W19                  IBUF (Prop_ibuf_I_O)         1.509     1.509 r  clk_u0/inst/clkin1_ibufg/O
                         net (fo=1, routed)           1.233     2.742    clk_u0/inst/clk_in1_clk_wiz_0
    MMCME2_ADV_X0Y2      MMCME2_ADV (Prop_mmcme2_adv_CLKIN1_CLKOUT0)
                                                     -7.485    -4.742 r  clk_u0/inst/mmcm_adv_inst/CLKOUT0
                         net (fo=1, routed)           1.843    -2.899    clk_u0/inst/clk_125M_clk_wiz_0
    BUFGCTRL_X0Y0        BUFG (Prop_bufg_I_O)         0.096    -2.803 r  clk_u0/inst/clkout1_buf/O
                         net (fo=9233, routed)        1.924    -0.879    u_Demodulation/u_HS_AD9481_IN/fifo_16to8_inst/U0/inst_fifo_gen/gconvfifo.rf/grf.rf/rstblk/rd_clk
    SLICE_X41Y86         FDPE                                         r  u_Demodulation/u_HS_AD9481_IN/fifo_16to8_inst/U0/inst_fifo_gen/gconvfifo.rf/grf.rf/rstblk/ngwrdrst.grst.g7serrst.gnsckt_wrst.gic_rst.sckt_rd_rst_ic_reg/C
  -------------------------------------------------------------------    -------------------
    SLICE_X41Y86         FDPE (Prop_fdpe_C_Q)         0.456    -0.423 f  u_Demodulation/u_HS_AD9481_IN/fifo_16to8_inst/U0/inst_fifo_gen/gconvfifo.rf/grf.rf/rstblk/ngwrdrst.grst.g7serrst.gnsckt_wrst.gic_rst.sckt_rd_rst_ic_reg/Q
                         net (fo=32, routed)          3.376     2.953    u_Demodulation/u_HS_AD9481_IN/fifo_16to8_inst/U0/inst_fifo_gen/gconvfifo.rf/grf.rf/gntv_or_sync_fifo.mem/gdm.dm_gen.dm/AR[0]
    SLICE_X11Y89         FDCE                                         f  u_Demodulation/u_HS_AD9481_IN/fifo_16to8_inst/U0/inst_fifo_gen/gconvfifo.rf/grf.rf/gntv_or_sync_fifo.mem/gdm.dm_gen.dm/gpr1.dout_i_reg[4]/CLR
  -------------------------------------------------------------------    -------------------

                         (clock clk_125M_clk_wiz_0 rise edge)
                                                      8.000     8.000 r  
    W19                                               0.000     8.000 r  clk_50M (IN)
                         net (fo=0)                   0.000     8.000    clk_u0/inst/clk_in1
    W19                  IBUF (Prop_ibuf_I_O)         1.438     9.438 r  clk_u0/inst/clkin1_ibufg/O
                         net (fo=1, routed)           1.162    10.600    clk_u0/inst/clk_in1_clk_wiz_0
    MMCME2_ADV_X0Y2      MMCME2_ADV (Prop_mmcme2_adv_CLKIN1_CLKOUT0)
                                                     -7.729     2.871 r  clk_u0/inst/mmcm_adv_inst/CLKOUT0
                         net (fo=1, routed)           1.760     4.631    clk_u0/inst/clk_125M_clk_wiz_0
    BUFGCTRL_X0Y0        BUFG (Prop_bufg_I_O)         0.091     4.722 r  clk_u0/inst/clkout1_buf/O
                         net (fo=9233, routed)        1.817     6.539    u_Demodulation/u_HS_AD9481_IN/fifo_16to8_inst/U0/inst_fifo_gen/gconvfifo.rf/grf.rf/gntv_or_sync_fifo.mem/gdm.dm_gen.dm/rd_clk
    SLICE_X11Y89         FDCE                                         r  u_Demodulation/u_HS_AD9481_IN/fifo_16to8_inst/U0/inst_fifo_gen/gconvfifo.rf/grf.rf/gntv_or_sync_fifo.mem/gdm.dm_gen.dm/gpr1.dout_i_reg[4]/C
                         clock pessimism              0.563     7.102    
                         clock uncertainty           -0.085     7.018    
    SLICE_X11Y89         FDCE (Recov_fdce_C_CLR)     -0.405     6.613    u_Demodulation/u_HS_AD9481_IN/fifo_16to8_inst/U0/inst_fifo_gen/gconvfifo.rf/grf.rf/gntv_or_sync_fifo.mem/gdm.dm_gen.dm/gpr1.dout_i_reg[4]
  -------------------------------------------------------------------
                         required time                          6.613    
                         arrival time                          -2.953    
  -------------------------------------------------------------------
                         slack                                  3.659    

Slack (MET) :             4.018ns  (required time - arrival time)
  Source:                 u_Demodulation/u_HS_AD9481_IN/fifo_16to8_inst/U0/inst_fifo_gen/gconvfifo.rf/grf.rf/rstblk/ngwrdrst.grst.g7serrst.gnsckt_wrst.gic_rst.sckt_rd_rst_ic_reg/C
                            (rising edge-triggered cell FDPE clocked by clk_125M_clk_wiz_0  {rise@0.000ns fall@4.000ns period=8.000ns})
  Destination:            u_Demodulation/u_HS_AD9481_IN/fifo_16to8_inst/U0/inst_fifo_gen/gconvfifo.rf/grf.rf/gntv_or_sync_fifo.mem/gdm.dm_gen.dm/gpr1.dout_i_reg[1]/CLR
                            (recovery check against rising-edge clock clk_125M_clk_wiz_0  {rise@0.000ns fall@4.000ns period=8.000ns})
  Path Group:             **async_default**
  Path Type:              Recovery (Max at Slow Process Corner)
  Requirement:            8.000ns  (clk_125M_clk_wiz_0 rise@8.000ns - clk_125M_clk_wiz_0 rise@0.000ns)
  Data Path Delay:        3.465ns  (logic 0.456ns (13.161%)  route 3.009ns (86.839%))
  Logic Levels:           0  
  Clock Path Skew:        -0.027ns (DCD - SCD + CPR)
    Destination Clock Delay (DCD):    -1.469ns = ( 6.531 - 8.000 ) 
    Source Clock Delay      (SCD):    -0.879ns
    Clock Pessimism Removal (CPR):    0.563ns
  Clock Uncertainty:      0.085ns  ((TSJ^2 + DJ^2)^1/2) / 2 + PE
    Total System Jitter     (TSJ):    0.071ns
    Discrete Jitter          (DJ):    0.154ns
    Phase Error              (PE):    0.000ns

    Location             Delay type                Incr(ns)  Path(ns)    Netlist Resource(s)
  -------------------------------------------------------------------    -------------------
                         (clock clk_125M_clk_wiz_0 rise edge)
                                                      0.000     0.000 r  
    W19                                               0.000     0.000 r  clk_50M (IN)
                         net (fo=0)                   0.000     0.000    clk_u0/inst/clk_in1
    W19                  IBUF (Prop_ibuf_I_O)         1.509     1.509 r  clk_u0/inst/clkin1_ibufg/O
                         net (fo=1, routed)           1.233     2.742    clk_u0/inst/clk_in1_clk_wiz_0
    MMCME2_ADV_X0Y2      MMCME2_ADV (Prop_mmcme2_adv_CLKIN1_CLKOUT0)
                                                     -7.485    -4.742 r  clk_u0/inst/mmcm_adv_inst/CLKOUT0
                         net (fo=1, routed)           1.843    -2.899    clk_u0/inst/clk_125M_clk_wiz_0
    BUFGCTRL_X0Y0        BUFG (Prop_bufg_I_O)         0.096    -2.803 r  clk_u0/inst/clkout1_buf/O
                         net (fo=9233, routed)        1.924    -0.879    u_Demodulation/u_HS_AD9481_IN/fifo_16to8_inst/U0/inst_fifo_gen/gconvfifo.rf/grf.rf/rstblk/rd_clk
    SLICE_X41Y86         FDPE                                         r  u_Demodulation/u_HS_AD9481_IN/fifo_16to8_inst/U0/inst_fifo_gen/gconvfifo.rf/grf.rf/rstblk/ngwrdrst.grst.g7serrst.gnsckt_wrst.gic_rst.sckt_rd_rst_ic_reg/C
  -------------------------------------------------------------------    -------------------
    SLICE_X41Y86         FDPE (Prop_fdpe_C_Q)         0.456    -0.423 f  u_Demodulation/u_HS_AD9481_IN/fifo_16to8_inst/U0/inst_fifo_gen/gconvfifo.rf/grf.rf/rstblk/ngwrdrst.grst.g7serrst.gnsckt_wrst.gic_rst.sckt_rd_rst_ic_reg/Q
                         net (fo=32, routed)          3.009     2.586    u_Demodulation/u_HS_AD9481_IN/fifo_16to8_inst/U0/inst_fifo_gen/gconvfifo.rf/grf.rf/gntv_or_sync_fifo.mem/gdm.dm_gen.dm/AR[0]
    SLICE_X11Y81         FDCE                                         f  u_Demodulation/u_HS_AD9481_IN/fifo_16to8_inst/U0/inst_fifo_gen/gconvfifo.rf/grf.rf/gntv_or_sync_fifo.mem/gdm.dm_gen.dm/gpr1.dout_i_reg[1]/CLR
  -------------------------------------------------------------------    -------------------

                         (clock clk_125M_clk_wiz_0 rise edge)
                                                      8.000     8.000 r  
    W19                                               0.000     8.000 r  clk_50M (IN)
                         net (fo=0)                   0.000     8.000    clk_u0/inst/clk_in1
    W19                  IBUF (Prop_ibuf_I_O)         1.438     9.438 r  clk_u0/inst/clkin1_ibufg/O
                         net (fo=1, routed)           1.162    10.600    clk_u0/inst/clk_in1_clk_wiz_0
    MMCME2_ADV_X0Y2      MMCME2_ADV (Prop_mmcme2_adv_CLKIN1_CLKOUT0)
                                                     -7.729     2.871 r  clk_u0/inst/mmcm_adv_inst/CLKOUT0
                         net (fo=1, routed)           1.760     4.631    clk_u0/inst/clk_125M_clk_wiz_0
    BUFGCTRL_X0Y0        BUFG (Prop_bufg_I_O)         0.091     4.722 r  clk_u0/inst/clkout1_buf/O
                         net (fo=9233, routed)        1.809     6.531    u_Demodulation/u_HS_AD9481_IN/fifo_16to8_inst/U0/inst_fifo_gen/gconvfifo.rf/grf.rf/gntv_or_sync_fifo.mem/gdm.dm_gen.dm/rd_clk
    SLICE_X11Y81         FDCE                                         r  u_Demodulation/u_HS_AD9481_IN/fifo_16to8_inst/U0/inst_fifo_gen/gconvfifo.rf/grf.rf/gntv_or_sync_fifo.mem/gdm.dm_gen.dm/gpr1.dout_i_reg[1]/C
                         clock pessimism              0.563     7.094    
                         clock uncertainty           -0.085     7.010    
    SLICE_X11Y81         FDCE (Recov_fdce_C_CLR)     -0.405     6.605    u_Demodulation/u_HS_AD9481_IN/fifo_16to8_inst/U0/inst_fifo_gen/gconvfifo.rf/grf.rf/gntv_or_sync_fifo.mem/gdm.dm_gen.dm/gpr1.dout_i_reg[1]
  -------------------------------------------------------------------
                         required time                          6.605    
                         arrival time                          -2.586    
  -------------------------------------------------------------------
                         slack                                  4.018    

Slack (MET) :             4.310ns  (required time - arrival time)
  Source:                 u_Demodulation/u_HS_AD9481_IN/fifo_16to8_inst/U0/inst_fifo_gen/gconvfifo.rf/grf.rf/rstblk/ngwrdrst.grst.g7serrst.gnsckt_wrst.gic_rst.sckt_rd_rst_ic_reg/C
                            (rising edge-triggered cell FDPE clocked by clk_125M_clk_wiz_0  {rise@0.000ns fall@4.000ns period=8.000ns})
  Destination:            u_Demodulation/u_HS_AD9481_IN/fifo_16to8_inst/U0/inst_fifo_gen/gconvfifo.rf/grf.rf/gntv_or_sync_fifo.mem/gdm.dm_gen.dm/gpr1.dout_i_reg[0]/CLR
                            (recovery check against rising-edge clock clk_125M_clk_wiz_0  {rise@0.000ns fall@4.000ns period=8.000ns})
  Path Group:             **async_default**
  Path Type:              Recovery (Max at Slow Process Corner)
  Requirement:            8.000ns  (clk_125M_clk_wiz_0 rise@8.000ns - clk_125M_clk_wiz_0 rise@0.000ns)
  Data Path Delay:        3.175ns  (logic 0.456ns (14.360%)  route 2.719ns (85.640%))
  Logic Levels:           0  
  Clock Path Skew:        -0.025ns (DCD - SCD + CPR)
    Destination Clock Delay (DCD):    -1.467ns = ( 6.533 - 8.000 ) 
    Source Clock Delay      (SCD):    -0.879ns
    Clock Pessimism Removal (CPR):    0.563ns
  Clock Uncertainty:      0.085ns  ((TSJ^2 + DJ^2)^1/2) / 2 + PE
    Total System Jitter     (TSJ):    0.071ns
    Discrete Jitter          (DJ):    0.154ns
    Phase Error              (PE):    0.000ns

    Location             Delay type                Incr(ns)  Path(ns)    Netlist Resource(s)
  -------------------------------------------------------------------    -------------------
                         (clock clk_125M_clk_wiz_0 rise edge)
                                                      0.000     0.000 r  
    W19                                               0.000     0.000 r  clk_50M (IN)
                         net (fo=0)                   0.000     0.000    clk_u0/inst/clk_in1
    W19                  IBUF (Prop_ibuf_I_O)         1.509     1.509 r  clk_u0/inst/clkin1_ibufg/O
                         net (fo=1, routed)           1.233     2.742    clk_u0/inst/clk_in1_clk_wiz_0
    MMCME2_ADV_X0Y2      MMCME2_ADV (Prop_mmcme2_adv_CLKIN1_CLKOUT0)
                                                     -7.485    -4.742 r  clk_u0/inst/mmcm_adv_inst/CLKOUT0
                         net (fo=1, routed)           1.843    -2.899    clk_u0/inst/clk_125M_clk_wiz_0
    BUFGCTRL_X0Y0        BUFG (Prop_bufg_I_O)         0.096    -2.803 r  clk_u0/inst/clkout1_buf/O
                         net (fo=9233, routed)        1.924    -0.879    u_Demodulation/u_HS_AD9481_IN/fifo_16to8_inst/U0/inst_fifo_gen/gconvfifo.rf/grf.rf/rstblk/rd_clk
    SLICE_X41Y86         FDPE                                         r  u_Demodulation/u_HS_AD9481_IN/fifo_16to8_inst/U0/inst_fifo_gen/gconvfifo.rf/grf.rf/rstblk/ngwrdrst.grst.g7serrst.gnsckt_wrst.gic_rst.sckt_rd_rst_ic_reg/C
  -------------------------------------------------------------------    -------------------
    SLICE_X41Y86         FDPE (Prop_fdpe_C_Q)         0.456    -0.423 f  u_Demodulation/u_HS_AD9481_IN/fifo_16to8_inst/U0/inst_fifo_gen/gconvfifo.rf/grf.rf/rstblk/ngwrdrst.grst.g7serrst.gnsckt_wrst.gic_rst.sckt_rd_rst_ic_reg/Q
                         net (fo=32, routed)          2.719     2.297    u_Demodulation/u_HS_AD9481_IN/fifo_16to8_inst/U0/inst_fifo_gen/gconvfifo.rf/grf.rf/gntv_or_sync_fifo.mem/gdm.dm_gen.dm/AR[0]
    SLICE_X11Y82         FDCE                                         f  u_Demodulation/u_HS_AD9481_IN/fifo_16to8_inst/U0/inst_fifo_gen/gconvfifo.rf/grf.rf/gntv_or_sync_fifo.mem/gdm.dm_gen.dm/gpr1.dout_i_reg[0]/CLR
  -------------------------------------------------------------------    -------------------

                         (clock clk_125M_clk_wiz_0 rise edge)
                                                      8.000     8.000 r  
    W19                                               0.000     8.000 r  clk_50M (IN)
                         net (fo=0)                   0.000     8.000    clk_u0/inst/clk_in1
    W19                  IBUF (Prop_ibuf_I_O)         1.438     9.438 r  clk_u0/inst/clkin1_ibufg/O
                         net (fo=1, routed)           1.162    10.600    clk_u0/inst/clk_in1_clk_wiz_0
    MMCME2_ADV_X0Y2      MMCME2_ADV (Prop_mmcme2_adv_CLKIN1_CLKOUT0)
                                                     -7.729     2.871 r  clk_u0/inst/mmcm_adv_inst/CLKOUT0
                         net (fo=1, routed)           1.760     4.631    clk_u0/inst/clk_125M_clk_wiz_0
    BUFGCTRL_X0Y0        BUFG (Prop_bufg_I_O)         0.091     4.722 r  clk_u0/inst/clkout1_buf/O
                         net (fo=9233, routed)        1.811     6.533    u_Demodulation/u_HS_AD9481_IN/fifo_16to8_inst/U0/inst_fifo_gen/gconvfifo.rf/grf.rf/gntv_or_sync_fifo.mem/gdm.dm_gen.dm/rd_clk
    SLICE_X11Y82         FDCE                                         r  u_Demodulation/u_HS_AD9481_IN/fifo_16to8_inst/U0/inst_fifo_gen/gconvfifo.rf/grf.rf/gntv_or_sync_fifo.mem/gdm.dm_gen.dm/gpr1.dout_i_reg[0]/C
                         clock pessimism              0.563     7.096    
                         clock uncertainty           -0.085     7.012    
    SLICE_X11Y82         FDCE (Recov_fdce_C_CLR)     -0.405     6.607    u_Demodulation/u_HS_AD9481_IN/fifo_16to8_inst/U0/inst_fifo_gen/gconvfifo.rf/grf.rf/gntv_or_sync_fifo.mem/gdm.dm_gen.dm/gpr1.dout_i_reg[0]
  -------------------------------------------------------------------
                         required time                          6.607    
                         arrival time                          -2.297    
  -------------------------------------------------------------------
                         slack                                  4.310    

Slack (MET) :             4.464ns  (required time - arrival time)
  Source:                 u_Demodulation/u_HS_AD9481_IN/fifo_16to8_inst/U0/inst_fifo_gen/gconvfifo.rf/grf.rf/rstblk/ngwrdrst.grst.g7serrst.gnsckt_wrst.gic_rst.sckt_rd_rst_ic_reg/C
                            (rising edge-triggered cell FDPE clocked by clk_125M_clk_wiz_0  {rise@0.000ns fall@4.000ns period=8.000ns})
  Destination:            u_Demodulation/u_HS_AD9481_IN/fifo_16to8_inst/U0/inst_fifo_gen/gconvfifo.rf/grf.rf/gntv_or_sync_fifo.mem/gdm.dm_gen.dm/gpr1.dout_i_reg[2]/CLR
                            (recovery check against rising-edge clock clk_125M_clk_wiz_0  {rise@0.000ns fall@4.000ns period=8.000ns})
  Path Group:             **async_default**
  Path Type:              Recovery (Max at Slow Process Corner)
  Requirement:            8.000ns  (clk_125M_clk_wiz_0 rise@8.000ns - clk_125M_clk_wiz_0 rise@0.000ns)
  Data Path Delay:        3.020ns  (logic 0.456ns (15.098%)  route 2.564ns (84.902%))
  Logic Levels:           0  
  Clock Path Skew:        -0.026ns (DCD - SCD + CPR)
    Destination Clock Delay (DCD):    -1.468ns = ( 6.532 - 8.000 ) 
    Source Clock Delay      (SCD):    -0.879ns
    Clock Pessimism Removal (CPR):    0.563ns
  Clock Uncertainty:      0.085ns  ((TSJ^2 + DJ^2)^1/2) / 2 + PE
    Total System Jitter     (TSJ):    0.071ns
    Discrete Jitter          (DJ):    0.154ns
    Phase Error              (PE):    0.000ns

    Location             Delay type                Incr(ns)  Path(ns)    Netlist Resource(s)
  -------------------------------------------------------------------    -------------------
                         (clock clk_125M_clk_wiz_0 rise edge)
                                                      0.000     0.000 r  
    W19                                               0.000     0.000 r  clk_50M (IN)
                         net (fo=0)                   0.000     0.000    clk_u0/inst/clk_in1
    W19                  IBUF (Prop_ibuf_I_O)         1.509     1.509 r  clk_u0/inst/clkin1_ibufg/O
                         net (fo=1, routed)           1.233     2.742    clk_u0/inst/clk_in1_clk_wiz_0
    MMCME2_ADV_X0Y2      MMCME2_ADV (Prop_mmcme2_adv_CLKIN1_CLKOUT0)
                                                     -7.485    -4.742 r  clk_u0/inst/mmcm_adv_inst/CLKOUT0
                         net (fo=1, routed)           1.843    -2.899    clk_u0/inst/clk_125M_clk_wiz_0
    BUFGCTRL_X0Y0        BUFG (Prop_bufg_I_O)         0.096    -2.803 r  clk_u0/inst/clkout1_buf/O
                         net (fo=9233, routed)        1.924    -0.879    u_Demodulation/u_HS_AD9481_IN/fifo_16to8_inst/U0/inst_fifo_gen/gconvfifo.rf/grf.rf/rstblk/rd_clk
    SLICE_X41Y86         FDPE                                         r  u_Demodulation/u_HS_AD9481_IN/fifo_16to8_inst/U0/inst_fifo_gen/gconvfifo.rf/grf.rf/rstblk/ngwrdrst.grst.g7serrst.gnsckt_wrst.gic_rst.sckt_rd_rst_ic_reg/C
  -------------------------------------------------------------------    -------------------
    SLICE_X41Y86         FDPE (Prop_fdpe_C_Q)         0.456    -0.423 f  u_Demodulation/u_HS_AD9481_IN/fifo_16to8_inst/U0/inst_fifo_gen/gconvfifo.rf/grf.rf/rstblk/ngwrdrst.grst.g7serrst.gnsckt_wrst.gic_rst.sckt_rd_rst_ic_reg/Q
                         net (fo=32, routed)          2.564     2.142    u_Demodulation/u_HS_AD9481_IN/fifo_16to8_inst/U0/inst_fifo_gen/gconvfifo.rf/grf.rf/gntv_or_sync_fifo.mem/gdm.dm_gen.dm/AR[0]
    SLICE_X9Y82          FDCE                                         f  u_Demodulation/u_HS_AD9481_IN/fifo_16to8_inst/U0/inst_fifo_gen/gconvfifo.rf/grf.rf/gntv_or_sync_fifo.mem/gdm.dm_gen.dm/gpr1.dout_i_reg[2]/CLR
  -------------------------------------------------------------------    -------------------

                         (clock clk_125M_clk_wiz_0 rise edge)
                                                      8.000     8.000 r  
    W19                                               0.000     8.000 r  clk_50M (IN)
                         net (fo=0)                   0.000     8.000    clk_u0/inst/clk_in1
    W19                  IBUF (Prop_ibuf_I_O)         1.438     9.438 r  clk_u0/inst/clkin1_ibufg/O
                         net (fo=1, routed)           1.162    10.600    clk_u0/inst/clk_in1_clk_wiz_0
    MMCME2_ADV_X0Y2      MMCME2_ADV (Prop_mmcme2_adv_CLKIN1_CLKOUT0)
                                                     -7.729     2.871 r  clk_u0/inst/mmcm_adv_inst/CLKOUT0
                         net (fo=1, routed)           1.760     4.631    clk_u0/inst/clk_125M_clk_wiz_0
    BUFGCTRL_X0Y0        BUFG (Prop_bufg_I_O)         0.091     4.722 r  clk_u0/inst/clkout1_buf/O
                         net (fo=9233, routed)        1.810     6.532    u_Demodulation/u_HS_AD9481_IN/fifo_16to8_inst/U0/inst_fifo_gen/gconvfifo.rf/grf.rf/gntv_or_sync_fifo.mem/gdm.dm_gen.dm/rd_clk
    SLICE_X9Y82          FDCE                                         r  u_Demodulation/u_HS_AD9481_IN/fifo_16to8_inst/U0/inst_fifo_gen/gconvfifo.rf/grf.rf/gntv_or_sync_fifo.mem/gdm.dm_gen.dm/gpr1.dout_i_reg[2]/C
                         clock pessimism              0.563     7.095    
                         clock uncertainty           -0.085     7.011    
    SLICE_X9Y82          FDCE (Recov_fdce_C_CLR)     -0.405     6.606    u_Demodulation/u_HS_AD9481_IN/fifo_16to8_inst/U0/inst_fifo_gen/gconvfifo.rf/grf.rf/gntv_or_sync_fifo.mem/gdm.dm_gen.dm/gpr1.dout_i_reg[2]
  -------------------------------------------------------------------
                         required time                          6.606    
                         arrival time                          -2.142    
  -------------------------------------------------------------------
                         slack                                  4.464    

Slack (MET) :             4.669ns  (required time - arrival time)
  Source:                 u_Demodulation/u_HS_AD9481_IN/fifo_16to8_inst/U0/inst_fifo_gen/gconvfifo.rf/grf.rf/rstblk/ngwrdrst.grst.g7serrst.gnsckt_wrst.gic_rst.sckt_rd_rst_ic_reg/C
                            (rising edge-triggered cell FDPE clocked by clk_125M_clk_wiz_0  {rise@0.000ns fall@4.000ns period=8.000ns})
  Destination:            u_Demodulation/u_HS_AD9481_IN/fifo_16to8_inst/U0/inst_fifo_gen/gconvfifo.rf/grf.rf/gntv_or_sync_fifo.mem/gdm.dm_gen.dm/gpr1.dout_i_reg[6]/CLR
                            (recovery check against rising-edge clock clk_125M_clk_wiz_0  {rise@0.000ns fall@4.000ns period=8.000ns})
  Path Group:             **async_default**
  Path Type:              Recovery (Max at Slow Process Corner)
  Requirement:            8.000ns  (clk_125M_clk_wiz_0 rise@8.000ns - clk_125M_clk_wiz_0 rise@0.000ns)
  Data Path Delay:        2.817ns  (logic 0.456ns (16.187%)  route 2.361ns (83.813%))
  Logic Levels:           0  
  Clock Path Skew:        -0.024ns (DCD - SCD + CPR)
    Destination Clock Delay (DCD):    -1.466ns = ( 6.534 - 8.000 ) 
    Source Clock Delay      (SCD):    -0.879ns
    Clock Pessimism Removal (CPR):    0.563ns
  Clock Uncertainty:      0.085ns  ((TSJ^2 + DJ^2)^1/2) / 2 + PE
    Total System Jitter     (TSJ):    0.071ns
    Discrete Jitter          (DJ):    0.154ns
    Phase Error              (PE):    0.000ns

    Location             Delay type                Incr(ns)  Path(ns)    Netlist Resource(s)
  -------------------------------------------------------------------    -------------------
                         (clock clk_125M_clk_wiz_0 rise edge)
                                                      0.000     0.000 r  
    W19                                               0.000     0.000 r  clk_50M (IN)
                         net (fo=0)                   0.000     0.000    clk_u0/inst/clk_in1
    W19                  IBUF (Prop_ibuf_I_O)         1.509     1.509 r  clk_u0/inst/clkin1_ibufg/O
                         net (fo=1, routed)           1.233     2.742    clk_u0/inst/clk_in1_clk_wiz_0
    MMCME2_ADV_X0Y2      MMCME2_ADV (Prop_mmcme2_adv_CLKIN1_CLKOUT0)
                                                     -7.485    -4.742 r  clk_u0/inst/mmcm_adv_inst/CLKOUT0
                         net (fo=1, routed)           1.843    -2.899    clk_u0/inst/clk_125M_clk_wiz_0
    BUFGCTRL_X0Y0        BUFG (Prop_bufg_I_O)         0.096    -2.803 r  clk_u0/inst/clkout1_buf/O
                         net (fo=9233, routed)        1.924    -0.879    u_Demodulation/u_HS_AD9481_IN/fifo_16to8_inst/U0/inst_fifo_gen/gconvfifo.rf/grf.rf/rstblk/rd_clk
    SLICE_X41Y86         FDPE                                         r  u_Demodulation/u_HS_AD9481_IN/fifo_16to8_inst/U0/inst_fifo_gen/gconvfifo.rf/grf.rf/rstblk/ngwrdrst.grst.g7serrst.gnsckt_wrst.gic_rst.sckt_rd_rst_ic_reg/C
  -------------------------------------------------------------------    -------------------
    SLICE_X41Y86         FDPE (Prop_fdpe_C_Q)         0.456    -0.423 f  u_Demodulation/u_HS_AD9481_IN/fifo_16to8_inst/U0/inst_fifo_gen/gconvfifo.rf/grf.rf/rstblk/ngwrdrst.grst.g7serrst.gnsckt_wrst.gic_rst.sckt_rd_rst_ic_reg/Q
                         net (fo=32, routed)          2.361     1.939    u_Demodulation/u_HS_AD9481_IN/fifo_16to8_inst/U0/inst_fifo_gen/gconvfifo.rf/grf.rf/gntv_or_sync_fifo.mem/gdm.dm_gen.dm/AR[0]
    SLICE_X17Y84         FDCE                                         f  u_Demodulation/u_HS_AD9481_IN/fifo_16to8_inst/U0/inst_fifo_gen/gconvfifo.rf/grf.rf/gntv_or_sync_fifo.mem/gdm.dm_gen.dm/gpr1.dout_i_reg[6]/CLR
  -------------------------------------------------------------------    -------------------

                         (clock clk_125M_clk_wiz_0 rise edge)
                                                      8.000     8.000 r  
    W19                                               0.000     8.000 r  clk_50M (IN)
                         net (fo=0)                   0.000     8.000    clk_u0/inst/clk_in1
    W19                  IBUF (Prop_ibuf_I_O)         1.438     9.438 r  clk_u0/inst/clkin1_ibufg/O
                         net (fo=1, routed)           1.162    10.600    clk_u0/inst/clk_in1_clk_wiz_0
    MMCME2_ADV_X0Y2      MMCME2_ADV (Prop_mmcme2_adv_CLKIN1_CLKOUT0)
                                                     -7.729     2.871 r  clk_u0/inst/mmcm_adv_inst/CLKOUT0
                         net (fo=1, routed)           1.760     4.631    clk_u0/inst/clk_125M_clk_wiz_0
    BUFGCTRL_X0Y0        BUFG (Prop_bufg_I_O)         0.091     4.722 r  clk_u0/inst/clkout1_buf/O
                         net (fo=9233, routed)        1.812     6.534    u_Demodulation/u_HS_AD9481_IN/fifo_16to8_inst/U0/inst_fifo_gen/gconvfifo.rf/grf.rf/gntv_or_sync_fifo.mem/gdm.dm_gen.dm/rd_clk
    SLICE_X17Y84         FDCE                                         r  u_Demodulation/u_HS_AD9481_IN/fifo_16to8_inst/U0/inst_fifo_gen/gconvfifo.rf/grf.rf/gntv_or_sync_fifo.mem/gdm.dm_gen.dm/gpr1.dout_i_reg[6]/C
                         clock pessimism              0.563     7.097    
                         clock uncertainty           -0.085     7.013    
    SLICE_X17Y84         FDCE (Recov_fdce_C_CLR)     -0.405     6.608    u_Demodulation/u_HS_AD9481_IN/fifo_16to8_inst/U0/inst_fifo_gen/gconvfifo.rf/grf.rf/gntv_or_sync_fifo.mem/gdm.dm_gen.dm/gpr1.dout_i_reg[6]
  -------------------------------------------------------------------
                         required time                          6.608    
                         arrival time                          -1.939    
  -------------------------------------------------------------------
                         slack                                  4.669    

Slack (MET) :             4.976ns  (required time - arrival time)
  Source:                 u_Demodulation/u_HS_AD9481_IN/fifo_16to8_inst/U0/inst_fifo_gen/gconvfifo.rf/grf.rf/rstblk/ngwrdrst.grst.g7serrst.gnsckt_wrst.gic_rst.sckt_rd_rst_ic_reg/C
                            (rising edge-triggered cell FDPE clocked by clk_125M_clk_wiz_0  {rise@0.000ns fall@4.000ns period=8.000ns})
  Destination:            u_Demodulation/u_HS_AD9481_IN/fifo_16to8_inst/U0/inst_fifo_gen/gconvfifo.rf/grf.rf/gntv_or_sync_fifo.mem/gdm.dm_gen.dm/gpr1.dout_i_reg[7]/CLR
                            (recovery check against rising-edge clock clk_125M_clk_wiz_0  {rise@0.000ns fall@4.000ns period=8.000ns})
  Path Group:             **async_default**
  Path Type:              Recovery (Max at Slow Process Corner)
  Requirement:            8.000ns  (clk_125M_clk_wiz_0 rise@8.000ns - clk_125M_clk_wiz_0 rise@0.000ns)
  Data Path Delay:        2.510ns  (logic 0.456ns (18.169%)  route 2.054ns (81.831%))
  Logic Levels:           0  
  Clock Path Skew:        -0.024ns (DCD - SCD + CPR)
    Destination Clock Delay (DCD):    -1.466ns = ( 6.534 - 8.000 ) 
    Source Clock Delay      (SCD):    -0.879ns
    Clock Pessimism Removal (CPR):    0.563ns
  Clock Uncertainty:      0.085ns  ((TSJ^2 + DJ^2)^1/2) / 2 + PE
    Total System Jitter     (TSJ):    0.071ns
    Discrete Jitter          (DJ):    0.154ns
    Phase Error              (PE):    0.000ns

    Location             Delay type                Incr(ns)  Path(ns)    Netlist Resource(s)
  -------------------------------------------------------------------    -------------------
                         (clock clk_125M_clk_wiz_0 rise edge)
                                                      0.000     0.000 r  
    W19                                               0.000     0.000 r  clk_50M (IN)
                         net (fo=0)                   0.000     0.000    clk_u0/inst/clk_in1
    W19                  IBUF (Prop_ibuf_I_O)         1.509     1.509 r  clk_u0/inst/clkin1_ibufg/O
                         net (fo=1, routed)           1.233     2.742    clk_u0/inst/clk_in1_clk_wiz_0
    MMCME2_ADV_X0Y2      MMCME2_ADV (Prop_mmcme2_adv_CLKIN1_CLKOUT0)
                                                     -7.485    -4.742 r  clk_u0/inst/mmcm_adv_inst/CLKOUT0
                         net (fo=1, routed)           1.843    -2.899    clk_u0/inst/clk_125M_clk_wiz_0
    BUFGCTRL_X0Y0        BUFG (Prop_bufg_I_O)         0.096    -2.803 r  clk_u0/inst/clkout1_buf/O
                         net (fo=9233, routed)        1.924    -0.879    u_Demodulation/u_HS_AD9481_IN/fifo_16to8_inst/U0/inst_fifo_gen/gconvfifo.rf/grf.rf/rstblk/rd_clk
    SLICE_X41Y86         FDPE                                         r  u_Demodulation/u_HS_AD9481_IN/fifo_16to8_inst/U0/inst_fifo_gen/gconvfifo.rf/grf.rf/rstblk/ngwrdrst.grst.g7serrst.gnsckt_wrst.gic_rst.sckt_rd_rst_ic_reg/C
  -------------------------------------------------------------------    -------------------
    SLICE_X41Y86         FDPE (Prop_fdpe_C_Q)         0.456    -0.423 f  u_Demodulation/u_HS_AD9481_IN/fifo_16to8_inst/U0/inst_fifo_gen/gconvfifo.rf/grf.rf/rstblk/ngwrdrst.grst.g7serrst.gnsckt_wrst.gic_rst.sckt_rd_rst_ic_reg/Q
                         net (fo=32, routed)          2.054     1.631    u_Demodulation/u_HS_AD9481_IN/fifo_16to8_inst/U0/inst_fifo_gen/gconvfifo.rf/grf.rf/gntv_or_sync_fifo.mem/gdm.dm_gen.dm/AR[0]
    SLICE_X19Y84         FDCE                                         f  u_Demodulation/u_HS_AD9481_IN/fifo_16to8_inst/U0/inst_fifo_gen/gconvfifo.rf/grf.rf/gntv_or_sync_fifo.mem/gdm.dm_gen.dm/gpr1.dout_i_reg[7]/CLR
  -------------------------------------------------------------------    -------------------

                         (clock clk_125M_clk_wiz_0 rise edge)
                                                      8.000     8.000 r  
    W19                                               0.000     8.000 r  clk_50M (IN)
                         net (fo=0)                   0.000     8.000    clk_u0/inst/clk_in1
    W19                  IBUF (Prop_ibuf_I_O)         1.438     9.438 r  clk_u0/inst/clkin1_ibufg/O
                         net (fo=1, routed)           1.162    10.600    clk_u0/inst/clk_in1_clk_wiz_0
    MMCME2_ADV_X0Y2      MMCME2_ADV (Prop_mmcme2_adv_CLKIN1_CLKOUT0)
                                                     -7.729     2.871 r  clk_u0/inst/mmcm_adv_inst/CLKOUT0
                         net (fo=1, routed)           1.760     4.631    clk_u0/inst/clk_125M_clk_wiz_0
    BUFGCTRL_X0Y0        BUFG (Prop_bufg_I_O)         0.091     4.722 r  clk_u0/inst/clkout1_buf/O
                         net (fo=9233, routed)        1.812     6.534    u_Demodulation/u_HS_AD9481_IN/fifo_16to8_inst/U0/inst_fifo_gen/gconvfifo.rf/grf.rf/gntv_or_sync_fifo.mem/gdm.dm_gen.dm/rd_clk
    SLICE_X19Y84         FDCE                                         r  u_Demodulation/u_HS_AD9481_IN/fifo_16to8_inst/U0/inst_fifo_gen/gconvfifo.rf/grf.rf/gntv_or_sync_fifo.mem/gdm.dm_gen.dm/gpr1.dout_i_reg[7]/C
                         clock pessimism              0.563     7.097    
                         clock uncertainty           -0.085     7.013    
    SLICE_X19Y84         FDCE (Recov_fdce_C_CLR)     -0.405     6.608    u_Demodulation/u_HS_AD9481_IN/fifo_16to8_inst/U0/inst_fifo_gen/gconvfifo.rf/grf.rf/gntv_or_sync_fifo.mem/gdm.dm_gen.dm/gpr1.dout_i_reg[7]
  -------------------------------------------------------------------
                         required time                          6.608    
                         arrival time                          -1.631    
  -------------------------------------------------------------------
                         slack                                  4.976    

Slack (MET) :             5.801ns  (required time - arrival time)
  Source:                 u_Demodulation/u_HS_AD9481_IN/fifo_16to8_inst/U0/inst_fifo_gen/gconvfifo.rf/grf.rf/rstblk/ngwrdrst.grst.g7serrst.gnsckt_wrst.gic_rst.sckt_rd_rst_ic_reg/C
                            (rising edge-triggered cell FDPE clocked by clk_125M_clk_wiz_0  {rise@0.000ns fall@4.000ns period=8.000ns})
  Destination:            u_Demodulation/u_HS_AD9481_IN/fifo_16to8_inst/U0/inst_fifo_gen/gconvfifo.rf/grf.rf/gntv_or_sync_fifo.gl0.rd/gras.rsts/ram_empty_fb_i_reg/PRE
                            (recovery check against rising-edge clock clk_125M_clk_wiz_0  {rise@0.000ns fall@4.000ns period=8.000ns})
  Path Group:             **async_default**
  Path Type:              Recovery (Max at Slow Process Corner)
  Requirement:            8.000ns  (clk_125M_clk_wiz_0 rise@8.000ns - clk_125M_clk_wiz_0 rise@0.000ns)
  Data Path Delay:        1.724ns  (logic 0.456ns (26.448%)  route 1.268ns (73.552%))
  Logic Levels:           0  
  Clock Path Skew:        -0.031ns (DCD - SCD + CPR)
    Destination Clock Delay (DCD):    -1.473ns = ( 6.527 - 8.000 ) 
    Source Clock Delay      (SCD):    -0.879ns
    Clock Pessimism Removal (CPR):    0.563ns
  Clock Uncertainty:      0.085ns  ((TSJ^2 + DJ^2)^1/2) / 2 + PE
    Total System Jitter     (TSJ):    0.071ns
    Discrete Jitter          (DJ):    0.154ns
    Phase Error              (PE):    0.000ns

    Location             Delay type                Incr(ns)  Path(ns)    Netlist Resource(s)
  -------------------------------------------------------------------    -------------------
                         (clock clk_125M_clk_wiz_0 rise edge)
                                                      0.000     0.000 r  
    W19                                               0.000     0.000 r  clk_50M (IN)
                         net (fo=0)                   0.000     0.000    clk_u0/inst/clk_in1
    W19                  IBUF (Prop_ibuf_I_O)         1.509     1.509 r  clk_u0/inst/clkin1_ibufg/O
                         net (fo=1, routed)           1.233     2.742    clk_u0/inst/clk_in1_clk_wiz_0
    MMCME2_ADV_X0Y2      MMCME2_ADV (Prop_mmcme2_adv_CLKIN1_CLKOUT0)
                                                     -7.485    -4.742 r  clk_u0/inst/mmcm_adv_inst/CLKOUT0
                         net (fo=1, routed)           1.843    -2.899    clk_u0/inst/clk_125M_clk_wiz_0
    BUFGCTRL_X0Y0        BUFG (Prop_bufg_I_O)         0.096    -2.803 r  clk_u0/inst/clkout1_buf/O
                         net (fo=9233, routed)        1.924    -0.879    u_Demodulation/u_HS_AD9481_IN/fifo_16to8_inst/U0/inst_fifo_gen/gconvfifo.rf/grf.rf/rstblk/rd_clk
    SLICE_X41Y86         FDPE                                         r  u_Demodulation/u_HS_AD9481_IN/fifo_16to8_inst/U0/inst_fifo_gen/gconvfifo.rf/grf.rf/rstblk/ngwrdrst.grst.g7serrst.gnsckt_wrst.gic_rst.sckt_rd_rst_ic_reg/C
  -------------------------------------------------------------------    -------------------
    SLICE_X41Y86         FDPE (Prop_fdpe_C_Q)         0.456    -0.423 f  u_Demodulation/u_HS_AD9481_IN/fifo_16to8_inst/U0/inst_fifo_gen/gconvfifo.rf/grf.rf/rstblk/ngwrdrst.grst.g7serrst.gnsckt_wrst.gic_rst.sckt_rd_rst_ic_reg/Q
                         net (fo=32, routed)          1.268     0.846    u_Demodulation/u_HS_AD9481_IN/fifo_16to8_inst/U0/inst_fifo_gen/gconvfifo.rf/grf.rf/gntv_or_sync_fifo.gl0.rd/gras.rsts/ram_empty_fb_i_reg_0
    SLICE_X32Y88         FDPE                                         f  u_Demodulation/u_HS_AD9481_IN/fifo_16to8_inst/U0/inst_fifo_gen/gconvfifo.rf/grf.rf/gntv_or_sync_fifo.gl0.rd/gras.rsts/ram_empty_fb_i_reg/PRE
  -------------------------------------------------------------------    -------------------

                         (clock clk_125M_clk_wiz_0 rise edge)
                                                      8.000     8.000 r  
    W19                                               0.000     8.000 r  clk_50M (IN)
                         net (fo=0)                   0.000     8.000    clk_u0/inst/clk_in1
    W19                  IBUF (Prop_ibuf_I_O)         1.438     9.438 r  clk_u0/inst/clkin1_ibufg/O
                         net (fo=1, routed)           1.162    10.600    clk_u0/inst/clk_in1_clk_wiz_0
    MMCME2_ADV_X0Y2      MMCME2_ADV (Prop_mmcme2_adv_CLKIN1_CLKOUT0)
                                                     -7.729     2.871 r  clk_u0/inst/mmcm_adv_inst/CLKOUT0
                         net (fo=1, routed)           1.760     4.631    clk_u0/inst/clk_125M_clk_wiz_0
    BUFGCTRL_X0Y0        BUFG (Prop_bufg_I_O)         0.091     4.722 r  clk_u0/inst/clkout1_buf/O
                         net (fo=9233, routed)        1.805     6.527    u_Demodulation/u_HS_AD9481_IN/fifo_16to8_inst/U0/inst_fifo_gen/gconvfifo.rf/grf.rf/gntv_or_sync_fifo.gl0.rd/gras.rsts/rd_clk
    SLICE_X32Y88         FDPE                                         r  u_Demodulation/u_HS_AD9481_IN/fifo_16to8_inst/U0/inst_fifo_gen/gconvfifo.rf/grf.rf/gntv_or_sync_fifo.gl0.rd/gras.rsts/ram_empty_fb_i_reg/C
                         clock pessimism              0.563     7.090    
                         clock uncertainty           -0.085     7.006    
    SLICE_X32Y88         FDPE (Recov_fdpe_C_PRE)     -0.359     6.647    u_Demodulation/u_HS_AD9481_IN/fifo_16to8_inst/U0/inst_fifo_gen/gconvfifo.rf/grf.rf/gntv_or_sync_fifo.gl0.rd/gras.rsts/ram_empty_fb_i_reg
  -------------------------------------------------------------------
                         required time                          6.647    
                         arrival time                          -0.846    
  -------------------------------------------------------------------
                         slack                                  5.801    

Slack (MET) :             5.801ns  (required time - arrival time)
  Source:                 u_Demodulation/u_HS_AD9481_IN/fifo_16to8_inst/U0/inst_fifo_gen/gconvfifo.rf/grf.rf/rstblk/ngwrdrst.grst.g7serrst.gnsckt_wrst.gic_rst.sckt_rd_rst_ic_reg/C
                            (rising edge-triggered cell FDPE clocked by clk_125M_clk_wiz_0  {rise@0.000ns fall@4.000ns period=8.000ns})
  Destination:            u_Demodulation/u_HS_AD9481_IN/fifo_16to8_inst/U0/inst_fifo_gen/gconvfifo.rf/grf.rf/gntv_or_sync_fifo.gl0.rd/gras.rsts/ram_empty_i_reg/PRE
                            (recovery check against rising-edge clock clk_125M_clk_wiz_0  {rise@0.000ns fall@4.000ns period=8.000ns})
  Path Group:             **async_default**
  Path Type:              Recovery (Max at Slow Process Corner)
  Requirement:            8.000ns  (clk_125M_clk_wiz_0 rise@8.000ns - clk_125M_clk_wiz_0 rise@0.000ns)
  Data Path Delay:        1.724ns  (logic 0.456ns (26.448%)  route 1.268ns (73.552%))
  Logic Levels:           0  
  Clock Path Skew:        -0.031ns (DCD - SCD + CPR)
    Destination Clock Delay (DCD):    -1.473ns = ( 6.527 - 8.000 ) 
    Source Clock Delay      (SCD):    -0.879ns
    Clock Pessimism Removal (CPR):    0.563ns
  Clock Uncertainty:      0.085ns  ((TSJ^2 + DJ^2)^1/2) / 2 + PE
    Total System Jitter     (TSJ):    0.071ns
    Discrete Jitter          (DJ):    0.154ns
    Phase Error              (PE):    0.000ns

    Location             Delay type                Incr(ns)  Path(ns)    Netlist Resource(s)
  -------------------------------------------------------------------    -------------------
                         (clock clk_125M_clk_wiz_0 rise edge)
                                                      0.000     0.000 r  
    W19                                               0.000     0.000 r  clk_50M (IN)
                         net (fo=0)                   0.000     0.000    clk_u0/inst/clk_in1
    W19                  IBUF (Prop_ibuf_I_O)         1.509     1.509 r  clk_u0/inst/clkin1_ibufg/O
                         net (fo=1, routed)           1.233     2.742    clk_u0/inst/clk_in1_clk_wiz_0
    MMCME2_ADV_X0Y2      MMCME2_ADV (Prop_mmcme2_adv_CLKIN1_CLKOUT0)
                                                     -7.485    -4.742 r  clk_u0/inst/mmcm_adv_inst/CLKOUT0
                         net (fo=1, routed)           1.843    -2.899    clk_u0/inst/clk_125M_clk_wiz_0
    BUFGCTRL_X0Y0        BUFG (Prop_bufg_I_O)         0.096    -2.803 r  clk_u0/inst/clkout1_buf/O
                         net (fo=9233, routed)        1.924    -0.879    u_Demodulation/u_HS_AD9481_IN/fifo_16to8_inst/U0/inst_fifo_gen/gconvfifo.rf/grf.rf/rstblk/rd_clk
    SLICE_X41Y86         FDPE                                         r  u_Demodulation/u_HS_AD9481_IN/fifo_16to8_inst/U0/inst_fifo_gen/gconvfifo.rf/grf.rf/rstblk/ngwrdrst.grst.g7serrst.gnsckt_wrst.gic_rst.sckt_rd_rst_ic_reg/C
  -------------------------------------------------------------------    -------------------
    SLICE_X41Y86         FDPE (Prop_fdpe_C_Q)         0.456    -0.423 f  u_Demodulation/u_HS_AD9481_IN/fifo_16to8_inst/U0/inst_fifo_gen/gconvfifo.rf/grf.rf/rstblk/ngwrdrst.grst.g7serrst.gnsckt_wrst.gic_rst.sckt_rd_rst_ic_reg/Q
                         net (fo=32, routed)          1.268     0.846    u_Demodulation/u_HS_AD9481_IN/fifo_16to8_inst/U0/inst_fifo_gen/gconvfifo.rf/grf.rf/gntv_or_sync_fifo.gl0.rd/gras.rsts/ram_empty_fb_i_reg_0
    SLICE_X32Y88         FDPE                                         f  u_Demodulation/u_HS_AD9481_IN/fifo_16to8_inst/U0/inst_fifo_gen/gconvfifo.rf/grf.rf/gntv_or_sync_fifo.gl0.rd/gras.rsts/ram_empty_i_reg/PRE
  -------------------------------------------------------------------    -------------------

                         (clock clk_125M_clk_wiz_0 rise edge)
                                                      8.000     8.000 r  
    W19                                               0.000     8.000 r  clk_50M (IN)
                         net (fo=0)                   0.000     8.000    clk_u0/inst/clk_in1
    W19                  IBUF (Prop_ibuf_I_O)         1.438     9.438 r  clk_u0/inst/clkin1_ibufg/O
                         net (fo=1, routed)           1.162    10.600    clk_u0/inst/clk_in1_clk_wiz_0
    MMCME2_ADV_X0Y2      MMCME2_ADV (Prop_mmcme2_adv_CLKIN1_CLKOUT0)
                                                     -7.729     2.871 r  clk_u0/inst/mmcm_adv_inst/CLKOUT0
                         net (fo=1, routed)           1.760     4.631    clk_u0/inst/clk_125M_clk_wiz_0
    BUFGCTRL_X0Y0        BUFG (Prop_bufg_I_O)         0.091     4.722 r  clk_u0/inst/clkout1_buf/O
                         net (fo=9233, routed)        1.805     6.527    u_Demodulation/u_HS_AD9481_IN/fifo_16to8_inst/U0/inst_fifo_gen/gconvfifo.rf/grf.rf/gntv_or_sync_fifo.gl0.rd/gras.rsts/rd_clk
    SLICE_X32Y88         FDPE                                         r  u_Demodulation/u_HS_AD9481_IN/fifo_16to8_inst/U0/inst_fifo_gen/gconvfifo.rf/grf.rf/gntv_or_sync_fifo.gl0.rd/gras.rsts/ram_empty_i_reg/C
                         clock pessimism              0.563     7.090    
                         clock uncertainty           -0.085     7.006    
    SLICE_X32Y88         FDPE (Recov_fdpe_C_PRE)     -0.359     6.647    u_Demodulation/u_HS_AD9481_IN/fifo_16to8_inst/U0/inst_fifo_gen/gconvfifo.rf/grf.rf/gntv_or_sync_fifo.gl0.rd/gras.rsts/ram_empty_i_reg
  -------------------------------------------------------------------
                         required time                          6.647    
                         arrival time                          -0.846    
  -------------------------------------------------------------------
                         slack                                  5.801    





Min Delay Paths
--------------------------------------------------------------------------------------
Slack (MET) :             0.438ns  (arrival time - required time)
  Source:                 u_Demodulation/u_HS_AD9481_IN/fifo_16to8_inst/U0/inst_fifo_gen/gconvfifo.rf/grf.rf/rstblk/ngwrdrst.grst.g7serrst.gnsckt_wrst.gic_rst.rst_rd_reg2_inst/arststages_ff_reg[1]/C
                            (rising edge-triggered cell FDPE clocked by clk_125M_clk_wiz_0  {rise@0.000ns fall@4.000ns period=8.000ns})
  Destination:            u_Demodulation/u_HS_AD9481_IN/fifo_16to8_inst/U0/inst_fifo_gen/gconvfifo.rf/grf.rf/rstblk/ngwrdrst.grst.g7serrst.gnsckt_wrst.gic_rst.wr_rst_rd_ext_reg[0]/CLR
                            (removal check against rising-edge clock clk_125M_clk_wiz_0  {rise@0.000ns fall@4.000ns period=8.000ns})
  Path Group:             **async_default**
  Path Type:              Removal (Min at Fast Process Corner)
  Requirement:            0.000ns  (clk_125M_clk_wiz_0 rise@0.000ns - clk_125M_clk_wiz_0 rise@0.000ns)
  Data Path Delay:        0.306ns  (logic 0.128ns (41.788%)  route 0.178ns (58.212%))
  Logic Levels:           0  
  Clock Path Skew:        0.014ns (DCD - SCD - CPR)
    Destination Clock Delay (DCD):    -0.834ns
    Source Clock Delay      (SCD):    -0.593ns
    Clock Pessimism Removal (CPR):    -0.255ns

    Location             Delay type                Incr(ns)  Path(ns)    Netlist Resource(s)
  -------------------------------------------------------------------    -------------------
                         (clock clk_125M_clk_wiz_0 rise edge)
                                                      0.000     0.000 r  
    W19                                               0.000     0.000 r  clk_50M (IN)
                         net (fo=0)                   0.000     0.000    clk_u0/inst/clk_in1
    W19                  IBUF (Prop_ibuf_I_O)         0.277     0.277 r  clk_u0/inst/clkin1_ibufg/O
                         net (fo=1, routed)           0.440     0.717    clk_u0/inst/clk_in1_clk_wiz_0
    MMCME2_ADV_X0Y2      MMCME2_ADV (Prop_mmcme2_adv_CLKIN1_CLKOUT0)
                                                     -2.560    -1.843 r  clk_u0/inst/mmcm_adv_inst/CLKOUT0
                         net (fo=1, routed)           0.545    -1.299    clk_u0/inst/clk_125M_clk_wiz_0
    BUFGCTRL_X0Y0        BUFG (Prop_bufg_I_O)         0.026    -1.273 r  clk_u0/inst/clkout1_buf/O
                         net (fo=9233, routed)        0.679    -0.593    u_Demodulation/u_HS_AD9481_IN/fifo_16to8_inst/U0/inst_fifo_gen/gconvfifo.rf/grf.rf/rstblk/ngwrdrst.grst.g7serrst.gnsckt_wrst.gic_rst.rst_rd_reg2_inst/dest_clk
    SLICE_X41Y87         FDPE                                         r  u_Demodulation/u_HS_AD9481_IN/fifo_16to8_inst/U0/inst_fifo_gen/gconvfifo.rf/grf.rf/rstblk/ngwrdrst.grst.g7serrst.gnsckt_wrst.gic_rst.rst_rd_reg2_inst/arststages_ff_reg[1]/C
  -------------------------------------------------------------------    -------------------
    SLICE_X41Y87         FDPE (Prop_fdpe_C_Q)         0.128    -0.465 f  u_Demodulation/u_HS_AD9481_IN/fifo_16to8_inst/U0/inst_fifo_gen/gconvfifo.rf/grf.rf/rstblk/ngwrdrst.grst.g7serrst.gnsckt_wrst.gic_rst.rst_rd_reg2_inst/arststages_ff_reg[1]/Q
                         net (fo=3, routed)           0.178    -0.287    u_Demodulation/u_HS_AD9481_IN/fifo_16to8_inst/U0/inst_fifo_gen/gconvfifo.rf/grf.rf/rstblk/ngwrdrst.grst.rst_rd_reg2
    SLICE_X41Y86         FDCE                                         f  u_Demodulation/u_HS_AD9481_IN/fifo_16to8_inst/U0/inst_fifo_gen/gconvfifo.rf/grf.rf/rstblk/ngwrdrst.grst.g7serrst.gnsckt_wrst.gic_rst.wr_rst_rd_ext_reg[0]/CLR
  -------------------------------------------------------------------    -------------------

                         (clock clk_125M_clk_wiz_0 rise edge)
                                                      0.000     0.000 r  
    W19                                               0.000     0.000 r  clk_50M (IN)
                         net (fo=0)                   0.000     0.000    clk_u0/inst/clk_in1
    W19                  IBUF (Prop_ibuf_I_O)         0.465     0.465 r  clk_u0/inst/clkin1_ibufg/O
                         net (fo=1, routed)           0.480     0.945    clk_u0/inst/clk_in1_clk_wiz_0
    MMCME2_ADV_X0Y2      MMCME2_ADV (Prop_mmcme2_adv_CLKIN1_CLKOUT0)
                                                     -3.355    -2.410 r  clk_u0/inst/mmcm_adv_inst/CLKOUT0
                         net (fo=1, routed)           0.595    -1.815    clk_u0/inst/clk_125M_clk_wiz_0
    BUFGCTRL_X0Y0        BUFG (Prop_bufg_I_O)         0.029    -1.786 r  clk_u0/inst/clkout1_buf/O
                         net (fo=9233, routed)        0.953    -0.834    u_Demodulation/u_HS_AD9481_IN/fifo_16to8_inst/U0/inst_fifo_gen/gconvfifo.rf/grf.rf/rstblk/rd_clk
    SLICE_X41Y86         FDCE                                         r  u_Demodulation/u_HS_AD9481_IN/fifo_16to8_inst/U0/inst_fifo_gen/gconvfifo.rf/grf.rf/rstblk/ngwrdrst.grst.g7serrst.gnsckt_wrst.gic_rst.wr_rst_rd_ext_reg[0]/C
                         clock pessimism              0.255    -0.579    
    SLICE_X41Y86         FDCE (Remov_fdce_C_CLR)     -0.146    -0.725    u_Demodulation/u_HS_AD9481_IN/fifo_16to8_inst/U0/inst_fifo_gen/gconvfifo.rf/grf.rf/rstblk/ngwrdrst.grst.g7serrst.gnsckt_wrst.gic_rst.wr_rst_rd_ext_reg[0]
  -------------------------------------------------------------------
                         required time                          0.725    
                         arrival time                          -0.287    
  -------------------------------------------------------------------
                         slack                                  0.438    

Slack (MET) :             0.438ns  (arrival time - required time)
  Source:                 u_Demodulation/u_HS_AD9481_IN/fifo_16to8_inst/U0/inst_fifo_gen/gconvfifo.rf/grf.rf/rstblk/ngwrdrst.grst.g7serrst.gnsckt_wrst.gic_rst.rst_rd_reg2_inst/arststages_ff_reg[1]/C
                            (rising edge-triggered cell FDPE clocked by clk_125M_clk_wiz_0  {rise@0.000ns fall@4.000ns period=8.000ns})
  Destination:            u_Demodulation/u_HS_AD9481_IN/fifo_16to8_inst/U0/inst_fifo_gen/gconvfifo.rf/grf.rf/rstblk/ngwrdrst.grst.g7serrst.gnsckt_wrst.gic_rst.wr_rst_rd_ext_reg[1]/CLR
                            (removal check against rising-edge clock clk_125M_clk_wiz_0  {rise@0.000ns fall@4.000ns period=8.000ns})
  Path Group:             **async_default**
  Path Type:              Removal (Min at Fast Process Corner)
  Requirement:            0.000ns  (clk_125M_clk_wiz_0 rise@0.000ns - clk_125M_clk_wiz_0 rise@0.000ns)
  Data Path Delay:        0.306ns  (logic 0.128ns (41.788%)  route 0.178ns (58.212%))
  Logic Levels:           0  
  Clock Path Skew:        0.014ns (DCD - SCD - CPR)
    Destination Clock Delay (DCD):    -0.834ns
    Source Clock Delay      (SCD):    -0.593ns
    Clock Pessimism Removal (CPR):    -0.255ns

    Location             Delay type                Incr(ns)  Path(ns)    Netlist Resource(s)
  -------------------------------------------------------------------    -------------------
                         (clock clk_125M_clk_wiz_0 rise edge)
                                                      0.000     0.000 r  
    W19                                               0.000     0.000 r  clk_50M (IN)
                         net (fo=0)                   0.000     0.000    clk_u0/inst/clk_in1
    W19                  IBUF (Prop_ibuf_I_O)         0.277     0.277 r  clk_u0/inst/clkin1_ibufg/O
                         net (fo=1, routed)           0.440     0.717    clk_u0/inst/clk_in1_clk_wiz_0
    MMCME2_ADV_X0Y2      MMCME2_ADV (Prop_mmcme2_adv_CLKIN1_CLKOUT0)
                                                     -2.560    -1.843 r  clk_u0/inst/mmcm_adv_inst/CLKOUT0
                         net (fo=1, routed)           0.545    -1.299    clk_u0/inst/clk_125M_clk_wiz_0
    BUFGCTRL_X0Y0        BUFG (Prop_bufg_I_O)         0.026    -1.273 r  clk_u0/inst/clkout1_buf/O
                         net (fo=9233, routed)        0.679    -0.593    u_Demodulation/u_HS_AD9481_IN/fifo_16to8_inst/U0/inst_fifo_gen/gconvfifo.rf/grf.rf/rstblk/ngwrdrst.grst.g7serrst.gnsckt_wrst.gic_rst.rst_rd_reg2_inst/dest_clk
    SLICE_X41Y87         FDPE                                         r  u_Demodulation/u_HS_AD9481_IN/fifo_16to8_inst/U0/inst_fifo_gen/gconvfifo.rf/grf.rf/rstblk/ngwrdrst.grst.g7serrst.gnsckt_wrst.gic_rst.rst_rd_reg2_inst/arststages_ff_reg[1]/C
  -------------------------------------------------------------------    -------------------
    SLICE_X41Y87         FDPE (Prop_fdpe_C_Q)         0.128    -0.465 f  u_Demodulation/u_HS_AD9481_IN/fifo_16to8_inst/U0/inst_fifo_gen/gconvfifo.rf/grf.rf/rstblk/ngwrdrst.grst.g7serrst.gnsckt_wrst.gic_rst.rst_rd_reg2_inst/arststages_ff_reg[1]/Q
                         net (fo=3, routed)           0.178    -0.287    u_Demodulation/u_HS_AD9481_IN/fifo_16to8_inst/U0/inst_fifo_gen/gconvfifo.rf/grf.rf/rstblk/ngwrdrst.grst.rst_rd_reg2
    SLICE_X41Y86         FDCE                                         f  u_Demodulation/u_HS_AD9481_IN/fifo_16to8_inst/U0/inst_fifo_gen/gconvfifo.rf/grf.rf/rstblk/ngwrdrst.grst.g7serrst.gnsckt_wrst.gic_rst.wr_rst_rd_ext_reg[1]/CLR
  -------------------------------------------------------------------    -------------------

                         (clock clk_125M_clk_wiz_0 rise edge)
                                                      0.000     0.000 r  
    W19                                               0.000     0.000 r  clk_50M (IN)
                         net (fo=0)                   0.000     0.000    clk_u0/inst/clk_in1
    W19                  IBUF (Prop_ibuf_I_O)         0.465     0.465 r  clk_u0/inst/clkin1_ibufg/O
                         net (fo=1, routed)           0.480     0.945    clk_u0/inst/clk_in1_clk_wiz_0
    MMCME2_ADV_X0Y2      MMCME2_ADV (Prop_mmcme2_adv_CLKIN1_CLKOUT0)
                                                     -3.355    -2.410 r  clk_u0/inst/mmcm_adv_inst/CLKOUT0
                         net (fo=1, routed)           0.595    -1.815    clk_u0/inst/clk_125M_clk_wiz_0
    BUFGCTRL_X0Y0        BUFG (Prop_bufg_I_O)         0.029    -1.786 r  clk_u0/inst/clkout1_buf/O
                         net (fo=9233, routed)        0.953    -0.834    u_Demodulation/u_HS_AD9481_IN/fifo_16to8_inst/U0/inst_fifo_gen/gconvfifo.rf/grf.rf/rstblk/rd_clk
    SLICE_X41Y86         FDCE                                         r  u_Demodulation/u_HS_AD9481_IN/fifo_16to8_inst/U0/inst_fifo_gen/gconvfifo.rf/grf.rf/rstblk/ngwrdrst.grst.g7serrst.gnsckt_wrst.gic_rst.wr_rst_rd_ext_reg[1]/C
                         clock pessimism              0.255    -0.579    
    SLICE_X41Y86         FDCE (Remov_fdce_C_CLR)     -0.146    -0.725    u_Demodulation/u_HS_AD9481_IN/fifo_16to8_inst/U0/inst_fifo_gen/gconvfifo.rf/grf.rf/rstblk/ngwrdrst.grst.g7serrst.gnsckt_wrst.gic_rst.wr_rst_rd_ext_reg[1]
  -------------------------------------------------------------------
                         required time                          0.725    
                         arrival time                          -0.287    
  -------------------------------------------------------------------
                         slack                                  0.438    

Slack (MET) :             0.441ns  (arrival time - required time)
  Source:                 u_Demodulation/u_HS_AD9481_IN/fifo_16to8_inst/U0/inst_fifo_gen/gconvfifo.rf/grf.rf/rstblk/ngwrdrst.grst.g7serrst.gnsckt_wrst.gic_rst.rst_rd_reg2_inst/arststages_ff_reg[1]/C
                            (rising edge-triggered cell FDPE clocked by clk_125M_clk_wiz_0  {rise@0.000ns fall@4.000ns period=8.000ns})
  Destination:            u_Demodulation/u_HS_AD9481_IN/fifo_16to8_inst/U0/inst_fifo_gen/gconvfifo.rf/grf.rf/rstblk/ngwrdrst.grst.g7serrst.gnsckt_wrst.gic_rst.sckt_rd_rst_ic_reg/PRE
                            (removal check against rising-edge clock clk_125M_clk_wiz_0  {rise@0.000ns fall@4.000ns period=8.000ns})
  Path Group:             **async_default**
  Path Type:              Removal (Min at Fast Process Corner)
  Requirement:            0.000ns  (clk_125M_clk_wiz_0 rise@0.000ns - clk_125M_clk_wiz_0 rise@0.000ns)
  Data Path Delay:        0.306ns  (logic 0.128ns (41.788%)  route 0.178ns (58.212%))
  Logic Levels:           0  
  Clock Path Skew:        0.014ns (DCD - SCD - CPR)
    Destination Clock Delay (DCD):    -0.834ns
    Source Clock Delay      (SCD):    -0.593ns
    Clock Pessimism Removal (CPR):    -0.255ns

    Location             Delay type                Incr(ns)  Path(ns)    Netlist Resource(s)
  -------------------------------------------------------------------    -------------------
                         (clock clk_125M_clk_wiz_0 rise edge)
                                                      0.000     0.000 r  
    W19                                               0.000     0.000 r  clk_50M (IN)
                         net (fo=0)                   0.000     0.000    clk_u0/inst/clk_in1
    W19                  IBUF (Prop_ibuf_I_O)         0.277     0.277 r  clk_u0/inst/clkin1_ibufg/O
                         net (fo=1, routed)           0.440     0.717    clk_u0/inst/clk_in1_clk_wiz_0
    MMCME2_ADV_X0Y2      MMCME2_ADV (Prop_mmcme2_adv_CLKIN1_CLKOUT0)
                                                     -2.560    -1.843 r  clk_u0/inst/mmcm_adv_inst/CLKOUT0
                         net (fo=1, routed)           0.545    -1.299    clk_u0/inst/clk_125M_clk_wiz_0
    BUFGCTRL_X0Y0        BUFG (Prop_bufg_I_O)         0.026    -1.273 r  clk_u0/inst/clkout1_buf/O
                         net (fo=9233, routed)        0.679    -0.593    u_Demodulation/u_HS_AD9481_IN/fifo_16to8_inst/U0/inst_fifo_gen/gconvfifo.rf/grf.rf/rstblk/ngwrdrst.grst.g7serrst.gnsckt_wrst.gic_rst.rst_rd_reg2_inst/dest_clk
    SLICE_X41Y87         FDPE                                         r  u_Demodulation/u_HS_AD9481_IN/fifo_16to8_inst/U0/inst_fifo_gen/gconvfifo.rf/grf.rf/rstblk/ngwrdrst.grst.g7serrst.gnsckt_wrst.gic_rst.rst_rd_reg2_inst/arststages_ff_reg[1]/C
  -------------------------------------------------------------------    -------------------
    SLICE_X41Y87         FDPE (Prop_fdpe_C_Q)         0.128    -0.465 f  u_Demodulation/u_HS_AD9481_IN/fifo_16to8_inst/U0/inst_fifo_gen/gconvfifo.rf/grf.rf/rstblk/ngwrdrst.grst.g7serrst.gnsckt_wrst.gic_rst.rst_rd_reg2_inst/arststages_ff_reg[1]/Q
                         net (fo=3, routed)           0.178    -0.287    u_Demodulation/u_HS_AD9481_IN/fifo_16to8_inst/U0/inst_fifo_gen/gconvfifo.rf/grf.rf/rstblk/ngwrdrst.grst.rst_rd_reg2
    SLICE_X41Y86         FDPE                                         f  u_Demodulation/u_HS_AD9481_IN/fifo_16to8_inst/U0/inst_fifo_gen/gconvfifo.rf/grf.rf/rstblk/ngwrdrst.grst.g7serrst.gnsckt_wrst.gic_rst.sckt_rd_rst_ic_reg/PRE
  -------------------------------------------------------------------    -------------------

                         (clock clk_125M_clk_wiz_0 rise edge)
                                                      0.000     0.000 r  
    W19                                               0.000     0.000 r  clk_50M (IN)
                         net (fo=0)                   0.000     0.000    clk_u0/inst/clk_in1
    W19                  IBUF (Prop_ibuf_I_O)         0.465     0.465 r  clk_u0/inst/clkin1_ibufg/O
                         net (fo=1, routed)           0.480     0.945    clk_u0/inst/clk_in1_clk_wiz_0
    MMCME2_ADV_X0Y2      MMCME2_ADV (Prop_mmcme2_adv_CLKIN1_CLKOUT0)
                                                     -3.355    -2.410 r  clk_u0/inst/mmcm_adv_inst/CLKOUT0
                         net (fo=1, routed)           0.595    -1.815    clk_u0/inst/clk_125M_clk_wiz_0
    BUFGCTRL_X0Y0        BUFG (Prop_bufg_I_O)         0.029    -1.786 r  clk_u0/inst/clkout1_buf/O
                         net (fo=9233, routed)        0.953    -0.834    u_Demodulation/u_HS_AD9481_IN/fifo_16to8_inst/U0/inst_fifo_gen/gconvfifo.rf/grf.rf/rstblk/rd_clk
    SLICE_X41Y86         FDPE                                         r  u_Demodulation/u_HS_AD9481_IN/fifo_16to8_inst/U0/inst_fifo_gen/gconvfifo.rf/grf.rf/rstblk/ngwrdrst.grst.g7serrst.gnsckt_wrst.gic_rst.sckt_rd_rst_ic_reg/C
                         clock pessimism              0.255    -0.579    
    SLICE_X41Y86         FDPE (Remov_fdpe_C_PRE)     -0.149    -0.728    u_Demodulation/u_HS_AD9481_IN/fifo_16to8_inst/U0/inst_fifo_gen/gconvfifo.rf/grf.rf/rstblk/ngwrdrst.grst.g7serrst.gnsckt_wrst.gic_rst.sckt_rd_rst_ic_reg
  -------------------------------------------------------------------
                         required time                          0.728    
                         arrival time                          -0.287    
  -------------------------------------------------------------------
                         slack                                  0.441    

Slack (MET) :             0.459ns  (arrival time - required time)
  Source:                 u_Demodulation/u_HS_AD9481_IN/fifo_16to8_inst/U0/inst_fifo_gen/gconvfifo.rf/grf.rf/rstblk/ngwrdrst.grst.g7serrst.gnsckt_wrst.gic_rst.sckt_rd_rst_ic_reg/C
                            (rising edge-triggered cell FDPE clocked by clk_125M_clk_wiz_0  {rise@0.000ns fall@4.000ns period=8.000ns})
  Destination:            u_Demodulation/u_HS_AD9481_IN/fifo_16to8_inst/U0/inst_fifo_gen/gconvfifo.rf/grf.rf/gntv_or_sync_fifo.gl0.rd/rpntr/gc0.count_reg[1]/CLR
                            (removal check against rising-edge clock clk_125M_clk_wiz_0  {rise@0.000ns fall@4.000ns period=8.000ns})
  Path Group:             **async_default**
  Path Type:              Removal (Min at Fast Process Corner)
  Requirement:            0.000ns  (clk_125M_clk_wiz_0 rise@0.000ns - clk_125M_clk_wiz_0 rise@0.000ns)
  Data Path Delay:        0.407ns  (logic 0.141ns (34.628%)  route 0.266ns (65.372%))
  Logic Levels:           0  
  Clock Path Skew:        0.040ns (DCD - SCD - CPR)
    Destination Clock Delay (DCD):    -0.831ns
    Source Clock Delay      (SCD):    -0.594ns
    Clock Pessimism Removal (CPR):    -0.277ns

    Location             Delay type                Incr(ns)  Path(ns)    Netlist Resource(s)
  -------------------------------------------------------------------    -------------------
                         (clock clk_125M_clk_wiz_0 rise edge)
                                                      0.000     0.000 r  
    W19                                               0.000     0.000 r  clk_50M (IN)
                         net (fo=0)                   0.000     0.000    clk_u0/inst/clk_in1
    W19                  IBUF (Prop_ibuf_I_O)         0.277     0.277 r  clk_u0/inst/clkin1_ibufg/O
                         net (fo=1, routed)           0.440     0.717    clk_u0/inst/clk_in1_clk_wiz_0
    MMCME2_ADV_X0Y2      MMCME2_ADV (Prop_mmcme2_adv_CLKIN1_CLKOUT0)
                                                     -2.560    -1.843 r  clk_u0/inst/mmcm_adv_inst/CLKOUT0
                         net (fo=1, routed)           0.545    -1.299    clk_u0/inst/clk_125M_clk_wiz_0
    BUFGCTRL_X0Y0        BUFG (Prop_bufg_I_O)         0.026    -1.273 r  clk_u0/inst/clkout1_buf/O
                         net (fo=9233, routed)        0.678    -0.594    u_Demodulation/u_HS_AD9481_IN/fifo_16to8_inst/U0/inst_fifo_gen/gconvfifo.rf/grf.rf/rstblk/rd_clk
    SLICE_X41Y86         FDPE                                         r  u_Demodulation/u_HS_AD9481_IN/fifo_16to8_inst/U0/inst_fifo_gen/gconvfifo.rf/grf.rf/rstblk/ngwrdrst.grst.g7serrst.gnsckt_wrst.gic_rst.sckt_rd_rst_ic_reg/C
  -------------------------------------------------------------------    -------------------
    SLICE_X41Y86         FDPE (Prop_fdpe_C_Q)         0.141    -0.453 f  u_Demodulation/u_HS_AD9481_IN/fifo_16to8_inst/U0/inst_fifo_gen/gconvfifo.rf/grf.rf/rstblk/ngwrdrst.grst.g7serrst.gnsckt_wrst.gic_rst.sckt_rd_rst_ic_reg/Q
                         net (fo=32, routed)          0.266    -0.187    u_Demodulation/u_HS_AD9481_IN/fifo_16to8_inst/U0/inst_fifo_gen/gconvfifo.rf/grf.rf/gntv_or_sync_fifo.gl0.rd/rpntr/gc0.count_d1_reg[0]_rep_0
    SLICE_X34Y86         FDCE                                         f  u_Demodulation/u_HS_AD9481_IN/fifo_16to8_inst/U0/inst_fifo_gen/gconvfifo.rf/grf.rf/gntv_or_sync_fifo.gl0.rd/rpntr/gc0.count_reg[1]/CLR
  -------------------------------------------------------------------    -------------------

                         (clock clk_125M_clk_wiz_0 rise edge)
                                                      0.000     0.000 r  
    W19                                               0.000     0.000 r  clk_50M (IN)
                         net (fo=0)                   0.000     0.000    clk_u0/inst/clk_in1
    W19                  IBUF (Prop_ibuf_I_O)         0.465     0.465 r  clk_u0/inst/clkin1_ibufg/O
                         net (fo=1, routed)           0.480     0.945    clk_u0/inst/clk_in1_clk_wiz_0
    MMCME2_ADV_X0Y2      MMCME2_ADV (Prop_mmcme2_adv_CLKIN1_CLKOUT0)
                                                     -3.355    -2.410 r  clk_u0/inst/mmcm_adv_inst/CLKOUT0
                         net (fo=1, routed)           0.595    -1.815    clk_u0/inst/clk_125M_clk_wiz_0
    BUFGCTRL_X0Y0        BUFG (Prop_bufg_I_O)         0.029    -1.786 r  clk_u0/inst/clkout1_buf/O
                         net (fo=9233, routed)        0.956    -0.831    u_Demodulation/u_HS_AD9481_IN/fifo_16to8_inst/U0/inst_fifo_gen/gconvfifo.rf/grf.rf/gntv_or_sync_fifo.gl0.rd/rpntr/rd_clk
    SLICE_X34Y86         FDCE                                         r  u_Demodulation/u_HS_AD9481_IN/fifo_16to8_inst/U0/inst_fifo_gen/gconvfifo.rf/grf.rf/gntv_or_sync_fifo.gl0.rd/rpntr/gc0.count_reg[1]/C
                         clock pessimism              0.277    -0.554    
    SLICE_X34Y86         FDCE (Remov_fdce_C_CLR)     -0.092    -0.646    u_Demodulation/u_HS_AD9481_IN/fifo_16to8_inst/U0/inst_fifo_gen/gconvfifo.rf/grf.rf/gntv_or_sync_fifo.gl0.rd/rpntr/gc0.count_reg[1]
  -------------------------------------------------------------------
                         required time                          0.646    
                         arrival time                          -0.187    
  -------------------------------------------------------------------
                         slack                                  0.459    

Slack (MET) :             0.459ns  (arrival time - required time)
  Source:                 u_Demodulation/u_HS_AD9481_IN/fifo_16to8_inst/U0/inst_fifo_gen/gconvfifo.rf/grf.rf/rstblk/ngwrdrst.grst.g7serrst.gnsckt_wrst.gic_rst.sckt_rd_rst_ic_reg/C
                            (rising edge-triggered cell FDPE clocked by clk_125M_clk_wiz_0  {rise@0.000ns fall@4.000ns period=8.000ns})
  Destination:            u_Demodulation/u_HS_AD9481_IN/fifo_16to8_inst/U0/inst_fifo_gen/gconvfifo.rf/grf.rf/gntv_or_sync_fifo.gl0.rd/rpntr/gc0.count_reg[2]/CLR
                            (removal check against rising-edge clock clk_125M_clk_wiz_0  {rise@0.000ns fall@4.000ns period=8.000ns})
  Path Group:             **async_default**
  Path Type:              Removal (Min at Fast Process Corner)
  Requirement:            0.000ns  (clk_125M_clk_wiz_0 rise@0.000ns - clk_125M_clk_wiz_0 rise@0.000ns)
  Data Path Delay:        0.407ns  (logic 0.141ns (34.628%)  route 0.266ns (65.372%))
  Logic Levels:           0  
  Clock Path Skew:        0.040ns (DCD - SCD - CPR)
    Destination Clock Delay (DCD):    -0.831ns
    Source Clock Delay      (SCD):    -0.594ns
    Clock Pessimism Removal (CPR):    -0.277ns

    Location             Delay type                Incr(ns)  Path(ns)    Netlist Resource(s)
  -------------------------------------------------------------------    -------------------
                         (clock clk_125M_clk_wiz_0 rise edge)
                                                      0.000     0.000 r  
    W19                                               0.000     0.000 r  clk_50M (IN)
                         net (fo=0)                   0.000     0.000    clk_u0/inst/clk_in1
    W19                  IBUF (Prop_ibuf_I_O)         0.277     0.277 r  clk_u0/inst/clkin1_ibufg/O
                         net (fo=1, routed)           0.440     0.717    clk_u0/inst/clk_in1_clk_wiz_0
    MMCME2_ADV_X0Y2      MMCME2_ADV (Prop_mmcme2_adv_CLKIN1_CLKOUT0)
                                                     -2.560    -1.843 r  clk_u0/inst/mmcm_adv_inst/CLKOUT0
                         net (fo=1, routed)           0.545    -1.299    clk_u0/inst/clk_125M_clk_wiz_0
    BUFGCTRL_X0Y0        BUFG (Prop_bufg_I_O)         0.026    -1.273 r  clk_u0/inst/clkout1_buf/O
                         net (fo=9233, routed)        0.678    -0.594    u_Demodulation/u_HS_AD9481_IN/fifo_16to8_inst/U0/inst_fifo_gen/gconvfifo.rf/grf.rf/rstblk/rd_clk
    SLICE_X41Y86         FDPE                                         r  u_Demodulation/u_HS_AD9481_IN/fifo_16to8_inst/U0/inst_fifo_gen/gconvfifo.rf/grf.rf/rstblk/ngwrdrst.grst.g7serrst.gnsckt_wrst.gic_rst.sckt_rd_rst_ic_reg/C
  -------------------------------------------------------------------    -------------------
    SLICE_X41Y86         FDPE (Prop_fdpe_C_Q)         0.141    -0.453 f  u_Demodulation/u_HS_AD9481_IN/fifo_16to8_inst/U0/inst_fifo_gen/gconvfifo.rf/grf.rf/rstblk/ngwrdrst.grst.g7serrst.gnsckt_wrst.gic_rst.sckt_rd_rst_ic_reg/Q
                         net (fo=32, routed)          0.266    -0.187    u_Demodulation/u_HS_AD9481_IN/fifo_16to8_inst/U0/inst_fifo_gen/gconvfifo.rf/grf.rf/gntv_or_sync_fifo.gl0.rd/rpntr/gc0.count_d1_reg[0]_rep_0
    SLICE_X34Y86         FDCE                                         f  u_Demodulation/u_HS_AD9481_IN/fifo_16to8_inst/U0/inst_fifo_gen/gconvfifo.rf/grf.rf/gntv_or_sync_fifo.gl0.rd/rpntr/gc0.count_reg[2]/CLR
  -------------------------------------------------------------------    -------------------

                         (clock clk_125M_clk_wiz_0 rise edge)
                                                      0.000     0.000 r  
    W19                                               0.000     0.000 r  clk_50M (IN)
                         net (fo=0)                   0.000     0.000    clk_u0/inst/clk_in1
    W19                  IBUF (Prop_ibuf_I_O)         0.465     0.465 r  clk_u0/inst/clkin1_ibufg/O
                         net (fo=1, routed)           0.480     0.945    clk_u0/inst/clk_in1_clk_wiz_0
    MMCME2_ADV_X0Y2      MMCME2_ADV (Prop_mmcme2_adv_CLKIN1_CLKOUT0)
                                                     -3.355    -2.410 r  clk_u0/inst/mmcm_adv_inst/CLKOUT0
                         net (fo=1, routed)           0.595    -1.815    clk_u0/inst/clk_125M_clk_wiz_0
    BUFGCTRL_X0Y0        BUFG (Prop_bufg_I_O)         0.029    -1.786 r  clk_u0/inst/clkout1_buf/O
                         net (fo=9233, routed)        0.956    -0.831    u_Demodulation/u_HS_AD9481_IN/fifo_16to8_inst/U0/inst_fifo_gen/gconvfifo.rf/grf.rf/gntv_or_sync_fifo.gl0.rd/rpntr/rd_clk
    SLICE_X34Y86         FDCE                                         r  u_Demodulation/u_HS_AD9481_IN/fifo_16to8_inst/U0/inst_fifo_gen/gconvfifo.rf/grf.rf/gntv_or_sync_fifo.gl0.rd/rpntr/gc0.count_reg[2]/C
                         clock pessimism              0.277    -0.554    
    SLICE_X34Y86         FDCE (Remov_fdce_C_CLR)     -0.092    -0.646    u_Demodulation/u_HS_AD9481_IN/fifo_16to8_inst/U0/inst_fifo_gen/gconvfifo.rf/grf.rf/gntv_or_sync_fifo.gl0.rd/rpntr/gc0.count_reg[2]
  -------------------------------------------------------------------
                         required time                          0.646    
                         arrival time                          -0.187    
  -------------------------------------------------------------------
                         slack                                  0.459    

Slack (MET) :             0.582ns  (arrival time - required time)
  Source:                 u_Demodulation/u_HS_AD9481_IN/fifo_16to8_inst/U0/inst_fifo_gen/gconvfifo.rf/grf.rf/rstblk/ngwrdrst.grst.g7serrst.gnsckt_wrst.gic_rst.sckt_rd_rst_ic_reg/C
                            (rising edge-triggered cell FDPE clocked by clk_125M_clk_wiz_0  {rise@0.000ns fall@4.000ns period=8.000ns})
  Destination:            u_Demodulation/u_HS_AD9481_IN/fifo_16to8_inst/U0/inst_fifo_gen/gconvfifo.rf/grf.rf/gntv_or_sync_fifo.gl0.rd/rpntr/gc0.count_d1_reg[4]/CLR
                            (removal check against rising-edge clock clk_125M_clk_wiz_0  {rise@0.000ns fall@4.000ns period=8.000ns})
  Path Group:             **async_default**
  Path Type:              Removal (Min at Fast Process Corner)
  Requirement:            0.000ns  (clk_125M_clk_wiz_0 rise@0.000ns - clk_125M_clk_wiz_0 rise@0.000ns)
  Data Path Delay:        0.530ns  (logic 0.141ns (26.600%)  route 0.389ns (73.400%))
  Logic Levels:           0  
  Clock Path Skew:        0.040ns (DCD - SCD - CPR)
    Destination Clock Delay (DCD):    -0.831ns
    Source Clock Delay      (SCD):    -0.594ns
    Clock Pessimism Removal (CPR):    -0.277ns

    Location             Delay type                Incr(ns)  Path(ns)    Netlist Resource(s)
  -------------------------------------------------------------------    -------------------
                         (clock clk_125M_clk_wiz_0 rise edge)
                                                      0.000     0.000 r  
    W19                                               0.000     0.000 r  clk_50M (IN)
                         net (fo=0)                   0.000     0.000    clk_u0/inst/clk_in1
    W19                  IBUF (Prop_ibuf_I_O)         0.277     0.277 r  clk_u0/inst/clkin1_ibufg/O
                         net (fo=1, routed)           0.440     0.717    clk_u0/inst/clk_in1_clk_wiz_0
    MMCME2_ADV_X0Y2      MMCME2_ADV (Prop_mmcme2_adv_CLKIN1_CLKOUT0)
                                                     -2.560    -1.843 r  clk_u0/inst/mmcm_adv_inst/CLKOUT0
                         net (fo=1, routed)           0.545    -1.299    clk_u0/inst/clk_125M_clk_wiz_0
    BUFGCTRL_X0Y0        BUFG (Prop_bufg_I_O)         0.026    -1.273 r  clk_u0/inst/clkout1_buf/O
                         net (fo=9233, routed)        0.678    -0.594    u_Demodulation/u_HS_AD9481_IN/fifo_16to8_inst/U0/inst_fifo_gen/gconvfifo.rf/grf.rf/rstblk/rd_clk
    SLICE_X41Y86         FDPE                                         r  u_Demodulation/u_HS_AD9481_IN/fifo_16to8_inst/U0/inst_fifo_gen/gconvfifo.rf/grf.rf/rstblk/ngwrdrst.grst.g7serrst.gnsckt_wrst.gic_rst.sckt_rd_rst_ic_reg/C
  -------------------------------------------------------------------    -------------------
    SLICE_X41Y86         FDPE (Prop_fdpe_C_Q)         0.141    -0.453 f  u_Demodulation/u_HS_AD9481_IN/fifo_16to8_inst/U0/inst_fifo_gen/gconvfifo.rf/grf.rf/rstblk/ngwrdrst.grst.g7serrst.gnsckt_wrst.gic_rst.sckt_rd_rst_ic_reg/Q
                         net (fo=32, routed)          0.389    -0.064    u_Demodulation/u_HS_AD9481_IN/fifo_16to8_inst/U0/inst_fifo_gen/gconvfifo.rf/grf.rf/gntv_or_sync_fifo.gl0.rd/rpntr/gc0.count_d1_reg[0]_rep_0
    SLICE_X33Y85         FDCE                                         f  u_Demodulation/u_HS_AD9481_IN/fifo_16to8_inst/U0/inst_fifo_gen/gconvfifo.rf/grf.rf/gntv_or_sync_fifo.gl0.rd/rpntr/gc0.count_d1_reg[4]/CLR
  -------------------------------------------------------------------    -------------------

                         (clock clk_125M_clk_wiz_0 rise edge)
                                                      0.000     0.000 r  
    W19                                               0.000     0.000 r  clk_50M (IN)
                         net (fo=0)                   0.000     0.000    clk_u0/inst/clk_in1
    W19                  IBUF (Prop_ibuf_I_O)         0.465     0.465 r  clk_u0/inst/clkin1_ibufg/O
                         net (fo=1, routed)           0.480     0.945    clk_u0/inst/clk_in1_clk_wiz_0
    MMCME2_ADV_X0Y2      MMCME2_ADV (Prop_mmcme2_adv_CLKIN1_CLKOUT0)
                                                     -3.355    -2.410 r  clk_u0/inst/mmcm_adv_inst/CLKOUT0
                         net (fo=1, routed)           0.595    -1.815    clk_u0/inst/clk_125M_clk_wiz_0
    BUFGCTRL_X0Y0        BUFG (Prop_bufg_I_O)         0.029    -1.786 r  clk_u0/inst/clkout1_buf/O
                         net (fo=9233, routed)        0.956    -0.831    u_Demodulation/u_HS_AD9481_IN/fifo_16to8_inst/U0/inst_fifo_gen/gconvfifo.rf/grf.rf/gntv_or_sync_fifo.gl0.rd/rpntr/rd_clk
    SLICE_X33Y85         FDCE                                         r  u_Demodulation/u_HS_AD9481_IN/fifo_16to8_inst/U0/inst_fifo_gen/gconvfifo.rf/grf.rf/gntv_or_sync_fifo.gl0.rd/rpntr/gc0.count_d1_reg[4]/C
                         clock pessimism              0.277    -0.554    
    SLICE_X33Y85         FDCE (Remov_fdce_C_CLR)     -0.092    -0.646    u_Demodulation/u_HS_AD9481_IN/fifo_16to8_inst/U0/inst_fifo_gen/gconvfifo.rf/grf.rf/gntv_or_sync_fifo.gl0.rd/rpntr/gc0.count_d1_reg[4]
  -------------------------------------------------------------------
                         required time                          0.646    
                         arrival time                          -0.064    
  -------------------------------------------------------------------
                         slack                                  0.582    

Slack (MET) :             0.582ns  (arrival time - required time)
  Source:                 u_Demodulation/u_HS_AD9481_IN/fifo_16to8_inst/U0/inst_fifo_gen/gconvfifo.rf/grf.rf/rstblk/ngwrdrst.grst.g7serrst.gnsckt_wrst.gic_rst.sckt_rd_rst_ic_reg/C
                            (rising edge-triggered cell FDPE clocked by clk_125M_clk_wiz_0  {rise@0.000ns fall@4.000ns period=8.000ns})
  Destination:            u_Demodulation/u_HS_AD9481_IN/fifo_16to8_inst/U0/inst_fifo_gen/gconvfifo.rf/grf.rf/gntv_or_sync_fifo.gl0.rd/rpntr/gc0.count_reg[3]/CLR
                            (removal check against rising-edge clock clk_125M_clk_wiz_0  {rise@0.000ns fall@4.000ns period=8.000ns})
  Path Group:             **async_default**
  Path Type:              Removal (Min at Fast Process Corner)
  Requirement:            0.000ns  (clk_125M_clk_wiz_0 rise@0.000ns - clk_125M_clk_wiz_0 rise@0.000ns)
  Data Path Delay:        0.530ns  (logic 0.141ns (26.600%)  route 0.389ns (73.400%))
  Logic Levels:           0  
  Clock Path Skew:        0.040ns (DCD - SCD - CPR)
    Destination Clock Delay (DCD):    -0.831ns
    Source Clock Delay      (SCD):    -0.594ns
    Clock Pessimism Removal (CPR):    -0.277ns

    Location             Delay type                Incr(ns)  Path(ns)    Netlist Resource(s)
  -------------------------------------------------------------------    -------------------
                         (clock clk_125M_clk_wiz_0 rise edge)
                                                      0.000     0.000 r  
    W19                                               0.000     0.000 r  clk_50M (IN)
                         net (fo=0)                   0.000     0.000    clk_u0/inst/clk_in1
    W19                  IBUF (Prop_ibuf_I_O)         0.277     0.277 r  clk_u0/inst/clkin1_ibufg/O
                         net (fo=1, routed)           0.440     0.717    clk_u0/inst/clk_in1_clk_wiz_0
    MMCME2_ADV_X0Y2      MMCME2_ADV (Prop_mmcme2_adv_CLKIN1_CLKOUT0)
                                                     -2.560    -1.843 r  clk_u0/inst/mmcm_adv_inst/CLKOUT0
                         net (fo=1, routed)           0.545    -1.299    clk_u0/inst/clk_125M_clk_wiz_0
    BUFGCTRL_X0Y0        BUFG (Prop_bufg_I_O)         0.026    -1.273 r  clk_u0/inst/clkout1_buf/O
                         net (fo=9233, routed)        0.678    -0.594    u_Demodulation/u_HS_AD9481_IN/fifo_16to8_inst/U0/inst_fifo_gen/gconvfifo.rf/grf.rf/rstblk/rd_clk
    SLICE_X41Y86         FDPE                                         r  u_Demodulation/u_HS_AD9481_IN/fifo_16to8_inst/U0/inst_fifo_gen/gconvfifo.rf/grf.rf/rstblk/ngwrdrst.grst.g7serrst.gnsckt_wrst.gic_rst.sckt_rd_rst_ic_reg/C
  -------------------------------------------------------------------    -------------------
    SLICE_X41Y86         FDPE (Prop_fdpe_C_Q)         0.141    -0.453 f  u_Demodulation/u_HS_AD9481_IN/fifo_16to8_inst/U0/inst_fifo_gen/gconvfifo.rf/grf.rf/rstblk/ngwrdrst.grst.g7serrst.gnsckt_wrst.gic_rst.sckt_rd_rst_ic_reg/Q
                         net (fo=32, routed)          0.389    -0.064    u_Demodulation/u_HS_AD9481_IN/fifo_16to8_inst/U0/inst_fifo_gen/gconvfifo.rf/grf.rf/gntv_or_sync_fifo.gl0.rd/rpntr/gc0.count_d1_reg[0]_rep_0
    SLICE_X33Y85         FDCE                                         f  u_Demodulation/u_HS_AD9481_IN/fifo_16to8_inst/U0/inst_fifo_gen/gconvfifo.rf/grf.rf/gntv_or_sync_fifo.gl0.rd/rpntr/gc0.count_reg[3]/CLR
  -------------------------------------------------------------------    -------------------

                         (clock clk_125M_clk_wiz_0 rise edge)
                                                      0.000     0.000 r  
    W19                                               0.000     0.000 r  clk_50M (IN)
                         net (fo=0)                   0.000     0.000    clk_u0/inst/clk_in1
    W19                  IBUF (Prop_ibuf_I_O)         0.465     0.465 r  clk_u0/inst/clkin1_ibufg/O
                         net (fo=1, routed)           0.480     0.945    clk_u0/inst/clk_in1_clk_wiz_0
    MMCME2_ADV_X0Y2      MMCME2_ADV (Prop_mmcme2_adv_CLKIN1_CLKOUT0)
                                                     -3.355    -2.410 r  clk_u0/inst/mmcm_adv_inst/CLKOUT0
                         net (fo=1, routed)           0.595    -1.815    clk_u0/inst/clk_125M_clk_wiz_0
    BUFGCTRL_X0Y0        BUFG (Prop_bufg_I_O)         0.029    -1.786 r  clk_u0/inst/clkout1_buf/O
                         net (fo=9233, routed)        0.956    -0.831    u_Demodulation/u_HS_AD9481_IN/fifo_16to8_inst/U0/inst_fifo_gen/gconvfifo.rf/grf.rf/gntv_or_sync_fifo.gl0.rd/rpntr/rd_clk
    SLICE_X33Y85         FDCE                                         r  u_Demodulation/u_HS_AD9481_IN/fifo_16to8_inst/U0/inst_fifo_gen/gconvfifo.rf/grf.rf/gntv_or_sync_fifo.gl0.rd/rpntr/gc0.count_reg[3]/C
                         clock pessimism              0.277    -0.554    
    SLICE_X33Y85         FDCE (Remov_fdce_C_CLR)     -0.092    -0.646    u_Demodulation/u_HS_AD9481_IN/fifo_16to8_inst/U0/inst_fifo_gen/gconvfifo.rf/grf.rf/gntv_or_sync_fifo.gl0.rd/rpntr/gc0.count_reg[3]
  -------------------------------------------------------------------
                         required time                          0.646    
                         arrival time                          -0.064    
  -------------------------------------------------------------------
                         slack                                  0.582    

Slack (MET) :             0.582ns  (arrival time - required time)
  Source:                 u_Demodulation/u_HS_AD9481_IN/fifo_16to8_inst/U0/inst_fifo_gen/gconvfifo.rf/grf.rf/rstblk/ngwrdrst.grst.g7serrst.gnsckt_wrst.gic_rst.sckt_rd_rst_ic_reg/C
                            (rising edge-triggered cell FDPE clocked by clk_125M_clk_wiz_0  {rise@0.000ns fall@4.000ns period=8.000ns})
  Destination:            u_Demodulation/u_HS_AD9481_IN/fifo_16to8_inst/U0/inst_fifo_gen/gconvfifo.rf/grf.rf/gntv_or_sync_fifo.gl0.rd/rpntr/gc0.count_reg[4]/CLR
                            (removal check against rising-edge clock clk_125M_clk_wiz_0  {rise@0.000ns fall@4.000ns period=8.000ns})
  Path Group:             **async_default**
  Path Type:              Removal (Min at Fast Process Corner)
  Requirement:            0.000ns  (clk_125M_clk_wiz_0 rise@0.000ns - clk_125M_clk_wiz_0 rise@0.000ns)
  Data Path Delay:        0.530ns  (logic 0.141ns (26.600%)  route 0.389ns (73.400%))
  Logic Levels:           0  
  Clock Path Skew:        0.040ns (DCD - SCD - CPR)
    Destination Clock Delay (DCD):    -0.831ns
    Source Clock Delay      (SCD):    -0.594ns
    Clock Pessimism Removal (CPR):    -0.277ns

    Location             Delay type                Incr(ns)  Path(ns)    Netlist Resource(s)
  -------------------------------------------------------------------    -------------------
                         (clock clk_125M_clk_wiz_0 rise edge)
                                                      0.000     0.000 r  
    W19                                               0.000     0.000 r  clk_50M (IN)
                         net (fo=0)                   0.000     0.000    clk_u0/inst/clk_in1
    W19                  IBUF (Prop_ibuf_I_O)         0.277     0.277 r  clk_u0/inst/clkin1_ibufg/O
                         net (fo=1, routed)           0.440     0.717    clk_u0/inst/clk_in1_clk_wiz_0
    MMCME2_ADV_X0Y2      MMCME2_ADV (Prop_mmcme2_adv_CLKIN1_CLKOUT0)
                                                     -2.560    -1.843 r  clk_u0/inst/mmcm_adv_inst/CLKOUT0
                         net (fo=1, routed)           0.545    -1.299    clk_u0/inst/clk_125M_clk_wiz_0
    BUFGCTRL_X0Y0        BUFG (Prop_bufg_I_O)         0.026    -1.273 r  clk_u0/inst/clkout1_buf/O
                         net (fo=9233, routed)        0.678    -0.594    u_Demodulation/u_HS_AD9481_IN/fifo_16to8_inst/U0/inst_fifo_gen/gconvfifo.rf/grf.rf/rstblk/rd_clk
    SLICE_X41Y86         FDPE                                         r  u_Demodulation/u_HS_AD9481_IN/fifo_16to8_inst/U0/inst_fifo_gen/gconvfifo.rf/grf.rf/rstblk/ngwrdrst.grst.g7serrst.gnsckt_wrst.gic_rst.sckt_rd_rst_ic_reg/C
  -------------------------------------------------------------------    -------------------
    SLICE_X41Y86         FDPE (Prop_fdpe_C_Q)         0.141    -0.453 f  u_Demodulation/u_HS_AD9481_IN/fifo_16to8_inst/U0/inst_fifo_gen/gconvfifo.rf/grf.rf/rstblk/ngwrdrst.grst.g7serrst.gnsckt_wrst.gic_rst.sckt_rd_rst_ic_reg/Q
                         net (fo=32, routed)          0.389    -0.064    u_Demodulation/u_HS_AD9481_IN/fifo_16to8_inst/U0/inst_fifo_gen/gconvfifo.rf/grf.rf/gntv_or_sync_fifo.gl0.rd/rpntr/gc0.count_d1_reg[0]_rep_0
    SLICE_X33Y85         FDCE                                         f  u_Demodulation/u_HS_AD9481_IN/fifo_16to8_inst/U0/inst_fifo_gen/gconvfifo.rf/grf.rf/gntv_or_sync_fifo.gl0.rd/rpntr/gc0.count_reg[4]/CLR
  -------------------------------------------------------------------    -------------------

                         (clock clk_125M_clk_wiz_0 rise edge)
                                                      0.000     0.000 r  
    W19                                               0.000     0.000 r  clk_50M (IN)
                         net (fo=0)                   0.000     0.000    clk_u0/inst/clk_in1
    W19                  IBUF (Prop_ibuf_I_O)         0.465     0.465 r  clk_u0/inst/clkin1_ibufg/O
                         net (fo=1, routed)           0.480     0.945    clk_u0/inst/clk_in1_clk_wiz_0
    MMCME2_ADV_X0Y2      MMCME2_ADV (Prop_mmcme2_adv_CLKIN1_CLKOUT0)
                                                     -3.355    -2.410 r  clk_u0/inst/mmcm_adv_inst/CLKOUT0
                         net (fo=1, routed)           0.595    -1.815    clk_u0/inst/clk_125M_clk_wiz_0
    BUFGCTRL_X0Y0        BUFG (Prop_bufg_I_O)         0.029    -1.786 r  clk_u0/inst/clkout1_buf/O
                         net (fo=9233, routed)        0.956    -0.831    u_Demodulation/u_HS_AD9481_IN/fifo_16to8_inst/U0/inst_fifo_gen/gconvfifo.rf/grf.rf/gntv_or_sync_fifo.gl0.rd/rpntr/rd_clk
    SLICE_X33Y85         FDCE                                         r  u_Demodulation/u_HS_AD9481_IN/fifo_16to8_inst/U0/inst_fifo_gen/gconvfifo.rf/grf.rf/gntv_or_sync_fifo.gl0.rd/rpntr/gc0.count_reg[4]/C
                         clock pessimism              0.277    -0.554    
    SLICE_X33Y85         FDCE (Remov_fdce_C_CLR)     -0.092    -0.646    u_Demodulation/u_HS_AD9481_IN/fifo_16to8_inst/U0/inst_fifo_gen/gconvfifo.rf/grf.rf/gntv_or_sync_fifo.gl0.rd/rpntr/gc0.count_reg[4]
  -------------------------------------------------------------------
                         required time                          0.646    
                         arrival time                          -0.064    
  -------------------------------------------------------------------
                         slack                                  0.582    

Slack (MET) :             0.582ns  (arrival time - required time)
  Source:                 u_Demodulation/u_HS_AD9481_IN/fifo_16to8_inst/U0/inst_fifo_gen/gconvfifo.rf/grf.rf/rstblk/ngwrdrst.grst.g7serrst.gnsckt_wrst.gic_rst.sckt_rd_rst_ic_reg/C
                            (rising edge-triggered cell FDPE clocked by clk_125M_clk_wiz_0  {rise@0.000ns fall@4.000ns period=8.000ns})
  Destination:            u_Demodulation/u_HS_AD9481_IN/fifo_16to8_inst/U0/inst_fifo_gen/gconvfifo.rf/grf.rf/gntv_or_sync_fifo.gl0.rd/rpntr/gc0.count_reg[5]/CLR
                            (removal check against rising-edge clock clk_125M_clk_wiz_0  {rise@0.000ns fall@4.000ns period=8.000ns})
  Path Group:             **async_default**
  Path Type:              Removal (Min at Fast Process Corner)
  Requirement:            0.000ns  (clk_125M_clk_wiz_0 rise@0.000ns - clk_125M_clk_wiz_0 rise@0.000ns)
  Data Path Delay:        0.530ns  (logic 0.141ns (26.600%)  route 0.389ns (73.400%))
  Logic Levels:           0  
  Clock Path Skew:        0.040ns (DCD - SCD - CPR)
    Destination Clock Delay (DCD):    -0.831ns
    Source Clock Delay      (SCD):    -0.594ns
    Clock Pessimism Removal (CPR):    -0.277ns

    Location             Delay type                Incr(ns)  Path(ns)    Netlist Resource(s)
  -------------------------------------------------------------------    -------------------
                         (clock clk_125M_clk_wiz_0 rise edge)
                                                      0.000     0.000 r  
    W19                                               0.000     0.000 r  clk_50M (IN)
                         net (fo=0)                   0.000     0.000    clk_u0/inst/clk_in1
    W19                  IBUF (Prop_ibuf_I_O)         0.277     0.277 r  clk_u0/inst/clkin1_ibufg/O
                         net (fo=1, routed)           0.440     0.717    clk_u0/inst/clk_in1_clk_wiz_0
    MMCME2_ADV_X0Y2      MMCME2_ADV (Prop_mmcme2_adv_CLKIN1_CLKOUT0)
                                                     -2.560    -1.843 r  clk_u0/inst/mmcm_adv_inst/CLKOUT0
                         net (fo=1, routed)           0.545    -1.299    clk_u0/inst/clk_125M_clk_wiz_0
    BUFGCTRL_X0Y0        BUFG (Prop_bufg_I_O)         0.026    -1.273 r  clk_u0/inst/clkout1_buf/O
                         net (fo=9233, routed)        0.678    -0.594    u_Demodulation/u_HS_AD9481_IN/fifo_16to8_inst/U0/inst_fifo_gen/gconvfifo.rf/grf.rf/rstblk/rd_clk
    SLICE_X41Y86         FDPE                                         r  u_Demodulation/u_HS_AD9481_IN/fifo_16to8_inst/U0/inst_fifo_gen/gconvfifo.rf/grf.rf/rstblk/ngwrdrst.grst.g7serrst.gnsckt_wrst.gic_rst.sckt_rd_rst_ic_reg/C
  -------------------------------------------------------------------    -------------------
    SLICE_X41Y86         FDPE (Prop_fdpe_C_Q)         0.141    -0.453 f  u_Demodulation/u_HS_AD9481_IN/fifo_16to8_inst/U0/inst_fifo_gen/gconvfifo.rf/grf.rf/rstblk/ngwrdrst.grst.g7serrst.gnsckt_wrst.gic_rst.sckt_rd_rst_ic_reg/Q
                         net (fo=32, routed)          0.389    -0.064    u_Demodulation/u_HS_AD9481_IN/fifo_16to8_inst/U0/inst_fifo_gen/gconvfifo.rf/grf.rf/gntv_or_sync_fifo.gl0.rd/rpntr/gc0.count_d1_reg[0]_rep_0
    SLICE_X33Y85         FDCE                                         f  u_Demodulation/u_HS_AD9481_IN/fifo_16to8_inst/U0/inst_fifo_gen/gconvfifo.rf/grf.rf/gntv_or_sync_fifo.gl0.rd/rpntr/gc0.count_reg[5]/CLR
  -------------------------------------------------------------------    -------------------

                         (clock clk_125M_clk_wiz_0 rise edge)
                                                      0.000     0.000 r  
    W19                                               0.000     0.000 r  clk_50M (IN)
                         net (fo=0)                   0.000     0.000    clk_u0/inst/clk_in1
    W19                  IBUF (Prop_ibuf_I_O)         0.465     0.465 r  clk_u0/inst/clkin1_ibufg/O
                         net (fo=1, routed)           0.480     0.945    clk_u0/inst/clk_in1_clk_wiz_0
    MMCME2_ADV_X0Y2      MMCME2_ADV (Prop_mmcme2_adv_CLKIN1_CLKOUT0)
                                                     -3.355    -2.410 r  clk_u0/inst/mmcm_adv_inst/CLKOUT0
                         net (fo=1, routed)           0.595    -1.815    clk_u0/inst/clk_125M_clk_wiz_0
    BUFGCTRL_X0Y0        BUFG (Prop_bufg_I_O)         0.029    -1.786 r  clk_u0/inst/clkout1_buf/O
                         net (fo=9233, routed)        0.956    -0.831    u_Demodulation/u_HS_AD9481_IN/fifo_16to8_inst/U0/inst_fifo_gen/gconvfifo.rf/grf.rf/gntv_or_sync_fifo.gl0.rd/rpntr/rd_clk
    SLICE_X33Y85         FDCE                                         r  u_Demodulation/u_HS_AD9481_IN/fifo_16to8_inst/U0/inst_fifo_gen/gconvfifo.rf/grf.rf/gntv_or_sync_fifo.gl0.rd/rpntr/gc0.count_reg[5]/C
                         clock pessimism              0.277    -0.554    
    SLICE_X33Y85         FDCE (Remov_fdce_C_CLR)     -0.092    -0.646    u_Demodulation/u_HS_AD9481_IN/fifo_16to8_inst/U0/inst_fifo_gen/gconvfifo.rf/grf.rf/gntv_or_sync_fifo.gl0.rd/rpntr/gc0.count_reg[5]
  -------------------------------------------------------------------
                         required time                          0.646    
                         arrival time                          -0.064    
  -------------------------------------------------------------------
                         slack                                  0.582    

Slack (MET) :             0.586ns  (arrival time - required time)
  Source:                 u_Demodulation/u_HS_AD9481_IN/fifo_16to8_inst/U0/inst_fifo_gen/gconvfifo.rf/grf.rf/rstblk/ngwrdrst.grst.g7serrst.gnsckt_wrst.gic_rst.sckt_rd_rst_ic_reg/C
                            (rising edge-triggered cell FDPE clocked by clk_125M_clk_wiz_0  {rise@0.000ns fall@4.000ns period=8.000ns})
  Destination:            u_Demodulation/u_HS_AD9481_IN/fifo_16to8_inst/U0/inst_fifo_gen/gconvfifo.rf/grf.rf/gntv_or_sync_fifo.gl0.rd/rpntr/gc0.count_d1_reg[1]/CLR
                            (removal check against rising-edge clock clk_125M_clk_wiz_0  {rise@0.000ns fall@4.000ns period=8.000ns})
  Path Group:             **async_default**
  Path Type:              Removal (Min at Fast Process Corner)
  Requirement:            0.000ns  (clk_125M_clk_wiz_0 rise@0.000ns - clk_125M_clk_wiz_0 rise@0.000ns)
  Data Path Delay:        0.534ns  (logic 0.141ns (26.383%)  route 0.393ns (73.617%))
  Logic Levels:           0  
  Clock Path Skew:        0.040ns (DCD - SCD - CPR)
    Destination Clock Delay (DCD):    -0.831ns
    Source Clock Delay      (SCD):    -0.594ns
    Clock Pessimism Removal (CPR):    -0.277ns

    Location             Delay type                Incr(ns)  Path(ns)    Netlist Resource(s)
  -------------------------------------------------------------------    -------------------
                         (clock clk_125M_clk_wiz_0 rise edge)
                                                      0.000     0.000 r  
    W19                                               0.000     0.000 r  clk_50M (IN)
                         net (fo=0)                   0.000     0.000    clk_u0/inst/clk_in1
    W19                  IBUF (Prop_ibuf_I_O)         0.277     0.277 r  clk_u0/inst/clkin1_ibufg/O
                         net (fo=1, routed)           0.440     0.717    clk_u0/inst/clk_in1_clk_wiz_0
    MMCME2_ADV_X0Y2      MMCME2_ADV (Prop_mmcme2_adv_CLKIN1_CLKOUT0)
                                                     -2.560    -1.843 r  clk_u0/inst/mmcm_adv_inst/CLKOUT0
                         net (fo=1, routed)           0.545    -1.299    clk_u0/inst/clk_125M_clk_wiz_0
    BUFGCTRL_X0Y0        BUFG (Prop_bufg_I_O)         0.026    -1.273 r  clk_u0/inst/clkout1_buf/O
                         net (fo=9233, routed)        0.678    -0.594    u_Demodulation/u_HS_AD9481_IN/fifo_16to8_inst/U0/inst_fifo_gen/gconvfifo.rf/grf.rf/rstblk/rd_clk
    SLICE_X41Y86         FDPE                                         r  u_Demodulation/u_HS_AD9481_IN/fifo_16to8_inst/U0/inst_fifo_gen/gconvfifo.rf/grf.rf/rstblk/ngwrdrst.grst.g7serrst.gnsckt_wrst.gic_rst.sckt_rd_rst_ic_reg/C
  -------------------------------------------------------------------    -------------------
    SLICE_X41Y86         FDPE (Prop_fdpe_C_Q)         0.141    -0.453 f  u_Demodulation/u_HS_AD9481_IN/fifo_16to8_inst/U0/inst_fifo_gen/gconvfifo.rf/grf.rf/rstblk/ngwrdrst.grst.g7serrst.gnsckt_wrst.gic_rst.sckt_rd_rst_ic_reg/Q
                         net (fo=32, routed)          0.393    -0.060    u_Demodulation/u_HS_AD9481_IN/fifo_16to8_inst/U0/inst_fifo_gen/gconvfifo.rf/grf.rf/gntv_or_sync_fifo.gl0.rd/rpntr/gc0.count_d1_reg[0]_rep_0
    SLICE_X32Y85         FDCE                                         f  u_Demodulation/u_HS_AD9481_IN/fifo_16to8_inst/U0/inst_fifo_gen/gconvfifo.rf/grf.rf/gntv_or_sync_fifo.gl0.rd/rpntr/gc0.count_d1_reg[1]/CLR
  -------------------------------------------------------------------    -------------------

                         (clock clk_125M_clk_wiz_0 rise edge)
                                                      0.000     0.000 r  
    W19                                               0.000     0.000 r  clk_50M (IN)
                         net (fo=0)                   0.000     0.000    clk_u0/inst/clk_in1
    W19                  IBUF (Prop_ibuf_I_O)         0.465     0.465 r  clk_u0/inst/clkin1_ibufg/O
                         net (fo=1, routed)           0.480     0.945    clk_u0/inst/clk_in1_clk_wiz_0
    MMCME2_ADV_X0Y2      MMCME2_ADV (Prop_mmcme2_adv_CLKIN1_CLKOUT0)
                                                     -3.355    -2.410 r  clk_u0/inst/mmcm_adv_inst/CLKOUT0
                         net (fo=1, routed)           0.595    -1.815    clk_u0/inst/clk_125M_clk_wiz_0
    BUFGCTRL_X0Y0        BUFG (Prop_bufg_I_O)         0.029    -1.786 r  clk_u0/inst/clkout1_buf/O
                         net (fo=9233, routed)        0.956    -0.831    u_Demodulation/u_HS_AD9481_IN/fifo_16to8_inst/U0/inst_fifo_gen/gconvfifo.rf/grf.rf/gntv_or_sync_fifo.gl0.rd/rpntr/rd_clk
    SLICE_X32Y85         FDCE                                         r  u_Demodulation/u_HS_AD9481_IN/fifo_16to8_inst/U0/inst_fifo_gen/gconvfifo.rf/grf.rf/gntv_or_sync_fifo.gl0.rd/rpntr/gc0.count_d1_reg[1]/C
                         clock pessimism              0.277    -0.554    
    SLICE_X32Y85         FDCE (Remov_fdce_C_CLR)     -0.092    -0.646    u_Demodulation/u_HS_AD9481_IN/fifo_16to8_inst/U0/inst_fifo_gen/gconvfifo.rf/grf.rf/gntv_or_sync_fifo.gl0.rd/rpntr/gc0.count_d1_reg[1]
  -------------------------------------------------------------------
                         required time                          0.646    
                         arrival time                          -0.060    
  -------------------------------------------------------------------
                         slack                                  0.586    





---------------------------------------------------------------------------------------------------
Path Group:  **default**
From Clock:  
  To Clock:  

Setup :            0  Failing Endpoints,  Worst Slack      998.638ns,  Total Violation        0.000ns
Hold  :           NA  Failing Endpoints,  Worst Slack           NA  ,  Total Violation           NA
---------------------------------------------------------------------------------------------------


Max Delay Paths
--------------------------------------------------------------------------------------
Slack (MET) :             998.638ns  (required time - arrival time)
  Source:                 u_Demodulation/u_fifo_generator_fft/U0/inst_fifo_gen/gconvfifo.rf/grf.rf/gntv_or_sync_fifo.gcx.clkx/rd_pntr_cdc_inst/src_gray_ff_reg[5]/C
                            (rising edge-triggered cell FDRE)
  Destination:            u_Demodulation/u_fifo_generator_fft/U0/inst_fifo_gen/gconvfifo.rf/grf.rf/gntv_or_sync_fifo.gcx.clkx/rd_pntr_cdc_inst/dest_graysync_ff_reg[0][5]/D
  Path Group:             **default**
  Path Type:              Setup (Max at Slow Process Corner)
  Requirement:            1000.000ns  (MaxDelay Path 1000.000ns)
  Data Path Delay:        1.095ns  (logic 0.419ns (38.282%)  route 0.676ns (61.718%))
  Logic Levels:           1  (FDRE=1)
  Timing Exception:       MaxDelay Path 1000.000ns -datapath_only

    Location             Delay type                Incr(ns)  Path(ns)    Netlist Resource(s)
  -------------------------------------------------------------------    -------------------
    SLICE_X21Y107        FDRE                         0.000     0.000 r  u_Demodulation/u_fifo_generator_fft/U0/inst_fifo_gen/gconvfifo.rf/grf.rf/gntv_or_sync_fifo.gcx.clkx/rd_pntr_cdc_inst/src_gray_ff_reg[5]/C
    SLICE_X21Y107        FDRE (Prop_fdre_C_Q)         0.419     0.419 r  u_Demodulation/u_fifo_generator_fft/U0/inst_fifo_gen/gconvfifo.rf/grf.rf/gntv_or_sync_fifo.gcx.clkx/rd_pntr_cdc_inst/src_gray_ff_reg[5]/Q
                         net (fo=1, routed)           0.676     1.095    u_Demodulation/u_fifo_generator_fft/U0/inst_fifo_gen/gconvfifo.rf/grf.rf/gntv_or_sync_fifo.gcx.clkx/rd_pntr_cdc_inst/async_path[5]
    SLICE_X13Y107        FDRE                                         r  u_Demodulation/u_fifo_generator_fft/U0/inst_fifo_gen/gconvfifo.rf/grf.rf/gntv_or_sync_fifo.gcx.clkx/rd_pntr_cdc_inst/dest_graysync_ff_reg[0][5]/D
  -------------------------------------------------------------------    -------------------

                         max delay                 1000.000  1000.000    
    SLICE_X13Y107        FDRE (Setup_fdre_C_D)       -0.268   999.732    u_Demodulation/u_fifo_generator_fft/U0/inst_fifo_gen/gconvfifo.rf/grf.rf/gntv_or_sync_fifo.gcx.clkx/rd_pntr_cdc_inst/dest_graysync_ff_reg[0][5]
  -------------------------------------------------------------------
                         required time                        999.732    
                         arrival time                          -1.095    
  -------------------------------------------------------------------
                         slack                                998.638    

Slack (MET) :             998.705ns  (required time - arrival time)
  Source:                 u_Demodulation/u_fifo_generator_fft/U0/inst_fifo_gen/gconvfifo.rf/grf.rf/gntv_or_sync_fifo.gcx.clkx/wr_pntr_cdc_inst/src_gray_ff_reg[7]/C
                            (rising edge-triggered cell FDRE)
  Destination:            u_Demodulation/u_fifo_generator_fft/U0/inst_fifo_gen/gconvfifo.rf/grf.rf/gntv_or_sync_fifo.gcx.clkx/wr_pntr_cdc_inst/dest_graysync_ff_reg[0][7]/D
  Path Group:             **default**
  Path Type:              Setup (Max at Slow Process Corner)
  Requirement:            1000.000ns  (MaxDelay Path 1000.000ns)
  Data Path Delay:        1.093ns  (logic 0.478ns (43.745%)  route 0.615ns (56.255%))
  Logic Levels:           1  (FDRE=1)
  Timing Exception:       MaxDelay Path 1000.000ns -datapath_only

    Location             Delay type                Incr(ns)  Path(ns)    Netlist Resource(s)
  -------------------------------------------------------------------    -------------------
    SLICE_X20Y114        FDRE                         0.000     0.000 r  u_Demodulation/u_fifo_generator_fft/U0/inst_fifo_gen/gconvfifo.rf/grf.rf/gntv_or_sync_fifo.gcx.clkx/wr_pntr_cdc_inst/src_gray_ff_reg[7]/C
    SLICE_X20Y114        FDRE (Prop_fdre_C_Q)         0.478     0.478 r  u_Demodulation/u_fifo_generator_fft/U0/inst_fifo_gen/gconvfifo.rf/grf.rf/gntv_or_sync_fifo.gcx.clkx/wr_pntr_cdc_inst/src_gray_ff_reg[7]/Q
                         net (fo=1, routed)           0.615     1.093    u_Demodulation/u_fifo_generator_fft/U0/inst_fifo_gen/gconvfifo.rf/grf.rf/gntv_or_sync_fifo.gcx.clkx/wr_pntr_cdc_inst/async_path[7]
    SLICE_X20Y114        FDRE                                         r  u_Demodulation/u_fifo_generator_fft/U0/inst_fifo_gen/gconvfifo.rf/grf.rf/gntv_or_sync_fifo.gcx.clkx/wr_pntr_cdc_inst/dest_graysync_ff_reg[0][7]/D
  -------------------------------------------------------------------    -------------------

                         max delay                 1000.000  1000.000    
    SLICE_X20Y114        FDRE (Setup_fdre_C_D)       -0.202   999.798    u_Demodulation/u_fifo_generator_fft/U0/inst_fifo_gen/gconvfifo.rf/grf.rf/gntv_or_sync_fifo.gcx.clkx/wr_pntr_cdc_inst/dest_graysync_ff_reg[0][7]
  -------------------------------------------------------------------
                         required time                        999.798    
                         arrival time                          -1.093    
  -------------------------------------------------------------------
                         slack                                998.705    

Slack (MET) :             998.706ns  (required time - arrival time)
  Source:                 u_Demodulation/u_fifo_generator_fft/U0/inst_fifo_gen/gconvfifo.rf/grf.rf/gntv_or_sync_fifo.gcx.clkx/wr_pntr_cdc_inst/src_gray_ff_reg[5]/C
                            (rising edge-triggered cell FDRE)
  Destination:            u_Demodulation/u_fifo_generator_fft/U0/inst_fifo_gen/gconvfifo.rf/grf.rf/gntv_or_sync_fifo.gcx.clkx/wr_pntr_cdc_inst/dest_graysync_ff_reg[0][5]/D
  Path Group:             **default**
  Path Type:              Setup (Max at Slow Process Corner)
  Requirement:            1000.000ns  (MaxDelay Path 1000.000ns)
  Data Path Delay:        1.026ns  (logic 0.419ns (40.837%)  route 0.607ns (59.163%))
  Logic Levels:           1  (FDRE=1)
  Timing Exception:       MaxDelay Path 1000.000ns -datapath_only

    Location             Delay type                Incr(ns)  Path(ns)    Netlist Resource(s)
  -------------------------------------------------------------------    -------------------
    SLICE_X21Y103        FDRE                         0.000     0.000 r  u_Demodulation/u_fifo_generator_fft/U0/inst_fifo_gen/gconvfifo.rf/grf.rf/gntv_or_sync_fifo.gcx.clkx/wr_pntr_cdc_inst/src_gray_ff_reg[5]/C
    SLICE_X21Y103        FDRE (Prop_fdre_C_Q)         0.419     0.419 r  u_Demodulation/u_fifo_generator_fft/U0/inst_fifo_gen/gconvfifo.rf/grf.rf/gntv_or_sync_fifo.gcx.clkx/wr_pntr_cdc_inst/src_gray_ff_reg[5]/Q
                         net (fo=1, routed)           0.607     1.026    u_Demodulation/u_fifo_generator_fft/U0/inst_fifo_gen/gconvfifo.rf/grf.rf/gntv_or_sync_fifo.gcx.clkx/wr_pntr_cdc_inst/async_path[5]
    SLICE_X21Y103        FDRE                                         r  u_Demodulation/u_fifo_generator_fft/U0/inst_fifo_gen/gconvfifo.rf/grf.rf/gntv_or_sync_fifo.gcx.clkx/wr_pntr_cdc_inst/dest_graysync_ff_reg[0][5]/D
  -------------------------------------------------------------------    -------------------

                         max delay                 1000.000  1000.000    
    SLICE_X21Y103        FDRE (Setup_fdre_C_D)       -0.268   999.732    u_Demodulation/u_fifo_generator_fft/U0/inst_fifo_gen/gconvfifo.rf/grf.rf/gntv_or_sync_fifo.gcx.clkx/wr_pntr_cdc_inst/dest_graysync_ff_reg[0][5]
  -------------------------------------------------------------------
                         required time                        999.732    
                         arrival time                          -1.026    
  -------------------------------------------------------------------
                         slack                                998.706    

Slack (MET) :             998.707ns  (required time - arrival time)
  Source:                 u_Demodulation/u_fifo_generator_fft/U0/inst_fifo_gen/gconvfifo.rf/grf.rf/gntv_or_sync_fifo.gcx.clkx/wr_pntr_cdc_inst/src_gray_ff_reg[11]/C
                            (rising edge-triggered cell FDRE)
  Destination:            u_Demodulation/u_fifo_generator_fft/U0/inst_fifo_gen/gconvfifo.rf/grf.rf/gntv_or_sync_fifo.gcx.clkx/wr_pntr_cdc_inst/dest_graysync_ff_reg[0][11]/D
  Path Group:             **default**
  Path Type:              Setup (Max at Slow Process Corner)
  Requirement:            1000.000ns  (MaxDelay Path 1000.000ns)
  Data Path Delay:        1.025ns  (logic 0.419ns (40.859%)  route 0.606ns (59.141%))
  Logic Levels:           1  (FDRE=1)
  Timing Exception:       MaxDelay Path 1000.000ns -datapath_only

    Location             Delay type                Incr(ns)  Path(ns)    Netlist Resource(s)
  -------------------------------------------------------------------    -------------------
    SLICE_X23Y113        FDRE                         0.000     0.000 r  u_Demodulation/u_fifo_generator_fft/U0/inst_fifo_gen/gconvfifo.rf/grf.rf/gntv_or_sync_fifo.gcx.clkx/wr_pntr_cdc_inst/src_gray_ff_reg[11]/C
    SLICE_X23Y113        FDRE (Prop_fdre_C_Q)         0.419     0.419 r  u_Demodulation/u_fifo_generator_fft/U0/inst_fifo_gen/gconvfifo.rf/grf.rf/gntv_or_sync_fifo.gcx.clkx/wr_pntr_cdc_inst/src_gray_ff_reg[11]/Q
                         net (fo=1, routed)           0.606     1.025    u_Demodulation/u_fifo_generator_fft/U0/inst_fifo_gen/gconvfifo.rf/grf.rf/gntv_or_sync_fifo.gcx.clkx/wr_pntr_cdc_inst/async_path[11]
    SLICE_X23Y113        FDRE                                         r  u_Demodulation/u_fifo_generator_fft/U0/inst_fifo_gen/gconvfifo.rf/grf.rf/gntv_or_sync_fifo.gcx.clkx/wr_pntr_cdc_inst/dest_graysync_ff_reg[0][11]/D
  -------------------------------------------------------------------    -------------------

                         max delay                 1000.000  1000.000    
    SLICE_X23Y113        FDRE (Setup_fdre_C_D)       -0.268   999.732    u_Demodulation/u_fifo_generator_fft/U0/inst_fifo_gen/gconvfifo.rf/grf.rf/gntv_or_sync_fifo.gcx.clkx/wr_pntr_cdc_inst/dest_graysync_ff_reg[0][11]
  -------------------------------------------------------------------
                         required time                        999.732    
                         arrival time                          -1.025    
  -------------------------------------------------------------------
                         slack                                998.707    

Slack (MET) :             998.716ns  (required time - arrival time)
  Source:                 u_Demodulation/u_fifo_generator_fft/U0/inst_fifo_gen/gconvfifo.rf/grf.rf/gntv_or_sync_fifo.gcx.clkx/wr_pntr_cdc_inst/src_gray_ff_reg[3]/C
                            (rising edge-triggered cell FDRE)
  Destination:            u_Demodulation/u_fifo_generator_fft/U0/inst_fifo_gen/gconvfifo.rf/grf.rf/gntv_or_sync_fifo.gcx.clkx/wr_pntr_cdc_inst/dest_graysync_ff_reg[0][3]/D
  Path Group:             **default**
  Path Type:              Setup (Max at Slow Process Corner)
  Requirement:            1000.000ns  (MaxDelay Path 1000.000ns)
  Data Path Delay:        1.067ns  (logic 0.478ns (44.804%)  route 0.589ns (55.196%))
  Logic Levels:           1  (FDRE=1)
  Timing Exception:       MaxDelay Path 1000.000ns -datapath_only

    Location             Delay type                Incr(ns)  Path(ns)    Netlist Resource(s)
  -------------------------------------------------------------------    -------------------
    SLICE_X22Y114        FDRE                         0.000     0.000 r  u_Demodulation/u_fifo_generator_fft/U0/inst_fifo_gen/gconvfifo.rf/grf.rf/gntv_or_sync_fifo.gcx.clkx/wr_pntr_cdc_inst/src_gray_ff_reg[3]/C
    SLICE_X22Y114        FDRE (Prop_fdre_C_Q)         0.478     0.478 r  u_Demodulation/u_fifo_generator_fft/U0/inst_fifo_gen/gconvfifo.rf/grf.rf/gntv_or_sync_fifo.gcx.clkx/wr_pntr_cdc_inst/src_gray_ff_reg[3]/Q
                         net (fo=1, routed)           0.589     1.067    u_Demodulation/u_fifo_generator_fft/U0/inst_fifo_gen/gconvfifo.rf/grf.rf/gntv_or_sync_fifo.gcx.clkx/wr_pntr_cdc_inst/async_path[3]
    SLICE_X22Y114        FDRE                                         r  u_Demodulation/u_fifo_generator_fft/U0/inst_fifo_gen/gconvfifo.rf/grf.rf/gntv_or_sync_fifo.gcx.clkx/wr_pntr_cdc_inst/dest_graysync_ff_reg[0][3]/D
  -------------------------------------------------------------------    -------------------

                         max delay                 1000.000  1000.000    
    SLICE_X22Y114        FDRE (Setup_fdre_C_D)       -0.217   999.783    u_Demodulation/u_fifo_generator_fft/U0/inst_fifo_gen/gconvfifo.rf/grf.rf/gntv_or_sync_fifo.gcx.clkx/wr_pntr_cdc_inst/dest_graysync_ff_reg[0][3]
  -------------------------------------------------------------------
                         required time                        999.783    
                         arrival time                          -1.067    
  -------------------------------------------------------------------
                         slack                                998.716    

Slack (MET) :             998.752ns  (required time - arrival time)
  Source:                 u_Demodulation/u_fifo_generator_fft/U0/inst_fifo_gen/gconvfifo.rf/grf.rf/gntv_or_sync_fifo.gcx.clkx/rd_pntr_cdc_inst/src_gray_ff_reg[11]/C
                            (rising edge-triggered cell FDRE)
  Destination:            u_Demodulation/u_fifo_generator_fft/U0/inst_fifo_gen/gconvfifo.rf/grf.rf/gntv_or_sync_fifo.gcx.clkx/rd_pntr_cdc_inst/dest_graysync_ff_reg[0][11]/D
  Path Group:             **default**
  Path Type:              Setup (Max at Slow Process Corner)
  Requirement:            1000.000ns  (MaxDelay Path 1000.000ns)
  Data Path Delay:        0.982ns  (logic 0.419ns (42.654%)  route 0.563ns (57.346%))
  Logic Levels:           1  (FDRE=1)
  Timing Exception:       MaxDelay Path 1000.000ns -datapath_only

    Location             Delay type                Incr(ns)  Path(ns)    Netlist Resource(s)
  -------------------------------------------------------------------    -------------------
    SLICE_X23Y114        FDRE                         0.000     0.000 r  u_Demodulation/u_fifo_generator_fft/U0/inst_fifo_gen/gconvfifo.rf/grf.rf/gntv_or_sync_fifo.gcx.clkx/rd_pntr_cdc_inst/src_gray_ff_reg[11]/C
    SLICE_X23Y114        FDRE (Prop_fdre_C_Q)         0.419     0.419 r  u_Demodulation/u_fifo_generator_fft/U0/inst_fifo_gen/gconvfifo.rf/grf.rf/gntv_or_sync_fifo.gcx.clkx/rd_pntr_cdc_inst/src_gray_ff_reg[11]/Q
                         net (fo=1, routed)           0.563     0.982    u_Demodulation/u_fifo_generator_fft/U0/inst_fifo_gen/gconvfifo.rf/grf.rf/gntv_or_sync_fifo.gcx.clkx/rd_pntr_cdc_inst/async_path[11]
    SLICE_X23Y115        FDRE                                         r  u_Demodulation/u_fifo_generator_fft/U0/inst_fifo_gen/gconvfifo.rf/grf.rf/gntv_or_sync_fifo.gcx.clkx/rd_pntr_cdc_inst/dest_graysync_ff_reg[0][11]/D
  -------------------------------------------------------------------    -------------------

                         max delay                 1000.000  1000.000    
    SLICE_X23Y115        FDRE (Setup_fdre_C_D)       -0.266   999.734    u_Demodulation/u_fifo_generator_fft/U0/inst_fifo_gen/gconvfifo.rf/grf.rf/gntv_or_sync_fifo.gcx.clkx/rd_pntr_cdc_inst/dest_graysync_ff_reg[0][11]
  -------------------------------------------------------------------
                         required time                        999.734    
                         arrival time                          -0.982    
  -------------------------------------------------------------------
                         slack                                998.752    

Slack (MET) :             998.810ns  (required time - arrival time)
  Source:                 u_Demodulation/u_fifo_generator_fft/U0/inst_fifo_gen/gconvfifo.rf/grf.rf/gntv_or_sync_fifo.gcx.clkx/rd_pntr_cdc_inst/src_gray_ff_reg[9]/C
                            (rising edge-triggered cell FDRE)
  Destination:            u_Demodulation/u_fifo_generator_fft/U0/inst_fifo_gen/gconvfifo.rf/grf.rf/gntv_or_sync_fifo.gcx.clkx/rd_pntr_cdc_inst/dest_graysync_ff_reg[0][9]/D
  Path Group:             **default**
  Path Type:              Setup (Max at Slow Process Corner)
  Requirement:            1000.000ns  (MaxDelay Path 1000.000ns)
  Data Path Delay:        0.973ns  (logic 0.478ns (49.119%)  route 0.495ns (50.881%))
  Logic Levels:           1  (FDRE=1)
  Timing Exception:       MaxDelay Path 1000.000ns -datapath_only

    Location             Delay type                Incr(ns)  Path(ns)    Netlist Resource(s)
  -------------------------------------------------------------------    -------------------
    SLICE_X20Y113        FDRE                         0.000     0.000 r  u_Demodulation/u_fifo_generator_fft/U0/inst_fifo_gen/gconvfifo.rf/grf.rf/gntv_or_sync_fifo.gcx.clkx/rd_pntr_cdc_inst/src_gray_ff_reg[9]/C
    SLICE_X20Y113        FDRE (Prop_fdre_C_Q)         0.478     0.478 r  u_Demodulation/u_fifo_generator_fft/U0/inst_fifo_gen/gconvfifo.rf/grf.rf/gntv_or_sync_fifo.gcx.clkx/rd_pntr_cdc_inst/src_gray_ff_reg[9]/Q
                         net (fo=1, routed)           0.495     0.973    u_Demodulation/u_fifo_generator_fft/U0/inst_fifo_gen/gconvfifo.rf/grf.rf/gntv_or_sync_fifo.gcx.clkx/rd_pntr_cdc_inst/async_path[9]
    SLICE_X20Y113        FDRE                                         r  u_Demodulation/u_fifo_generator_fft/U0/inst_fifo_gen/gconvfifo.rf/grf.rf/gntv_or_sync_fifo.gcx.clkx/rd_pntr_cdc_inst/dest_graysync_ff_reg[0][9]/D
  -------------------------------------------------------------------    -------------------

                         max delay                 1000.000  1000.000    
    SLICE_X20Y113        FDRE (Setup_fdre_C_D)       -0.217   999.783    u_Demodulation/u_fifo_generator_fft/U0/inst_fifo_gen/gconvfifo.rf/grf.rf/gntv_or_sync_fifo.gcx.clkx/rd_pntr_cdc_inst/dest_graysync_ff_reg[0][9]
  -------------------------------------------------------------------
                         required time                        999.783    
                         arrival time                          -0.973    
  -------------------------------------------------------------------
                         slack                                998.810    

Slack (MET) :             998.840ns  (required time - arrival time)
  Source:                 u_Demodulation/u_fifo_generator_fft/U0/inst_fifo_gen/gconvfifo.rf/grf.rf/gntv_or_sync_fifo.gcx.clkx/rd_pntr_cdc_inst/src_gray_ff_reg[4]/C
                            (rising edge-triggered cell FDRE)
  Destination:            u_Demodulation/u_fifo_generator_fft/U0/inst_fifo_gen/gconvfifo.rf/grf.rf/gntv_or_sync_fifo.gcx.clkx/rd_pntr_cdc_inst/dest_graysync_ff_reg[0][4]/D
  Path Group:             **default**
  Path Type:              Setup (Max at Slow Process Corner)
  Requirement:            1000.000ns  (MaxDelay Path 1000.000ns)
  Data Path Delay:        1.065ns  (logic 0.456ns (42.810%)  route 0.609ns (57.190%))
  Logic Levels:           1  (FDRE=1)
  Timing Exception:       MaxDelay Path 1000.000ns -datapath_only

    Location             Delay type                Incr(ns)  Path(ns)    Netlist Resource(s)
  -------------------------------------------------------------------    -------------------
    SLICE_X21Y107        FDRE                         0.000     0.000 r  u_Demodulation/u_fifo_generator_fft/U0/inst_fifo_gen/gconvfifo.rf/grf.rf/gntv_or_sync_fifo.gcx.clkx/rd_pntr_cdc_inst/src_gray_ff_reg[4]/C
    SLICE_X21Y107        FDRE (Prop_fdre_C_Q)         0.456     0.456 r  u_Demodulation/u_fifo_generator_fft/U0/inst_fifo_gen/gconvfifo.rf/grf.rf/gntv_or_sync_fifo.gcx.clkx/rd_pntr_cdc_inst/src_gray_ff_reg[4]/Q
                         net (fo=1, routed)           0.609     1.065    u_Demodulation/u_fifo_generator_fft/U0/inst_fifo_gen/gconvfifo.rf/grf.rf/gntv_or_sync_fifo.gcx.clkx/rd_pntr_cdc_inst/async_path[4]
    SLICE_X13Y107        FDRE                                         r  u_Demodulation/u_fifo_generator_fft/U0/inst_fifo_gen/gconvfifo.rf/grf.rf/gntv_or_sync_fifo.gcx.clkx/rd_pntr_cdc_inst/dest_graysync_ff_reg[0][4]/D
  -------------------------------------------------------------------    -------------------

                         max delay                 1000.000  1000.000    
    SLICE_X13Y107        FDRE (Setup_fdre_C_D)       -0.095   999.905    u_Demodulation/u_fifo_generator_fft/U0/inst_fifo_gen/gconvfifo.rf/grf.rf/gntv_or_sync_fifo.gcx.clkx/rd_pntr_cdc_inst/dest_graysync_ff_reg[0][4]
  -------------------------------------------------------------------
                         required time                        999.905    
                         arrival time                          -1.065    
  -------------------------------------------------------------------
                         slack                                998.840    

Slack (MET) :             998.843ns  (required time - arrival time)
  Source:                 u_Demodulation/u_fifo_generator_fft/U0/inst_fifo_gen/gconvfifo.rf/grf.rf/gntv_or_sync_fifo.gcx.clkx/rd_pntr_cdc_inst/src_gray_ff_reg[7]/C
                            (rising edge-triggered cell FDRE)
  Destination:            u_Demodulation/u_fifo_generator_fft/U0/inst_fifo_gen/gconvfifo.rf/grf.rf/gntv_or_sync_fifo.gcx.clkx/rd_pntr_cdc_inst/dest_graysync_ff_reg[0][7]/D
  Path Group:             **default**
  Path Type:              Setup (Max at Slow Process Corner)
  Requirement:            1000.000ns  (MaxDelay Path 1000.000ns)
  Data Path Delay:        0.935ns  (logic 0.478ns (51.150%)  route 0.457ns (48.850%))
  Logic Levels:           1  (FDRE=1)
  Timing Exception:       MaxDelay Path 1000.000ns -datapath_only

    Location             Delay type                Incr(ns)  Path(ns)    Netlist Resource(s)
  -------------------------------------------------------------------    -------------------
    SLICE_X20Y114        FDRE                         0.000     0.000 r  u_Demodulation/u_fifo_generator_fft/U0/inst_fifo_gen/gconvfifo.rf/grf.rf/gntv_or_sync_fifo.gcx.clkx/rd_pntr_cdc_inst/src_gray_ff_reg[7]/C
    SLICE_X20Y114        FDRE (Prop_fdre_C_Q)         0.478     0.478 r  u_Demodulation/u_fifo_generator_fft/U0/inst_fifo_gen/gconvfifo.rf/grf.rf/gntv_or_sync_fifo.gcx.clkx/rd_pntr_cdc_inst/src_gray_ff_reg[7]/Q
                         net (fo=1, routed)           0.457     0.935    u_Demodulation/u_fifo_generator_fft/U0/inst_fifo_gen/gconvfifo.rf/grf.rf/gntv_or_sync_fifo.gcx.clkx/rd_pntr_cdc_inst/async_path[7]
    SLICE_X18Y114        FDRE                                         r  u_Demodulation/u_fifo_generator_fft/U0/inst_fifo_gen/gconvfifo.rf/grf.rf/gntv_or_sync_fifo.gcx.clkx/rd_pntr_cdc_inst/dest_graysync_ff_reg[0][7]/D
  -------------------------------------------------------------------    -------------------

                         max delay                 1000.000  1000.000    
    SLICE_X18Y114        FDRE (Setup_fdre_C_D)       -0.222   999.778    u_Demodulation/u_fifo_generator_fft/U0/inst_fifo_gen/gconvfifo.rf/grf.rf/gntv_or_sync_fifo.gcx.clkx/rd_pntr_cdc_inst/dest_graysync_ff_reg[0][7]
  -------------------------------------------------------------------
                         required time                        999.778    
                         arrival time                          -0.935    
  -------------------------------------------------------------------
                         slack                                998.843    

Slack (MET) :             998.863ns  (required time - arrival time)
  Source:                 u_Demodulation/u_fifo_generator_fft/U0/inst_fifo_gen/gconvfifo.rf/grf.rf/gntv_or_sync_fifo.gcx.clkx/rd_pntr_cdc_inst/src_gray_ff_reg[0]/C
                            (rising edge-triggered cell FDRE)
  Destination:            u_Demodulation/u_fifo_generator_fft/U0/inst_fifo_gen/gconvfifo.rf/grf.rf/gntv_or_sync_fifo.gcx.clkx/rd_pntr_cdc_inst/dest_graysync_ff_reg[0][0]/D
  Path Group:             **default**
  Path Type:              Setup (Max at Slow Process Corner)
  Requirement:            1000.000ns  (MaxDelay Path 1000.000ns)
  Data Path Delay:        1.042ns  (logic 0.456ns (43.757%)  route 0.586ns (56.243%))
  Logic Levels:           1  (FDRE=1)
  Timing Exception:       MaxDelay Path 1000.000ns -datapath_only

    Location             Delay type                Incr(ns)  Path(ns)    Netlist Resource(s)
  -------------------------------------------------------------------    -------------------
    SLICE_X19Y113        FDRE                         0.000     0.000 r  u_Demodulation/u_fifo_generator_fft/U0/inst_fifo_gen/gconvfifo.rf/grf.rf/gntv_or_sync_fifo.gcx.clkx/rd_pntr_cdc_inst/src_gray_ff_reg[0]/C
    SLICE_X19Y113        FDRE (Prop_fdre_C_Q)         0.456     0.456 r  u_Demodulation/u_fifo_generator_fft/U0/inst_fifo_gen/gconvfifo.rf/grf.rf/gntv_or_sync_fifo.gcx.clkx/rd_pntr_cdc_inst/src_gray_ff_reg[0]/Q
                         net (fo=1, routed)           0.586     1.042    u_Demodulation/u_fifo_generator_fft/U0/inst_fifo_gen/gconvfifo.rf/grf.rf/gntv_or_sync_fifo.gcx.clkx/rd_pntr_cdc_inst/async_path[0]
    SLICE_X19Y113        FDRE                                         r  u_Demodulation/u_fifo_generator_fft/U0/inst_fifo_gen/gconvfifo.rf/grf.rf/gntv_or_sync_fifo.gcx.clkx/rd_pntr_cdc_inst/dest_graysync_ff_reg[0][0]/D
  -------------------------------------------------------------------    -------------------

                         max delay                 1000.000  1000.000    
    SLICE_X19Y113        FDRE (Setup_fdre_C_D)       -0.095   999.905    u_Demodulation/u_fifo_generator_fft/U0/inst_fifo_gen/gconvfifo.rf/grf.rf/gntv_or_sync_fifo.gcx.clkx/rd_pntr_cdc_inst/dest_graysync_ff_reg[0][0]
  -------------------------------------------------------------------
                         required time                        999.905    
                         arrival time                          -1.042    
  -------------------------------------------------------------------
                         slack                                998.863    





---------------------------------------------------------------------------------------------------
Path Group:  **default**
From Clock:  clk_125M_clk_wiz_0
  To Clock:  

Setup :            0  Failing Endpoints,  Worst Slack        6.676ns,  Total Violation        0.000ns
Hold  :           NA  Failing Endpoints,  Worst Slack           NA  ,  Total Violation           NA
---------------------------------------------------------------------------------------------------


Max Delay Paths
--------------------------------------------------------------------------------------
Slack (MET) :             6.676ns  (required time - arrival time)
  Source:                 u_Demodulation/u_HS_AD9481_IN/fifo_16to8_inst/U0/inst_fifo_gen/gconvfifo.rf/grf.rf/gntv_or_sync_fifo.gcx.clkx/rd_pntr_cdc_inst/src_gray_ff_reg[0]/C
                            (rising edge-triggered cell FDRE clocked by clk_125M_clk_wiz_0  {rise@0.000ns fall@4.000ns period=8.000ns})
  Destination:            u_Demodulation/u_HS_AD9481_IN/fifo_16to8_inst/U0/inst_fifo_gen/gconvfifo.rf/grf.rf/gntv_or_sync_fifo.gcx.clkx/rd_pntr_cdc_inst/dest_graysync_ff_reg[0][0]/D
  Path Group:             **default**
  Path Type:              Setup (Max at Slow Process Corner)
  Requirement:            8.000ns  (MaxDelay Path 8.000ns)
  Data Path Delay:        1.229ns  (logic 0.456ns (37.115%)  route 0.773ns (62.885%))
  Logic Levels:           0  
  Timing Exception:       MaxDelay Path 8.000ns -datapath_only

    Location             Delay type                Incr(ns)  Path(ns)    Netlist Resource(s)
  -------------------------------------------------------------------    -------------------
    SLICE_X32Y86                                      0.000     0.000 r  u_Demodulation/u_HS_AD9481_IN/fifo_16to8_inst/U0/inst_fifo_gen/gconvfifo.rf/grf.rf/gntv_or_sync_fifo.gcx.clkx/rd_pntr_cdc_inst/src_gray_ff_reg[0]/C
    SLICE_X32Y86         FDRE (Prop_fdre_C_Q)         0.456     0.456 r  u_Demodulation/u_HS_AD9481_IN/fifo_16to8_inst/U0/inst_fifo_gen/gconvfifo.rf/grf.rf/gntv_or_sync_fifo.gcx.clkx/rd_pntr_cdc_inst/src_gray_ff_reg[0]/Q
                         net (fo=1, routed)           0.773     1.229    u_Demodulation/u_HS_AD9481_IN/fifo_16to8_inst/U0/inst_fifo_gen/gconvfifo.rf/grf.rf/gntv_or_sync_fifo.gcx.clkx/rd_pntr_cdc_inst/async_path[0]
    SLICE_X37Y87         FDRE                                         r  u_Demodulation/u_HS_AD9481_IN/fifo_16to8_inst/U0/inst_fifo_gen/gconvfifo.rf/grf.rf/gntv_or_sync_fifo.gcx.clkx/rd_pntr_cdc_inst/dest_graysync_ff_reg[0][0]/D
  -------------------------------------------------------------------    -------------------

                         max delay                    8.000     8.000    
    SLICE_X37Y87         FDRE (Setup_fdre_C_D)       -0.095     7.905    u_Demodulation/u_HS_AD9481_IN/fifo_16to8_inst/U0/inst_fifo_gen/gconvfifo.rf/grf.rf/gntv_or_sync_fifo.gcx.clkx/rd_pntr_cdc_inst/dest_graysync_ff_reg[0][0]
  -------------------------------------------------------------------
                         required time                          7.905    
                         arrival time                          -1.229    
  -------------------------------------------------------------------
                         slack                                  6.676    

Slack (MET) :             6.712ns  (required time - arrival time)
  Source:                 u_Demodulation/u_HS_AD9481_IN/fifo_16to8_inst/U0/inst_fifo_gen/gconvfifo.rf/grf.rf/gntv_or_sync_fifo.gcx.clkx/rd_pntr_cdc_inst/src_gray_ff_reg[3]/C
                            (rising edge-triggered cell FDRE clocked by clk_125M_clk_wiz_0  {rise@0.000ns fall@4.000ns period=8.000ns})
  Destination:            u_Demodulation/u_HS_AD9481_IN/fifo_16to8_inst/U0/inst_fifo_gen/gconvfifo.rf/grf.rf/gntv_or_sync_fifo.gcx.clkx/rd_pntr_cdc_inst/dest_graysync_ff_reg[0][3]/D
  Path Group:             **default**
  Path Type:              Setup (Max at Slow Process Corner)
  Requirement:            8.000ns  (MaxDelay Path 8.000ns)
  Data Path Delay:        1.018ns  (logic 0.419ns (41.143%)  route 0.599ns (58.857%))
  Logic Levels:           0  
  Timing Exception:       MaxDelay Path 8.000ns -datapath_only

    Location             Delay type                Incr(ns)  Path(ns)    Netlist Resource(s)
  -------------------------------------------------------------------    -------------------
    SLICE_X33Y88                                      0.000     0.000 r  u_Demodulation/u_HS_AD9481_IN/fifo_16to8_inst/U0/inst_fifo_gen/gconvfifo.rf/grf.rf/gntv_or_sync_fifo.gcx.clkx/rd_pntr_cdc_inst/src_gray_ff_reg[3]/C
    SLICE_X33Y88         FDRE (Prop_fdre_C_Q)         0.419     0.419 r  u_Demodulation/u_HS_AD9481_IN/fifo_16to8_inst/U0/inst_fifo_gen/gconvfifo.rf/grf.rf/gntv_or_sync_fifo.gcx.clkx/rd_pntr_cdc_inst/src_gray_ff_reg[3]/Q
                         net (fo=1, routed)           0.599     1.018    u_Demodulation/u_HS_AD9481_IN/fifo_16to8_inst/U0/inst_fifo_gen/gconvfifo.rf/grf.rf/gntv_or_sync_fifo.gcx.clkx/rd_pntr_cdc_inst/async_path[3]
    SLICE_X37Y88         FDRE                                         r  u_Demodulation/u_HS_AD9481_IN/fifo_16to8_inst/U0/inst_fifo_gen/gconvfifo.rf/grf.rf/gntv_or_sync_fifo.gcx.clkx/rd_pntr_cdc_inst/dest_graysync_ff_reg[0][3]/D
  -------------------------------------------------------------------    -------------------

                         max delay                    8.000     8.000    
    SLICE_X37Y88         FDRE (Setup_fdre_C_D)       -0.270     7.730    u_Demodulation/u_HS_AD9481_IN/fifo_16to8_inst/U0/inst_fifo_gen/gconvfifo.rf/grf.rf/gntv_or_sync_fifo.gcx.clkx/rd_pntr_cdc_inst/dest_graysync_ff_reg[0][3]
  -------------------------------------------------------------------
                         required time                          7.730    
                         arrival time                          -1.018    
  -------------------------------------------------------------------
                         slack                                  6.712    

Slack (MET) :             6.792ns  (required time - arrival time)
  Source:                 u_Demodulation/u_HS_AD9481_IN/fifo_16to8_inst/U0/inst_fifo_gen/gconvfifo.rf/grf.rf/gntv_or_sync_fifo.gcx.clkx/rd_pntr_cdc_inst/src_gray_ff_reg[2]/C
                            (rising edge-triggered cell FDRE clocked by clk_125M_clk_wiz_0  {rise@0.000ns fall@4.000ns period=8.000ns})
  Destination:            u_Demodulation/u_HS_AD9481_IN/fifo_16to8_inst/U0/inst_fifo_gen/gconvfifo.rf/grf.rf/gntv_or_sync_fifo.gcx.clkx/rd_pntr_cdc_inst/dest_graysync_ff_reg[0][2]/D
  Path Group:             **default**
  Path Type:              Setup (Max at Slow Process Corner)
  Requirement:            8.000ns  (MaxDelay Path 8.000ns)
  Data Path Delay:        1.113ns  (logic 0.456ns (40.986%)  route 0.657ns (59.014%))
  Logic Levels:           0  
  Timing Exception:       MaxDelay Path 8.000ns -datapath_only

    Location             Delay type                Incr(ns)  Path(ns)    Netlist Resource(s)
  -------------------------------------------------------------------    -------------------
    SLICE_X33Y88                                      0.000     0.000 r  u_Demodulation/u_HS_AD9481_IN/fifo_16to8_inst/U0/inst_fifo_gen/gconvfifo.rf/grf.rf/gntv_or_sync_fifo.gcx.clkx/rd_pntr_cdc_inst/src_gray_ff_reg[2]/C
    SLICE_X33Y88         FDRE (Prop_fdre_C_Q)         0.456     0.456 r  u_Demodulation/u_HS_AD9481_IN/fifo_16to8_inst/U0/inst_fifo_gen/gconvfifo.rf/grf.rf/gntv_or_sync_fifo.gcx.clkx/rd_pntr_cdc_inst/src_gray_ff_reg[2]/Q
                         net (fo=1, routed)           0.657     1.113    u_Demodulation/u_HS_AD9481_IN/fifo_16to8_inst/U0/inst_fifo_gen/gconvfifo.rf/grf.rf/gntv_or_sync_fifo.gcx.clkx/rd_pntr_cdc_inst/async_path[2]
    SLICE_X38Y88         FDRE                                         r  u_Demodulation/u_HS_AD9481_IN/fifo_16to8_inst/U0/inst_fifo_gen/gconvfifo.rf/grf.rf/gntv_or_sync_fifo.gcx.clkx/rd_pntr_cdc_inst/dest_graysync_ff_reg[0][2]/D
  -------------------------------------------------------------------    -------------------

                         max delay                    8.000     8.000    
    SLICE_X38Y88         FDRE (Setup_fdre_C_D)       -0.095     7.905    u_Demodulation/u_HS_AD9481_IN/fifo_16to8_inst/U0/inst_fifo_gen/gconvfifo.rf/grf.rf/gntv_or_sync_fifo.gcx.clkx/rd_pntr_cdc_inst/dest_graysync_ff_reg[0][2]
  -------------------------------------------------------------------
                         required time                          7.905    
                         arrival time                          -1.113    
  -------------------------------------------------------------------
                         slack                                  6.792    

Slack (MET) :             6.814ns  (required time - arrival time)
  Source:                 u_Demodulation/u_HS_AD9481_IN/fifo_16to8_inst/U0/inst_fifo_gen/gconvfifo.rf/grf.rf/gntv_or_sync_fifo.gcx.clkx/rd_pntr_cdc_inst/src_gray_ff_reg[7]/C
                            (rising edge-triggered cell FDRE clocked by clk_125M_clk_wiz_0  {rise@0.000ns fall@4.000ns period=8.000ns})
  Destination:            u_Demodulation/u_HS_AD9481_IN/fifo_16to8_inst/U0/inst_fifo_gen/gconvfifo.rf/grf.rf/gntv_or_sync_fifo.gcx.clkx/rd_pntr_cdc_inst/dest_graysync_ff_reg[0][7]/D
  Path Group:             **default**
  Path Type:              Setup (Max at Slow Process Corner)
  Requirement:            8.000ns  (MaxDelay Path 8.000ns)
  Data Path Delay:        0.918ns  (logic 0.419ns (45.667%)  route 0.499ns (54.333%))
  Logic Levels:           0  
  Timing Exception:       MaxDelay Path 8.000ns -datapath_only

    Location             Delay type                Incr(ns)  Path(ns)    Netlist Resource(s)
  -------------------------------------------------------------------    -------------------
    SLICE_X32Y86                                      0.000     0.000 r  u_Demodulation/u_HS_AD9481_IN/fifo_16to8_inst/U0/inst_fifo_gen/gconvfifo.rf/grf.rf/gntv_or_sync_fifo.gcx.clkx/rd_pntr_cdc_inst/src_gray_ff_reg[7]/C
    SLICE_X32Y86         FDRE (Prop_fdre_C_Q)         0.419     0.419 r  u_Demodulation/u_HS_AD9481_IN/fifo_16to8_inst/U0/inst_fifo_gen/gconvfifo.rf/grf.rf/gntv_or_sync_fifo.gcx.clkx/rd_pntr_cdc_inst/src_gray_ff_reg[7]/Q
                         net (fo=1, routed)           0.499     0.918    u_Demodulation/u_HS_AD9481_IN/fifo_16to8_inst/U0/inst_fifo_gen/gconvfifo.rf/grf.rf/gntv_or_sync_fifo.gcx.clkx/rd_pntr_cdc_inst/async_path[7]
    SLICE_X34Y87         FDRE                                         r  u_Demodulation/u_HS_AD9481_IN/fifo_16to8_inst/U0/inst_fifo_gen/gconvfifo.rf/grf.rf/gntv_or_sync_fifo.gcx.clkx/rd_pntr_cdc_inst/dest_graysync_ff_reg[0][7]/D
  -------------------------------------------------------------------    -------------------

                         max delay                    8.000     8.000    
    SLICE_X34Y87         FDRE (Setup_fdre_C_D)       -0.268     7.732    u_Demodulation/u_HS_AD9481_IN/fifo_16to8_inst/U0/inst_fifo_gen/gconvfifo.rf/grf.rf/gntv_or_sync_fifo.gcx.clkx/rd_pntr_cdc_inst/dest_graysync_ff_reg[0][7]
  -------------------------------------------------------------------
                         required time                          7.732    
                         arrival time                          -0.918    
  -------------------------------------------------------------------
                         slack                                  6.814    

Slack (MET) :             6.857ns  (required time - arrival time)
  Source:                 u_Demodulation/u_HS_AD9481_IN/fifo_16to8_inst/U0/inst_fifo_gen/gconvfifo.rf/grf.rf/gntv_or_sync_fifo.gcx.clkx/rd_pntr_cdc_inst/src_gray_ff_reg[1]/C
                            (rising edge-triggered cell FDRE clocked by clk_125M_clk_wiz_0  {rise@0.000ns fall@4.000ns period=8.000ns})
  Destination:            u_Demodulation/u_HS_AD9481_IN/fifo_16to8_inst/U0/inst_fifo_gen/gconvfifo.rf/grf.rf/gntv_or_sync_fifo.gcx.clkx/rd_pntr_cdc_inst/dest_graysync_ff_reg[0][1]/D
  Path Group:             **default**
  Path Type:              Setup (Max at Slow Process Corner)
  Requirement:            8.000ns  (MaxDelay Path 8.000ns)
  Data Path Delay:        0.875ns  (logic 0.419ns (47.913%)  route 0.456ns (52.087%))
  Logic Levels:           0  
  Timing Exception:       MaxDelay Path 8.000ns -datapath_only

    Location             Delay type                Incr(ns)  Path(ns)    Netlist Resource(s)
  -------------------------------------------------------------------    -------------------
    SLICE_X32Y86                                      0.000     0.000 r  u_Demodulation/u_HS_AD9481_IN/fifo_16to8_inst/U0/inst_fifo_gen/gconvfifo.rf/grf.rf/gntv_or_sync_fifo.gcx.clkx/rd_pntr_cdc_inst/src_gray_ff_reg[1]/C
    SLICE_X32Y86         FDRE (Prop_fdre_C_Q)         0.419     0.419 r  u_Demodulation/u_HS_AD9481_IN/fifo_16to8_inst/U0/inst_fifo_gen/gconvfifo.rf/grf.rf/gntv_or_sync_fifo.gcx.clkx/rd_pntr_cdc_inst/src_gray_ff_reg[1]/Q
                         net (fo=1, routed)           0.456     0.875    u_Demodulation/u_HS_AD9481_IN/fifo_16to8_inst/U0/inst_fifo_gen/gconvfifo.rf/grf.rf/gntv_or_sync_fifo.gcx.clkx/rd_pntr_cdc_inst/async_path[1]
    SLICE_X37Y87         FDRE                                         r  u_Demodulation/u_HS_AD9481_IN/fifo_16to8_inst/U0/inst_fifo_gen/gconvfifo.rf/grf.rf/gntv_or_sync_fifo.gcx.clkx/rd_pntr_cdc_inst/dest_graysync_ff_reg[0][1]/D
  -------------------------------------------------------------------    -------------------

                         max delay                    8.000     8.000    
    SLICE_X37Y87         FDRE (Setup_fdre_C_D)       -0.268     7.732    u_Demodulation/u_HS_AD9481_IN/fifo_16to8_inst/U0/inst_fifo_gen/gconvfifo.rf/grf.rf/gntv_or_sync_fifo.gcx.clkx/rd_pntr_cdc_inst/dest_graysync_ff_reg[0][1]
  -------------------------------------------------------------------
                         required time                          7.732    
                         arrival time                          -0.875    
  -------------------------------------------------------------------
                         slack                                  6.857    

Slack (MET) :             6.959ns  (required time - arrival time)
  Source:                 u_Demodulation/u_HS_AD9481_IN/fifo_16to8_inst/U0/inst_fifo_gen/gconvfifo.rf/grf.rf/gntv_or_sync_fifo.gcx.clkx/rd_pntr_cdc_inst/src_gray_ff_reg[6]/C
                            (rising edge-triggered cell FDRE clocked by clk_125M_clk_wiz_0  {rise@0.000ns fall@4.000ns period=8.000ns})
  Destination:            u_Demodulation/u_HS_AD9481_IN/fifo_16to8_inst/U0/inst_fifo_gen/gconvfifo.rf/grf.rf/gntv_or_sync_fifo.gcx.clkx/rd_pntr_cdc_inst/dest_graysync_ff_reg[0][6]/D
  Path Group:             **default**
  Path Type:              Setup (Max at Slow Process Corner)
  Requirement:            8.000ns  (MaxDelay Path 8.000ns)
  Data Path Delay:        0.948ns  (logic 0.456ns (48.123%)  route 0.492ns (51.877%))
  Logic Levels:           0  
  Timing Exception:       MaxDelay Path 8.000ns -datapath_only

    Location             Delay type                Incr(ns)  Path(ns)    Netlist Resource(s)
  -------------------------------------------------------------------    -------------------
    SLICE_X32Y86                                      0.000     0.000 r  u_Demodulation/u_HS_AD9481_IN/fifo_16to8_inst/U0/inst_fifo_gen/gconvfifo.rf/grf.rf/gntv_or_sync_fifo.gcx.clkx/rd_pntr_cdc_inst/src_gray_ff_reg[6]/C
    SLICE_X32Y86         FDRE (Prop_fdre_C_Q)         0.456     0.456 r  u_Demodulation/u_HS_AD9481_IN/fifo_16to8_inst/U0/inst_fifo_gen/gconvfifo.rf/grf.rf/gntv_or_sync_fifo.gcx.clkx/rd_pntr_cdc_inst/src_gray_ff_reg[6]/Q
                         net (fo=1, routed)           0.492     0.948    u_Demodulation/u_HS_AD9481_IN/fifo_16to8_inst/U0/inst_fifo_gen/gconvfifo.rf/grf.rf/gntv_or_sync_fifo.gcx.clkx/rd_pntr_cdc_inst/async_path[6]
    SLICE_X32Y87         FDRE                                         r  u_Demodulation/u_HS_AD9481_IN/fifo_16to8_inst/U0/inst_fifo_gen/gconvfifo.rf/grf.rf/gntv_or_sync_fifo.gcx.clkx/rd_pntr_cdc_inst/dest_graysync_ff_reg[0][6]/D
  -------------------------------------------------------------------    -------------------

                         max delay                    8.000     8.000    
    SLICE_X32Y87         FDRE (Setup_fdre_C_D)       -0.093     7.907    u_Demodulation/u_HS_AD9481_IN/fifo_16to8_inst/U0/inst_fifo_gen/gconvfifo.rf/grf.rf/gntv_or_sync_fifo.gcx.clkx/rd_pntr_cdc_inst/dest_graysync_ff_reg[0][6]
  -------------------------------------------------------------------
                         required time                          7.907    
                         arrival time                          -0.948    
  -------------------------------------------------------------------
                         slack                                  6.959    

Slack (MET) :             6.961ns  (required time - arrival time)
  Source:                 u_Demodulation/u_HS_AD9481_IN/fifo_16to8_inst/U0/inst_fifo_gen/gconvfifo.rf/grf.rf/gntv_or_sync_fifo.gcx.clkx/rd_pntr_cdc_inst/src_gray_ff_reg[4]/C
                            (rising edge-triggered cell FDRE clocked by clk_125M_clk_wiz_0  {rise@0.000ns fall@4.000ns period=8.000ns})
  Destination:            u_Demodulation/u_HS_AD9481_IN/fifo_16to8_inst/U0/inst_fifo_gen/gconvfifo.rf/grf.rf/gntv_or_sync_fifo.gcx.clkx/rd_pntr_cdc_inst/dest_graysync_ff_reg[0][4]/D
  Path Group:             **default**
  Path Type:              Setup (Max at Slow Process Corner)
  Requirement:            8.000ns  (MaxDelay Path 8.000ns)
  Data Path Delay:        0.944ns  (logic 0.456ns (48.311%)  route 0.488ns (51.689%))
  Logic Levels:           0  
  Timing Exception:       MaxDelay Path 8.000ns -datapath_only

    Location             Delay type                Incr(ns)  Path(ns)    Netlist Resource(s)
  -------------------------------------------------------------------    -------------------
    SLICE_X32Y86                                      0.000     0.000 r  u_Demodulation/u_HS_AD9481_IN/fifo_16to8_inst/U0/inst_fifo_gen/gconvfifo.rf/grf.rf/gntv_or_sync_fifo.gcx.clkx/rd_pntr_cdc_inst/src_gray_ff_reg[4]/C
    SLICE_X32Y86         FDRE (Prop_fdre_C_Q)         0.456     0.456 r  u_Demodulation/u_HS_AD9481_IN/fifo_16to8_inst/U0/inst_fifo_gen/gconvfifo.rf/grf.rf/gntv_or_sync_fifo.gcx.clkx/rd_pntr_cdc_inst/src_gray_ff_reg[4]/Q
                         net (fo=1, routed)           0.488     0.944    u_Demodulation/u_HS_AD9481_IN/fifo_16to8_inst/U0/inst_fifo_gen/gconvfifo.rf/grf.rf/gntv_or_sync_fifo.gcx.clkx/rd_pntr_cdc_inst/async_path[4]
    SLICE_X32Y87         FDRE                                         r  u_Demodulation/u_HS_AD9481_IN/fifo_16to8_inst/U0/inst_fifo_gen/gconvfifo.rf/grf.rf/gntv_or_sync_fifo.gcx.clkx/rd_pntr_cdc_inst/dest_graysync_ff_reg[0][4]/D
  -------------------------------------------------------------------    -------------------

                         max delay                    8.000     8.000    
    SLICE_X32Y87         FDRE (Setup_fdre_C_D)       -0.095     7.905    u_Demodulation/u_HS_AD9481_IN/fifo_16to8_inst/U0/inst_fifo_gen/gconvfifo.rf/grf.rf/gntv_or_sync_fifo.gcx.clkx/rd_pntr_cdc_inst/dest_graysync_ff_reg[0][4]
  -------------------------------------------------------------------
                         required time                          7.905    
                         arrival time                          -0.944    
  -------------------------------------------------------------------
                         slack                                  6.961    

Slack (MET) :             7.008ns  (required time - arrival time)
  Source:                 u_Demodulation/u_HS_AD9481_IN/fifo_16to8_inst/U0/inst_fifo_gen/gconvfifo.rf/grf.rf/gntv_or_sync_fifo.gcx.clkx/rd_pntr_cdc_inst/src_gray_ff_reg[5]/C
                            (rising edge-triggered cell FDRE clocked by clk_125M_clk_wiz_0  {rise@0.000ns fall@4.000ns period=8.000ns})
  Destination:            u_Demodulation/u_HS_AD9481_IN/fifo_16to8_inst/U0/inst_fifo_gen/gconvfifo.rf/grf.rf/gntv_or_sync_fifo.gcx.clkx/rd_pntr_cdc_inst/dest_graysync_ff_reg[0][5]/D
  Path Group:             **default**
  Path Type:              Setup (Max at Slow Process Corner)
  Requirement:            8.000ns  (MaxDelay Path 8.000ns)
  Data Path Delay:        0.727ns  (logic 0.419ns (57.645%)  route 0.308ns (42.355%))
  Logic Levels:           0  
  Timing Exception:       MaxDelay Path 8.000ns -datapath_only

    Location             Delay type                Incr(ns)  Path(ns)    Netlist Resource(s)
  -------------------------------------------------------------------    -------------------
    SLICE_X32Y86                                      0.000     0.000 r  u_Demodulation/u_HS_AD9481_IN/fifo_16to8_inst/U0/inst_fifo_gen/gconvfifo.rf/grf.rf/gntv_or_sync_fifo.gcx.clkx/rd_pntr_cdc_inst/src_gray_ff_reg[5]/C
    SLICE_X32Y86         FDRE (Prop_fdre_C_Q)         0.419     0.419 r  u_Demodulation/u_HS_AD9481_IN/fifo_16to8_inst/U0/inst_fifo_gen/gconvfifo.rf/grf.rf/gntv_or_sync_fifo.gcx.clkx/rd_pntr_cdc_inst/src_gray_ff_reg[5]/Q
                         net (fo=1, routed)           0.308     0.727    u_Demodulation/u_HS_AD9481_IN/fifo_16to8_inst/U0/inst_fifo_gen/gconvfifo.rf/grf.rf/gntv_or_sync_fifo.gcx.clkx/rd_pntr_cdc_inst/async_path[5]
    SLICE_X32Y87         FDRE                                         r  u_Demodulation/u_HS_AD9481_IN/fifo_16to8_inst/U0/inst_fifo_gen/gconvfifo.rf/grf.rf/gntv_or_sync_fifo.gcx.clkx/rd_pntr_cdc_inst/dest_graysync_ff_reg[0][5]/D
  -------------------------------------------------------------------    -------------------

                         max delay                    8.000     8.000    
    SLICE_X32Y87         FDRE (Setup_fdre_C_D)       -0.265     7.735    u_Demodulation/u_HS_AD9481_IN/fifo_16to8_inst/U0/inst_fifo_gen/gconvfifo.rf/grf.rf/gntv_or_sync_fifo.gcx.clkx/rd_pntr_cdc_inst/dest_graysync_ff_reg[0][5]
  -------------------------------------------------------------------
                         required time                          7.735    
                         arrival time                          -0.727    
  -------------------------------------------------------------------
                         slack                                  7.008    

Slack (MET) :             7.016ns  (required time - arrival time)
  Source:                 u_Demodulation/u_HS_AD9481_IN/fifo_16to8_inst/U0/inst_fifo_gen/gconvfifo.rf/grf.rf/gntv_or_sync_fifo.gcx.clkx/rd_pntr_cdc_inst/src_gray_ff_reg[8]/C
                            (rising edge-triggered cell FDRE clocked by clk_125M_clk_wiz_0  {rise@0.000ns fall@4.000ns period=8.000ns})
  Destination:            u_Demodulation/u_HS_AD9481_IN/fifo_16to8_inst/U0/inst_fifo_gen/gconvfifo.rf/grf.rf/gntv_or_sync_fifo.gcx.clkx/rd_pntr_cdc_inst/dest_graysync_ff_reg[0][8]/D
  Path Group:             **default**
  Path Type:              Setup (Max at Slow Process Corner)
  Requirement:            8.000ns  (MaxDelay Path 8.000ns)
  Data Path Delay:        0.891ns  (logic 0.456ns (51.164%)  route 0.435ns (48.836%))
  Logic Levels:           0  
  Timing Exception:       MaxDelay Path 8.000ns -datapath_only

    Location             Delay type                Incr(ns)  Path(ns)    Netlist Resource(s)
  -------------------------------------------------------------------    -------------------
    SLICE_X32Y86                                      0.000     0.000 r  u_Demodulation/u_HS_AD9481_IN/fifo_16to8_inst/U0/inst_fifo_gen/gconvfifo.rf/grf.rf/gntv_or_sync_fifo.gcx.clkx/rd_pntr_cdc_inst/src_gray_ff_reg[8]/C
    SLICE_X32Y86         FDRE (Prop_fdre_C_Q)         0.456     0.456 r  u_Demodulation/u_HS_AD9481_IN/fifo_16to8_inst/U0/inst_fifo_gen/gconvfifo.rf/grf.rf/gntv_or_sync_fifo.gcx.clkx/rd_pntr_cdc_inst/src_gray_ff_reg[8]/Q
                         net (fo=1, routed)           0.435     0.891    u_Demodulation/u_HS_AD9481_IN/fifo_16to8_inst/U0/inst_fifo_gen/gconvfifo.rf/grf.rf/gntv_or_sync_fifo.gcx.clkx/rd_pntr_cdc_inst/async_path[8]
    SLICE_X34Y87         FDRE                                         r  u_Demodulation/u_HS_AD9481_IN/fifo_16to8_inst/U0/inst_fifo_gen/gconvfifo.rf/grf.rf/gntv_or_sync_fifo.gcx.clkx/rd_pntr_cdc_inst/dest_graysync_ff_reg[0][8]/D
  -------------------------------------------------------------------    -------------------

                         max delay                    8.000     8.000    
    SLICE_X34Y87         FDRE (Setup_fdre_C_D)       -0.093     7.907    u_Demodulation/u_HS_AD9481_IN/fifo_16to8_inst/U0/inst_fifo_gen/gconvfifo.rf/grf.rf/gntv_or_sync_fifo.gcx.clkx/rd_pntr_cdc_inst/dest_graysync_ff_reg[0][8]
  -------------------------------------------------------------------
                         required time                          7.907    
                         arrival time                          -0.891    
  -------------------------------------------------------------------
                         slack                                  7.016    

Slack (MET) :             7.017ns  (required time - arrival time)
  Source:                 u_Demodulation/u_HS_AD9481_IN/fifo_16to8_inst/U0/inst_fifo_gen/gconvfifo.rf/grf.rf/gntv_or_sync_fifo.gcx.clkx/rd_pntr_cdc_inst/src_gray_ff_reg[9]/C
                            (rising edge-triggered cell FDRE clocked by clk_125M_clk_wiz_0  {rise@0.000ns fall@4.000ns period=8.000ns})
  Destination:            u_Demodulation/u_HS_AD9481_IN/fifo_16to8_inst/U0/inst_fifo_gen/gconvfifo.rf/grf.rf/gntv_or_sync_fifo.gcx.clkx/rd_pntr_cdc_inst/dest_graysync_ff_reg[0][9]/D
  Path Group:             **default**
  Path Type:              Setup (Max at Slow Process Corner)
  Requirement:            8.000ns  (MaxDelay Path 8.000ns)
  Data Path Delay:        0.890ns  (logic 0.456ns (51.220%)  route 0.434ns (48.780%))
  Logic Levels:           0  
  Timing Exception:       MaxDelay Path 8.000ns -datapath_only

    Location             Delay type                Incr(ns)  Path(ns)    Netlist Resource(s)
  -------------------------------------------------------------------    -------------------
    SLICE_X33Y86                                      0.000     0.000 r  u_Demodulation/u_HS_AD9481_IN/fifo_16to8_inst/U0/inst_fifo_gen/gconvfifo.rf/grf.rf/gntv_or_sync_fifo.gcx.clkx/rd_pntr_cdc_inst/src_gray_ff_reg[9]/C
    SLICE_X33Y86         FDRE (Prop_fdre_C_Q)         0.456     0.456 r  u_Demodulation/u_HS_AD9481_IN/fifo_16to8_inst/U0/inst_fifo_gen/gconvfifo.rf/grf.rf/gntv_or_sync_fifo.gcx.clkx/rd_pntr_cdc_inst/src_gray_ff_reg[9]/Q
                         net (fo=1, routed)           0.434     0.890    u_Demodulation/u_HS_AD9481_IN/fifo_16to8_inst/U0/inst_fifo_gen/gconvfifo.rf/grf.rf/gntv_or_sync_fifo.gcx.clkx/rd_pntr_cdc_inst/async_path[9]
    SLICE_X34Y87         FDRE                                         r  u_Demodulation/u_HS_AD9481_IN/fifo_16to8_inst/U0/inst_fifo_gen/gconvfifo.rf/grf.rf/gntv_or_sync_fifo.gcx.clkx/rd_pntr_cdc_inst/dest_graysync_ff_reg[0][9]/D
  -------------------------------------------------------------------    -------------------

                         max delay                    8.000     8.000    
    SLICE_X34Y87         FDRE (Setup_fdre_C_D)       -0.093     7.907    u_Demodulation/u_HS_AD9481_IN/fifo_16to8_inst/U0/inst_fifo_gen/gconvfifo.rf/grf.rf/gntv_or_sync_fifo.gcx.clkx/rd_pntr_cdc_inst/dest_graysync_ff_reg[0][9]
  -------------------------------------------------------------------
                         required time                          7.907    
                         arrival time                          -0.890    
  -------------------------------------------------------------------
                         slack                                  7.017    





--------------------------------------------------------------------------------------
Path Group:  (none)
From Clock:  
  To Clock:  

Max Delay             6 Endpoints
Min Delay            30 Endpoints
--------------------------------------------------------------------------------------


Max Delay Paths
--------------------------------------------------------------------------------------
Slack:                    inf
  Source:                 rst_n
                            (input port)
  Destination:            u_Demodulation/u_fifo_generator_fft/U0/inst_fifo_gen/gconvfifo.rf/grf.rf/rstblk/ngwrdrst.grst.g7serrst.gsckt_wrst.xpm_cdc_sync_rst_inst_wrst/syncstages_ff_reg[0]/D
  Path Group:             (none)
  Path Type:              Max at Slow Process Corner
  Data Path Delay:        9.979ns  (logic 1.629ns (16.323%)  route 8.350ns (83.677%))
  Logic Levels:           2  (IBUF=1 LUT1=1)
  Timing Exception:       False Path

    Location             Delay type                Incr(ns)  Path(ns)    Netlist Resource(s)
  -------------------------------------------------------------------    -------------------
    Y6                                                0.000     0.000 f  rst_n (IN)
                         net (fo=0)                   0.000     0.000    rst_n
    Y6                   IBUF (Prop_ibuf_I_O)         1.505     1.505 f  rst_n_IBUF_inst/O
                         net (fo=15, routed)          6.050     7.554    u_Demodulation/u_GET_Freq_FFT/aresetn
    SLICE_X40Y91         LUT1 (Prop_lut1_I0_O)        0.124     7.678 r  u_Demodulation/u_GET_Freq_FFT/ADC_PDWN_OBUF_inst_i_1/O
                         net (fo=360, routed)         2.300     9.979    u_Demodulation/u_fifo_generator_fft/U0/inst_fifo_gen/gconvfifo.rf/grf.rf/rstblk/ngwrdrst.grst.g7serrst.gsckt_wrst.xpm_cdc_sync_rst_inst_wrst/src_rst
    SLICE_X19Y117        FDRE                                         r  u_Demodulation/u_fifo_generator_fft/U0/inst_fifo_gen/gconvfifo.rf/grf.rf/rstblk/ngwrdrst.grst.g7serrst.gsckt_wrst.xpm_cdc_sync_rst_inst_wrst/syncstages_ff_reg[0]/D
  -------------------------------------------------------------------    -------------------

Slack:                    inf
  Source:                 rst_n
                            (input port)
  Destination:            u_Demodulation/u_fifo_generator_fft/U0/inst_fifo_gen/gconvfifo.rf/grf.rf/rstblk/ngwrdrst.grst.g7serrst.gsckt_wrst.gic_rst.xpm_cdc_sync_rst_inst_wrst/syncstages_ff_reg[0]/D
  Path Group:             (none)
  Path Type:              Max at Slow Process Corner
  Data Path Delay:        9.835ns  (logic 1.629ns (16.561%)  route 8.206ns (83.439%))
  Logic Levels:           2  (IBUF=1 LUT1=1)
  Timing Exception:       False Path

    Location             Delay type                Incr(ns)  Path(ns)    Netlist Resource(s)
  -------------------------------------------------------------------    -------------------
    Y6                                                0.000     0.000 f  rst_n (IN)
                         net (fo=0)                   0.000     0.000    rst_n
    Y6                   IBUF (Prop_ibuf_I_O)         1.505     1.505 f  rst_n_IBUF_inst/O
                         net (fo=15, routed)          6.050     7.554    u_Demodulation/u_GET_Freq_FFT/aresetn
    SLICE_X40Y91         LUT1 (Prop_lut1_I0_O)        0.124     7.678 r  u_Demodulation/u_GET_Freq_FFT/ADC_PDWN_OBUF_inst_i_1/O
                         net (fo=360, routed)         2.157     9.835    u_Demodulation/u_fifo_generator_fft/U0/inst_fifo_gen/gconvfifo.rf/grf.rf/rstblk/ngwrdrst.grst.g7serrst.gsckt_wrst.gic_rst.xpm_cdc_sync_rst_inst_wrst/src_rst
    SLICE_X23Y117        FDRE                                         r  u_Demodulation/u_fifo_generator_fft/U0/inst_fifo_gen/gconvfifo.rf/grf.rf/rstblk/ngwrdrst.grst.g7serrst.gsckt_wrst.gic_rst.xpm_cdc_sync_rst_inst_wrst/syncstages_ff_reg[0]/D
  -------------------------------------------------------------------    -------------------

Slack:                    inf
  Source:                 rst_n
                            (input port)
  Destination:            u_Demodulation/u_HS_AD9481_IN/fifo_16to8_inst/U0/inst_fifo_gen/gconvfifo.rf/grf.rf/rstblk/ngwrdrst.grst.g7serrst.gnsckt_wrst.rst_wr_reg2_inst/arststages_ff_reg[0]/PRE
  Path Group:             (none)
  Path Type:              Max at Slow Process Corner
  Data Path Delay:        8.322ns  (logic 1.629ns (19.572%)  route 6.694ns (80.428%))
  Logic Levels:           2  (IBUF=1 LUT1=1)
  Timing Exception:       False Path

    Location             Delay type                Incr(ns)  Path(ns)    Netlist Resource(s)
  -------------------------------------------------------------------    -------------------
    Y6                                                0.000     0.000 r  rst_n (IN)
                         net (fo=0)                   0.000     0.000    rst_n
    Y6                   IBUF (Prop_ibuf_I_O)         1.505     1.505 r  rst_n_IBUF_inst/O
                         net (fo=15, routed)          6.050     7.554    u_Demodulation/u_GET_Freq_FFT/aresetn
    SLICE_X40Y91         LUT1 (Prop_lut1_I0_O)        0.124     7.678 f  u_Demodulation/u_GET_Freq_FFT/ADC_PDWN_OBUF_inst_i_1/O
                         net (fo=360, routed)         0.644     8.322    u_Demodulation/u_HS_AD9481_IN/fifo_16to8_inst/U0/inst_fifo_gen/gconvfifo.rf/grf.rf/rstblk/ngwrdrst.grst.g7serrst.gnsckt_wrst.rst_wr_reg2_inst/src_arst
    SLICE_X41Y93         FDPE                                         f  u_Demodulation/u_HS_AD9481_IN/fifo_16to8_inst/U0/inst_fifo_gen/gconvfifo.rf/grf.rf/rstblk/ngwrdrst.grst.g7serrst.gnsckt_wrst.rst_wr_reg2_inst/arststages_ff_reg[0]/PRE
  -------------------------------------------------------------------    -------------------

Slack:                    inf
  Source:                 rst_n
                            (input port)
  Destination:            u_Demodulation/u_HS_AD9481_IN/fifo_16to8_inst/U0/inst_fifo_gen/gconvfifo.rf/grf.rf/rstblk/ngwrdrst.grst.g7serrst.gnsckt_wrst.rst_wr_reg2_inst/arststages_ff_reg[1]/PRE
  Path Group:             (none)
  Path Type:              Max at Slow Process Corner
  Data Path Delay:        8.322ns  (logic 1.629ns (19.572%)  route 6.694ns (80.428%))
  Logic Levels:           2  (IBUF=1 LUT1=1)
  Timing Exception:       False Path

    Location             Delay type                Incr(ns)  Path(ns)    Netlist Resource(s)
  -------------------------------------------------------------------    -------------------
    Y6                                                0.000     0.000 r  rst_n (IN)
                         net (fo=0)                   0.000     0.000    rst_n
    Y6                   IBUF (Prop_ibuf_I_O)         1.505     1.505 r  rst_n_IBUF_inst/O
                         net (fo=15, routed)          6.050     7.554    u_Demodulation/u_GET_Freq_FFT/aresetn
    SLICE_X40Y91         LUT1 (Prop_lut1_I0_O)        0.124     7.678 f  u_Demodulation/u_GET_Freq_FFT/ADC_PDWN_OBUF_inst_i_1/O
                         net (fo=360, routed)         0.644     8.322    u_Demodulation/u_HS_AD9481_IN/fifo_16to8_inst/U0/inst_fifo_gen/gconvfifo.rf/grf.rf/rstblk/ngwrdrst.grst.g7serrst.gnsckt_wrst.rst_wr_reg2_inst/src_arst
    SLICE_X41Y93         FDPE                                         f  u_Demodulation/u_HS_AD9481_IN/fifo_16to8_inst/U0/inst_fifo_gen/gconvfifo.rf/grf.rf/rstblk/ngwrdrst.grst.g7serrst.gnsckt_wrst.rst_wr_reg2_inst/arststages_ff_reg[1]/PRE
  -------------------------------------------------------------------    -------------------

Slack:                    inf
  Source:                 u_Demodulation/u_fifo_generator_fft/U0/inst_fifo_gen/gconvfifo.rf/grf.rf/rstblk/ngwrdrst.grst.g7serrst.gsckt_wrst.gic_rst.sckt_wr_rst_ic_reg/C
                            (rising edge-triggered cell FDRE)
  Destination:            u_Demodulation/u_fifo_generator_fft/U0/inst_fifo_gen/gconvfifo.rf/grf.rf/rstblk/ngwrdrst.grst.g7serrst.gsckt_wrst.gic_rst.xpm_cdc_single_inst_wrst_rd/syncstages_ff_reg[0]/D
  Path Group:             (none)
  Path Type:              Max at Slow Process Corner
  Data Path Delay:        1.138ns  (logic 0.456ns (40.073%)  route 0.682ns (59.927%))
  Logic Levels:           1  (FDRE=1)
  Timing Exception:       False Path

    Location             Delay type                Incr(ns)  Path(ns)    Netlist Resource(s)
  -------------------------------------------------------------------    -------------------
    SLICE_X21Y117        FDRE                         0.000     0.000 r  u_Demodulation/u_fifo_generator_fft/U0/inst_fifo_gen/gconvfifo.rf/grf.rf/rstblk/ngwrdrst.grst.g7serrst.gsckt_wrst.gic_rst.sckt_wr_rst_ic_reg/C
    SLICE_X21Y117        FDRE (Prop_fdre_C_Q)         0.456     0.456 r  u_Demodulation/u_fifo_generator_fft/U0/inst_fifo_gen/gconvfifo.rf/grf.rf/rstblk/ngwrdrst.grst.g7serrst.gsckt_wrst.gic_rst.sckt_wr_rst_ic_reg/Q
                         net (fo=41, routed)          0.682     1.138    u_Demodulation/u_fifo_generator_fft/U0/inst_fifo_gen/gconvfifo.rf/grf.rf/rstblk/ngwrdrst.grst.g7serrst.gsckt_wrst.gic_rst.xpm_cdc_single_inst_wrst_rd/src_in
    SLICE_X22Y117        FDRE                                         r  u_Demodulation/u_fifo_generator_fft/U0/inst_fifo_gen/gconvfifo.rf/grf.rf/rstblk/ngwrdrst.grst.g7serrst.gsckt_wrst.gic_rst.xpm_cdc_single_inst_wrst_rd/syncstages_ff_reg[0]/D
  -------------------------------------------------------------------    -------------------

Slack:                    inf
  Source:                 u_Demodulation/u_fifo_generator_fft/U0/inst_fifo_gen/gconvfifo.rf/grf.rf/rstblk/ngwrdrst.grst.g7serrst.gsckt_wrst.gic_rst.sckt_rd_rst_ic_reg/C
                            (rising edge-triggered cell FDRE)
  Destination:            u_Demodulation/u_fifo_generator_fft/U0/inst_fifo_gen/gconvfifo.rf/grf.rf/rstblk/ngwrdrst.grst.g7serrst.gsckt_wrst.gic_rst.xpm_cdc_single_inst_rrst_wr/syncstages_ff_reg[0]/D
  Path Group:             (none)
  Path Type:              Max at Slow Process Corner
  Data Path Delay:        1.036ns  (logic 0.518ns (50.006%)  route 0.518ns (49.994%))
  Logic Levels:           1  (FDRE=1)
  Timing Exception:       False Path

    Location             Delay type                Incr(ns)  Path(ns)    Netlist Resource(s)
  -------------------------------------------------------------------    -------------------
    SLICE_X22Y117        FDRE                         0.000     0.000 r  u_Demodulation/u_fifo_generator_fft/U0/inst_fifo_gen/gconvfifo.rf/grf.rf/rstblk/ngwrdrst.grst.g7serrst.gsckt_wrst.gic_rst.sckt_rd_rst_ic_reg/C
    SLICE_X22Y117        FDRE (Prop_fdre_C_Q)         0.518     0.518 r  u_Demodulation/u_fifo_generator_fft/U0/inst_fifo_gen/gconvfifo.rf/grf.rf/rstblk/ngwrdrst.grst.g7serrst.gsckt_wrst.gic_rst.sckt_rd_rst_ic_reg/Q
                         net (fo=31, routed)          0.518     1.036    u_Demodulation/u_fifo_generator_fft/U0/inst_fifo_gen/gconvfifo.rf/grf.rf/rstblk/ngwrdrst.grst.g7serrst.gsckt_wrst.gic_rst.xpm_cdc_single_inst_rrst_wr/src_in
    SLICE_X21Y117        FDRE                                         r  u_Demodulation/u_fifo_generator_fft/U0/inst_fifo_gen/gconvfifo.rf/grf.rf/rstblk/ngwrdrst.grst.g7serrst.gsckt_wrst.gic_rst.xpm_cdc_single_inst_rrst_wr/syncstages_ff_reg[0]/D
  -------------------------------------------------------------------    -------------------





Min Delay Paths
--------------------------------------------------------------------------------------
Slack:                    inf
  Source:                 u_Demodulation/u_fifo_generator_fft/U0/inst_fifo_gen/gconvfifo.rf/grf.rf/gntv_or_sync_fifo.gcx.clkx/wr_pntr_cdc_inst/src_gray_ff_reg[9]/C
                            (rising edge-triggered cell FDRE)
  Destination:            u_Demodulation/u_fifo_generator_fft/U0/inst_fifo_gen/gconvfifo.rf/grf.rf/gntv_or_sync_fifo.gcx.clkx/wr_pntr_cdc_inst/dest_graysync_ff_reg[0][9]/D
  Path Group:             (none)
  Path Type:              Min at Fast Process Corner
  Data Path Delay:        0.180ns  (logic 0.128ns (71.030%)  route 0.052ns (28.970%))
  Logic Levels:           1  (FDRE=1)
  Timing Exception:       False Path

    Location             Delay type                Incr(ns)  Path(ns)    Netlist Resource(s)
  -------------------------------------------------------------------    -------------------
    SLICE_X23Y114        FDRE                         0.000     0.000 r  u_Demodulation/u_fifo_generator_fft/U0/inst_fifo_gen/gconvfifo.rf/grf.rf/gntv_or_sync_fifo.gcx.clkx/wr_pntr_cdc_inst/src_gray_ff_reg[9]/C
    SLICE_X23Y114        FDRE (Prop_fdre_C_Q)         0.128     0.128 r  u_Demodulation/u_fifo_generator_fft/U0/inst_fifo_gen/gconvfifo.rf/grf.rf/gntv_or_sync_fifo.gcx.clkx/wr_pntr_cdc_inst/src_gray_ff_reg[9]/Q
                         net (fo=1, routed)           0.052     0.180    u_Demodulation/u_fifo_generator_fft/U0/inst_fifo_gen/gconvfifo.rf/grf.rf/gntv_or_sync_fifo.gcx.clkx/wr_pntr_cdc_inst/async_path[9]
    SLICE_X23Y114        FDRE                                         r  u_Demodulation/u_fifo_generator_fft/U0/inst_fifo_gen/gconvfifo.rf/grf.rf/gntv_or_sync_fifo.gcx.clkx/wr_pntr_cdc_inst/dest_graysync_ff_reg[0][9]/D
  -------------------------------------------------------------------    -------------------

Slack:                    inf
  Source:                 u_Demodulation/u_fifo_generator_fft/U0/inst_fifo_gen/gconvfifo.rf/grf.rf/gntv_or_sync_fifo.gcx.clkx/rd_pntr_cdc_inst/src_gray_ff_reg[1]/C
                            (rising edge-triggered cell FDRE)
  Destination:            u_Demodulation/u_fifo_generator_fft/U0/inst_fifo_gen/gconvfifo.rf/grf.rf/gntv_or_sync_fifo.gcx.clkx/rd_pntr_cdc_inst/dest_graysync_ff_reg[0][1]/D
  Path Group:             (none)
  Path Type:              Min at Fast Process Corner
  Data Path Delay:        0.236ns  (logic 0.128ns (54.338%)  route 0.108ns (45.662%))
  Logic Levels:           1  (FDRE=1)
  Timing Exception:       False Path

    Location             Delay type                Incr(ns)  Path(ns)    Netlist Resource(s)
  -------------------------------------------------------------------    -------------------
    SLICE_X19Y113        FDRE                         0.000     0.000 r  u_Demodulation/u_fifo_generator_fft/U0/inst_fifo_gen/gconvfifo.rf/grf.rf/gntv_or_sync_fifo.gcx.clkx/rd_pntr_cdc_inst/src_gray_ff_reg[1]/C
    SLICE_X19Y113        FDRE (Prop_fdre_C_Q)         0.128     0.128 r  u_Demodulation/u_fifo_generator_fft/U0/inst_fifo_gen/gconvfifo.rf/grf.rf/gntv_or_sync_fifo.gcx.clkx/rd_pntr_cdc_inst/src_gray_ff_reg[1]/Q
                         net (fo=1, routed)           0.108     0.236    u_Demodulation/u_fifo_generator_fft/U0/inst_fifo_gen/gconvfifo.rf/grf.rf/gntv_or_sync_fifo.gcx.clkx/rd_pntr_cdc_inst/async_path[1]
    SLICE_X19Y113        FDRE                                         r  u_Demodulation/u_fifo_generator_fft/U0/inst_fifo_gen/gconvfifo.rf/grf.rf/gntv_or_sync_fifo.gcx.clkx/rd_pntr_cdc_inst/dest_graysync_ff_reg[0][1]/D
  -------------------------------------------------------------------    -------------------

Slack:                    inf
  Source:                 u_Demodulation/u_fifo_generator_fft/U0/inst_fifo_gen/gconvfifo.rf/grf.rf/gntv_or_sync_fifo.gcx.clkx/rd_pntr_cdc_inst/src_gray_ff_reg[2]/C
                            (rising edge-triggered cell FDRE)
  Destination:            u_Demodulation/u_fifo_generator_fft/U0/inst_fifo_gen/gconvfifo.rf/grf.rf/gntv_or_sync_fifo.gcx.clkx/rd_pntr_cdc_inst/dest_graysync_ff_reg[0][2]/D
  Path Group:             (none)
  Path Type:              Min at Fast Process Corner
  Data Path Delay:        0.251ns  (logic 0.141ns (56.137%)  route 0.110ns (43.863%))
  Logic Levels:           1  (FDRE=1)
  Timing Exception:       False Path

    Location             Delay type                Incr(ns)  Path(ns)    Netlist Resource(s)
  -------------------------------------------------------------------    -------------------
    SLICE_X19Y113        FDRE                         0.000     0.000 r  u_Demodulation/u_fifo_generator_fft/U0/inst_fifo_gen/gconvfifo.rf/grf.rf/gntv_or_sync_fifo.gcx.clkx/rd_pntr_cdc_inst/src_gray_ff_reg[2]/C
    SLICE_X19Y113        FDRE (Prop_fdre_C_Q)         0.141     0.141 r  u_Demodulation/u_fifo_generator_fft/U0/inst_fifo_gen/gconvfifo.rf/grf.rf/gntv_or_sync_fifo.gcx.clkx/rd_pntr_cdc_inst/src_gray_ff_reg[2]/Q
                         net (fo=1, routed)           0.110     0.251    u_Demodulation/u_fifo_generator_fft/U0/inst_fifo_gen/gconvfifo.rf/grf.rf/gntv_or_sync_fifo.gcx.clkx/rd_pntr_cdc_inst/async_path[2]
    SLICE_X18Y114        FDRE                                         r  u_Demodulation/u_fifo_generator_fft/U0/inst_fifo_gen/gconvfifo.rf/grf.rf/gntv_or_sync_fifo.gcx.clkx/rd_pntr_cdc_inst/dest_graysync_ff_reg[0][2]/D
  -------------------------------------------------------------------    -------------------

Slack:                    inf
  Source:                 u_Demodulation/u_fifo_generator_fft/U0/inst_fifo_gen/gconvfifo.rf/grf.rf/gntv_or_sync_fifo.gcx.clkx/wr_pntr_cdc_inst/src_gray_ff_reg[8]/C
                            (rising edge-triggered cell FDRE)
  Destination:            u_Demodulation/u_fifo_generator_fft/U0/inst_fifo_gen/gconvfifo.rf/grf.rf/gntv_or_sync_fifo.gcx.clkx/wr_pntr_cdc_inst/dest_graysync_ff_reg[0][8]/D
  Path Group:             (none)
  Path Type:              Min at Fast Process Corner
  Data Path Delay:        0.251ns  (logic 0.141ns (56.090%)  route 0.110ns (43.910%))
  Logic Levels:           1  (FDRE=1)
  Timing Exception:       False Path

    Location             Delay type                Incr(ns)  Path(ns)    Netlist Resource(s)
  -------------------------------------------------------------------    -------------------
    SLICE_X23Y114        FDRE                         0.000     0.000 r  u_Demodulation/u_fifo_generator_fft/U0/inst_fifo_gen/gconvfifo.rf/grf.rf/gntv_or_sync_fifo.gcx.clkx/wr_pntr_cdc_inst/src_gray_ff_reg[8]/C
    SLICE_X23Y114        FDRE (Prop_fdre_C_Q)         0.141     0.141 r  u_Demodulation/u_fifo_generator_fft/U0/inst_fifo_gen/gconvfifo.rf/grf.rf/gntv_or_sync_fifo.gcx.clkx/wr_pntr_cdc_inst/src_gray_ff_reg[8]/Q
                         net (fo=1, routed)           0.110     0.251    u_Demodulation/u_fifo_generator_fft/U0/inst_fifo_gen/gconvfifo.rf/grf.rf/gntv_or_sync_fifo.gcx.clkx/wr_pntr_cdc_inst/async_path[8]
    SLICE_X23Y114        FDRE                                         r  u_Demodulation/u_fifo_generator_fft/U0/inst_fifo_gen/gconvfifo.rf/grf.rf/gntv_or_sync_fifo.gcx.clkx/wr_pntr_cdc_inst/dest_graysync_ff_reg[0][8]/D
  -------------------------------------------------------------------    -------------------

Slack:                    inf
  Source:                 u_Demodulation/u_fifo_generator_fft/U0/inst_fifo_gen/gconvfifo.rf/grf.rf/gntv_or_sync_fifo.gcx.clkx/wr_pntr_cdc_inst/src_gray_ff_reg[0]/C
                            (rising edge-triggered cell FDRE)
  Destination:            u_Demodulation/u_fifo_generator_fft/U0/inst_fifo_gen/gconvfifo.rf/grf.rf/gntv_or_sync_fifo.gcx.clkx/wr_pntr_cdc_inst/dest_graysync_ff_reg[0][0]/D
  Path Group:             (none)
  Path Type:              Min at Fast Process Corner
  Data Path Delay:        0.251ns  (logic 0.141ns (56.083%)  route 0.110ns (43.917%))
  Logic Levels:           1  (FDRE=1)
  Timing Exception:       False Path

    Location             Delay type                Incr(ns)  Path(ns)    Netlist Resource(s)
  -------------------------------------------------------------------    -------------------
    SLICE_X21Y103        FDRE                         0.000     0.000 r  u_Demodulation/u_fifo_generator_fft/U0/inst_fifo_gen/gconvfifo.rf/grf.rf/gntv_or_sync_fifo.gcx.clkx/wr_pntr_cdc_inst/src_gray_ff_reg[0]/C
    SLICE_X21Y103        FDRE (Prop_fdre_C_Q)         0.141     0.141 r  u_Demodulation/u_fifo_generator_fft/U0/inst_fifo_gen/gconvfifo.rf/grf.rf/gntv_or_sync_fifo.gcx.clkx/wr_pntr_cdc_inst/src_gray_ff_reg[0]/Q
                         net (fo=1, routed)           0.110     0.251    u_Demodulation/u_fifo_generator_fft/U0/inst_fifo_gen/gconvfifo.rf/grf.rf/gntv_or_sync_fifo.gcx.clkx/wr_pntr_cdc_inst/async_path[0]
    SLICE_X21Y101        FDRE                                         r  u_Demodulation/u_fifo_generator_fft/U0/inst_fifo_gen/gconvfifo.rf/grf.rf/gntv_or_sync_fifo.gcx.clkx/wr_pntr_cdc_inst/dest_graysync_ff_reg[0][0]/D
  -------------------------------------------------------------------    -------------------

Slack:                    inf
  Source:                 u_Demodulation/u_fifo_generator_fft/U0/inst_fifo_gen/gconvfifo.rf/grf.rf/gntv_or_sync_fifo.gcx.clkx/wr_pntr_cdc_inst/src_gray_ff_reg[4]/C
                            (rising edge-triggered cell FDRE)
  Destination:            u_Demodulation/u_fifo_generator_fft/U0/inst_fifo_gen/gconvfifo.rf/grf.rf/gntv_or_sync_fifo.gcx.clkx/wr_pntr_cdc_inst/dest_graysync_ff_reg[0][4]/D
  Path Group:             (none)
  Path Type:              Min at Fast Process Corner
  Data Path Delay:        0.252ns  (logic 0.141ns (55.868%)  route 0.111ns (44.132%))
  Logic Levels:           1  (FDRE=1)
  Timing Exception:       False Path

    Location             Delay type                Incr(ns)  Path(ns)    Netlist Resource(s)
  -------------------------------------------------------------------    -------------------
    SLICE_X21Y103        FDRE                         0.000     0.000 r  u_Demodulation/u_fifo_generator_fft/U0/inst_fifo_gen/gconvfifo.rf/grf.rf/gntv_or_sync_fifo.gcx.clkx/wr_pntr_cdc_inst/src_gray_ff_reg[4]/C
    SLICE_X21Y103        FDRE (Prop_fdre_C_Q)         0.141     0.141 r  u_Demodulation/u_fifo_generator_fft/U0/inst_fifo_gen/gconvfifo.rf/grf.rf/gntv_or_sync_fifo.gcx.clkx/wr_pntr_cdc_inst/src_gray_ff_reg[4]/Q
                         net (fo=1, routed)           0.111     0.252    u_Demodulation/u_fifo_generator_fft/U0/inst_fifo_gen/gconvfifo.rf/grf.rf/gntv_or_sync_fifo.gcx.clkx/wr_pntr_cdc_inst/async_path[4]
    SLICE_X21Y103        FDRE                                         r  u_Demodulation/u_fifo_generator_fft/U0/inst_fifo_gen/gconvfifo.rf/grf.rf/gntv_or_sync_fifo.gcx.clkx/wr_pntr_cdc_inst/dest_graysync_ff_reg[0][4]/D
  -------------------------------------------------------------------    -------------------

Slack:                    inf
  Source:                 u_Demodulation/u_fifo_generator_fft/U0/inst_fifo_gen/gconvfifo.rf/grf.rf/gntv_or_sync_fifo.gcx.clkx/rd_pntr_cdc_inst/src_gray_ff_reg[8]/C
                            (rising edge-triggered cell FDRE)
  Destination:            u_Demodulation/u_fifo_generator_fft/U0/inst_fifo_gen/gconvfifo.rf/grf.rf/gntv_or_sync_fifo.gcx.clkx/rd_pntr_cdc_inst/dest_graysync_ff_reg[0][8]/D
  Path Group:             (none)
  Path Type:              Min at Fast Process Corner
  Data Path Delay:        0.280ns  (logic 0.164ns (58.492%)  route 0.116ns (41.508%))
  Logic Levels:           1  (FDRE=1)
  Timing Exception:       False Path

    Location             Delay type                Incr(ns)  Path(ns)    Netlist Resource(s)
  -------------------------------------------------------------------    -------------------
    SLICE_X20Y113        FDRE                         0.000     0.000 r  u_Demodulation/u_fifo_generator_fft/U0/inst_fifo_gen/gconvfifo.rf/grf.rf/gntv_or_sync_fifo.gcx.clkx/rd_pntr_cdc_inst/src_gray_ff_reg[8]/C
    SLICE_X20Y113        FDRE (Prop_fdre_C_Q)         0.164     0.164 r  u_Demodulation/u_fifo_generator_fft/U0/inst_fifo_gen/gconvfifo.rf/grf.rf/gntv_or_sync_fifo.gcx.clkx/rd_pntr_cdc_inst/src_gray_ff_reg[8]/Q
                         net (fo=1, routed)           0.116     0.280    u_Demodulation/u_fifo_generator_fft/U0/inst_fifo_gen/gconvfifo.rf/grf.rf/gntv_or_sync_fifo.gcx.clkx/rd_pntr_cdc_inst/async_path[8]
    SLICE_X20Y113        FDRE                                         r  u_Demodulation/u_fifo_generator_fft/U0/inst_fifo_gen/gconvfifo.rf/grf.rf/gntv_or_sync_fifo.gcx.clkx/rd_pntr_cdc_inst/dest_graysync_ff_reg[0][8]/D
  -------------------------------------------------------------------    -------------------

Slack:                    inf
  Source:                 u_Demodulation/u_fifo_generator_fft/U0/inst_fifo_gen/gconvfifo.rf/grf.rf/gntv_or_sync_fifo.gcx.clkx/wr_pntr_cdc_inst/src_gray_ff_reg[2]/C
                            (rising edge-triggered cell FDRE)
  Destination:            u_Demodulation/u_fifo_generator_fft/U0/inst_fifo_gen/gconvfifo.rf/grf.rf/gntv_or_sync_fifo.gcx.clkx/wr_pntr_cdc_inst/dest_graysync_ff_reg[0][2]/D
  Path Group:             (none)
  Path Type:              Min at Fast Process Corner
  Data Path Delay:        0.280ns  (logic 0.164ns (58.492%)  route 0.116ns (41.508%))
  Logic Levels:           1  (FDRE=1)
  Timing Exception:       False Path

    Location             Delay type                Incr(ns)  Path(ns)    Netlist Resource(s)
  -------------------------------------------------------------------    -------------------
    SLICE_X22Y114        FDRE                         0.000     0.000 r  u_Demodulation/u_fifo_generator_fft/U0/inst_fifo_gen/gconvfifo.rf/grf.rf/gntv_or_sync_fifo.gcx.clkx/wr_pntr_cdc_inst/src_gray_ff_reg[2]/C
    SLICE_X22Y114        FDRE (Prop_fdre_C_Q)         0.164     0.164 r  u_Demodulation/u_fifo_generator_fft/U0/inst_fifo_gen/gconvfifo.rf/grf.rf/gntv_or_sync_fifo.gcx.clkx/wr_pntr_cdc_inst/src_gray_ff_reg[2]/Q
                         net (fo=1, routed)           0.116     0.280    u_Demodulation/u_fifo_generator_fft/U0/inst_fifo_gen/gconvfifo.rf/grf.rf/gntv_or_sync_fifo.gcx.clkx/wr_pntr_cdc_inst/async_path[2]
    SLICE_X22Y114        FDRE                                         r  u_Demodulation/u_fifo_generator_fft/U0/inst_fifo_gen/gconvfifo.rf/grf.rf/gntv_or_sync_fifo.gcx.clkx/wr_pntr_cdc_inst/dest_graysync_ff_reg[0][2]/D
  -------------------------------------------------------------------    -------------------

Slack:                    inf
  Source:                 u_Demodulation/u_fifo_generator_fft/U0/inst_fifo_gen/gconvfifo.rf/grf.rf/gntv_or_sync_fifo.gcx.clkx/rd_pntr_cdc_inst/src_gray_ff_reg[3]/C
                            (rising edge-triggered cell FDRE)
  Destination:            u_Demodulation/u_fifo_generator_fft/U0/inst_fifo_gen/gconvfifo.rf/grf.rf/gntv_or_sync_fifo.gcx.clkx/rd_pntr_cdc_inst/dest_graysync_ff_reg[0][3]/D
  Path Group:             (none)
  Path Type:              Min at Fast Process Corner
  Data Path Delay:        0.283ns  (logic 0.128ns (45.160%)  route 0.155ns (54.840%))
  Logic Levels:           1  (FDRE=1)
  Timing Exception:       False Path

    Location             Delay type                Incr(ns)  Path(ns)    Netlist Resource(s)
  -------------------------------------------------------------------    -------------------
    SLICE_X19Y113        FDRE                         0.000     0.000 r  u_Demodulation/u_fifo_generator_fft/U0/inst_fifo_gen/gconvfifo.rf/grf.rf/gntv_or_sync_fifo.gcx.clkx/rd_pntr_cdc_inst/src_gray_ff_reg[3]/C
    SLICE_X19Y113        FDRE (Prop_fdre_C_Q)         0.128     0.128 r  u_Demodulation/u_fifo_generator_fft/U0/inst_fifo_gen/gconvfifo.rf/grf.rf/gntv_or_sync_fifo.gcx.clkx/rd_pntr_cdc_inst/src_gray_ff_reg[3]/Q
                         net (fo=1, routed)           0.155     0.283    u_Demodulation/u_fifo_generator_fft/U0/inst_fifo_gen/gconvfifo.rf/grf.rf/gntv_or_sync_fifo.gcx.clkx/rd_pntr_cdc_inst/async_path[3]
    SLICE_X17Y114        FDRE                                         r  u_Demodulation/u_fifo_generator_fft/U0/inst_fifo_gen/gconvfifo.rf/grf.rf/gntv_or_sync_fifo.gcx.clkx/rd_pntr_cdc_inst/dest_graysync_ff_reg[0][3]/D
  -------------------------------------------------------------------    -------------------

Slack:                    inf
  Source:                 u_Demodulation/u_fifo_generator_fft/U0/inst_fifo_gen/gconvfifo.rf/grf.rf/gntv_or_sync_fifo.gcx.clkx/wr_pntr_cdc_inst/src_gray_ff_reg[1]/C
                            (rising edge-triggered cell FDRE)
  Destination:            u_Demodulation/u_fifo_generator_fft/U0/inst_fifo_gen/gconvfifo.rf/grf.rf/gntv_or_sync_fifo.gcx.clkx/wr_pntr_cdc_inst/dest_graysync_ff_reg[0][1]/D
  Path Group:             (none)
  Path Type:              Min at Fast Process Corner
  Data Path Delay:        0.294ns  (logic 0.128ns (43.473%)  route 0.166ns (56.527%))
  Logic Levels:           1  (FDRE=1)
  Timing Exception:       False Path

    Location             Delay type                Incr(ns)  Path(ns)    Netlist Resource(s)
  -------------------------------------------------------------------    -------------------
    SLICE_X21Y103        FDRE                         0.000     0.000 r  u_Demodulation/u_fifo_generator_fft/U0/inst_fifo_gen/gconvfifo.rf/grf.rf/gntv_or_sync_fifo.gcx.clkx/wr_pntr_cdc_inst/src_gray_ff_reg[1]/C
    SLICE_X21Y103        FDRE (Prop_fdre_C_Q)         0.128     0.128 r  u_Demodulation/u_fifo_generator_fft/U0/inst_fifo_gen/gconvfifo.rf/grf.rf/gntv_or_sync_fifo.gcx.clkx/wr_pntr_cdc_inst/src_gray_ff_reg[1]/Q
                         net (fo=1, routed)           0.166     0.294    u_Demodulation/u_fifo_generator_fft/U0/inst_fifo_gen/gconvfifo.rf/grf.rf/gntv_or_sync_fifo.gcx.clkx/wr_pntr_cdc_inst/async_path[1]
    SLICE_X21Y101        FDRE                                         r  u_Demodulation/u_fifo_generator_fft/U0/inst_fifo_gen/gconvfifo.rf/grf.rf/gntv_or_sync_fifo.gcx.clkx/wr_pntr_cdc_inst/dest_graysync_ff_reg[0][1]/D
  -------------------------------------------------------------------    -------------------





--------------------------------------------------------------------------------------
Path Group:  (none)
From Clock:  clk_125M_clk_wiz_0
  To Clock:  

Max Delay             1 Endpoint
Min Delay            11 Endpoints
--------------------------------------------------------------------------------------


Max Delay Paths
--------------------------------------------------------------------------------------
Slack:                    inf
  Source:                 u_Demodulation/u_HS_AD9481_IN/fifo_16to8_inst/U0/inst_fifo_gen/gconvfifo.rf/grf.rf/rstblk/ngwrdrst.grst.g7serrst.gnsckt_wrst.gic_rst.sckt_rd_rst_ic_reg/C
                            (rising edge-triggered cell FDPE clocked by clk_125M_clk_wiz_0  {rise@0.000ns fall@4.000ns period=8.000ns})
  Destination:            u_Demodulation/u_HS_AD9481_IN/fifo_16to8_inst/U0/inst_fifo_gen/gconvfifo.rf/grf.rf/rstblk/ngwrdrst.grst.g7serrst.gnsckt_wrst.gic_rst.xpm_cdc_single_inst_rrst_wr/syncstages_ff_reg[0]/D
  Path Group:             (none)
  Path Type:              Max at Slow Process Corner
  Data Path Delay:        1.117ns  (logic 0.456ns (40.815%)  route 0.661ns (59.185%))
  Logic Levels:           0  
  Clock Uncertainty:      0.246ns  ((TSJ^2 + DJ^2)^1/2) / 2 + PE
    Total System Jitter     (TSJ):    0.050ns
    Discrete Jitter          (DJ):    0.154ns
    Phase Error              (PE):    0.165ns
  Timing Exception:       False Path

    Location             Delay type                Incr(ns)  Path(ns)    Netlist Resource(s)
  -------------------------------------------------------------------    -------------------
                         (clock clk_125M_clk_wiz_0 rise edge)
                                                      0.000     0.000 r  
    W19                                               0.000     0.000 r  clk_50M (IN)
                         net (fo=0)                   0.000     0.000    clk_u0/inst/clk_in1
    W19                  IBUF (Prop_ibuf_I_O)         1.509     1.509 r  clk_u0/inst/clkin1_ibufg/O
                         net (fo=1, routed)           1.233     2.742    clk_u0/inst/clk_in1_clk_wiz_0
    MMCME2_ADV_X0Y2      MMCME2_ADV (Prop_mmcme2_adv_CLKIN1_CLKOUT0)
                                                     -7.485    -4.742 r  clk_u0/inst/mmcm_adv_inst/CLKOUT0
                         net (fo=1, routed)           1.843    -2.899    clk_u0/inst/clk_125M_clk_wiz_0
    BUFGCTRL_X0Y0        BUFG (Prop_bufg_I_O)         0.096    -2.803 r  clk_u0/inst/clkout1_buf/O
                         net (fo=9233, routed)        1.924    -0.879    u_Demodulation/u_HS_AD9481_IN/fifo_16to8_inst/U0/inst_fifo_gen/gconvfifo.rf/grf.rf/rstblk/rd_clk
    SLICE_X41Y86         FDPE                                         r  u_Demodulation/u_HS_AD9481_IN/fifo_16to8_inst/U0/inst_fifo_gen/gconvfifo.rf/grf.rf/rstblk/ngwrdrst.grst.g7serrst.gnsckt_wrst.gic_rst.sckt_rd_rst_ic_reg/C
  -------------------------------------------------------------------    -------------------
    SLICE_X41Y86         FDPE (Prop_fdpe_C_Q)         0.456    -0.423 r  u_Demodulation/u_HS_AD9481_IN/fifo_16to8_inst/U0/inst_fifo_gen/gconvfifo.rf/grf.rf/rstblk/ngwrdrst.grst.g7serrst.gnsckt_wrst.gic_rst.sckt_rd_rst_ic_reg/Q
                         net (fo=32, routed)          0.661     0.239    u_Demodulation/u_HS_AD9481_IN/fifo_16to8_inst/U0/inst_fifo_gen/gconvfifo.rf/grf.rf/rstblk/ngwrdrst.grst.g7serrst.gnsckt_wrst.gic_rst.xpm_cdc_single_inst_rrst_wr/src_in
    SLICE_X39Y93         FDRE                                         r  u_Demodulation/u_HS_AD9481_IN/fifo_16to8_inst/U0/inst_fifo_gen/gconvfifo.rf/grf.rf/rstblk/ngwrdrst.grst.g7serrst.gnsckt_wrst.gic_rst.xpm_cdc_single_inst_rrst_wr/syncstages_ff_reg[0]/D
  -------------------------------------------------------------------    -------------------





Min Delay Paths
--------------------------------------------------------------------------------------
Slack:                    inf
  Source:                 u_Demodulation/u_HS_AD9481_IN/fifo_16to8_inst/U0/inst_fifo_gen/gconvfifo.rf/grf.rf/gntv_or_sync_fifo.gcx.clkx/rd_pntr_cdc_inst/src_gray_ff_reg[5]/C
                            (rising edge-triggered cell FDRE clocked by clk_125M_clk_wiz_0  {rise@0.000ns fall@4.000ns period=8.000ns})
  Destination:            u_Demodulation/u_HS_AD9481_IN/fifo_16to8_inst/U0/inst_fifo_gen/gconvfifo.rf/grf.rf/gntv_or_sync_fifo.gcx.clkx/rd_pntr_cdc_inst/dest_graysync_ff_reg[0][5]/D
  Path Group:             (none)
  Path Type:              Min at Slow Process Corner
  Data Path Delay:        0.598ns  (logic 0.337ns (56.368%)  route 0.261ns (43.632%))
  Logic Levels:           0  
  Clock Uncertainty:      0.246ns  ((TSJ^2 + DJ^2)^1/2) / 2 + PE
    Total System Jitter     (TSJ):    0.050ns
    Discrete Jitter          (DJ):    0.154ns
    Phase Error              (PE):    0.165ns
  Timing Exception:       False Path

    Location             Delay type                Incr(ns)  Path(ns)    Netlist Resource(s)
  -------------------------------------------------------------------    -------------------
                         (clock clk_125M_clk_wiz_0 rise edge)
                                                      0.000     0.000 r  
    W19                                               0.000     0.000 r  clk_50M (IN)
                         net (fo=0)                   0.000     0.000    clk_u0/inst/clk_in1
    W19                  IBUF (Prop_ibuf_I_O)         1.438     1.438 r  clk_u0/inst/clkin1_ibufg/O
                         net (fo=1, routed)           1.162     2.600    clk_u0/inst/clk_in1_clk_wiz_0
    MMCME2_ADV_X0Y2      MMCME2_ADV (Prop_mmcme2_adv_CLKIN1_CLKOUT0)
                                                     -7.729    -5.129 r  clk_u0/inst/mmcm_adv_inst/CLKOUT0
                         net (fo=1, routed)           1.760    -3.369    clk_u0/inst/clk_125M_clk_wiz_0
    BUFGCTRL_X0Y0        BUFG (Prop_bufg_I_O)         0.091    -3.278 r  clk_u0/inst/clkout1_buf/O
                         net (fo=9233, routed)        1.803    -1.475    u_Demodulation/u_HS_AD9481_IN/fifo_16to8_inst/U0/inst_fifo_gen/gconvfifo.rf/grf.rf/gntv_or_sync_fifo.gcx.clkx/rd_pntr_cdc_inst/src_clk
    SLICE_X32Y86         FDRE                                         r  u_Demodulation/u_HS_AD9481_IN/fifo_16to8_inst/U0/inst_fifo_gen/gconvfifo.rf/grf.rf/gntv_or_sync_fifo.gcx.clkx/rd_pntr_cdc_inst/src_gray_ff_reg[5]/C
  -------------------------------------------------------------------    -------------------
    SLICE_X32Y86         FDRE (Prop_fdre_C_Q)         0.337    -1.138 r  u_Demodulation/u_HS_AD9481_IN/fifo_16to8_inst/U0/inst_fifo_gen/gconvfifo.rf/grf.rf/gntv_or_sync_fifo.gcx.clkx/rd_pntr_cdc_inst/src_gray_ff_reg[5]/Q
                         net (fo=1, routed)           0.261    -0.877    u_Demodulation/u_HS_AD9481_IN/fifo_16to8_inst/U0/inst_fifo_gen/gconvfifo.rf/grf.rf/gntv_or_sync_fifo.gcx.clkx/rd_pntr_cdc_inst/async_path[5]
    SLICE_X32Y87         FDRE                                         r  u_Demodulation/u_HS_AD9481_IN/fifo_16to8_inst/U0/inst_fifo_gen/gconvfifo.rf/grf.rf/gntv_or_sync_fifo.gcx.clkx/rd_pntr_cdc_inst/dest_graysync_ff_reg[0][5]/D
  -------------------------------------------------------------------    -------------------

Slack:                    inf
  Source:                 u_Demodulation/u_HS_AD9481_IN/fifo_16to8_inst/U0/inst_fifo_gen/gconvfifo.rf/grf.rf/gntv_or_sync_fifo.gcx.clkx/rd_pntr_cdc_inst/src_gray_ff_reg[1]/C
                            (rising edge-triggered cell FDRE clocked by clk_125M_clk_wiz_0  {rise@0.000ns fall@4.000ns period=8.000ns})
  Destination:            u_Demodulation/u_HS_AD9481_IN/fifo_16to8_inst/U0/inst_fifo_gen/gconvfifo.rf/grf.rf/gntv_or_sync_fifo.gcx.clkx/rd_pntr_cdc_inst/dest_graysync_ff_reg[0][1]/D
  Path Group:             (none)
  Path Type:              Min at Slow Process Corner
  Data Path Delay:        0.722ns  (logic 0.337ns (46.708%)  route 0.385ns (53.292%))
  Logic Levels:           0  
  Clock Uncertainty:      0.246ns  ((TSJ^2 + DJ^2)^1/2) / 2 + PE
    Total System Jitter     (TSJ):    0.050ns
    Discrete Jitter          (DJ):    0.154ns
    Phase Error              (PE):    0.165ns
  Timing Exception:       False Path

    Location             Delay type                Incr(ns)  Path(ns)    Netlist Resource(s)
  -------------------------------------------------------------------    -------------------
                         (clock clk_125M_clk_wiz_0 rise edge)
                                                      0.000     0.000 r  
    W19                                               0.000     0.000 r  clk_50M (IN)
                         net (fo=0)                   0.000     0.000    clk_u0/inst/clk_in1
    W19                  IBUF (Prop_ibuf_I_O)         1.438     1.438 r  clk_u0/inst/clkin1_ibufg/O
                         net (fo=1, routed)           1.162     2.600    clk_u0/inst/clk_in1_clk_wiz_0
    MMCME2_ADV_X0Y2      MMCME2_ADV (Prop_mmcme2_adv_CLKIN1_CLKOUT0)
                                                     -7.729    -5.129 r  clk_u0/inst/mmcm_adv_inst/CLKOUT0
                         net (fo=1, routed)           1.760    -3.369    clk_u0/inst/clk_125M_clk_wiz_0
    BUFGCTRL_X0Y0        BUFG (Prop_bufg_I_O)         0.091    -3.278 r  clk_u0/inst/clkout1_buf/O
                         net (fo=9233, routed)        1.803    -1.475    u_Demodulation/u_HS_AD9481_IN/fifo_16to8_inst/U0/inst_fifo_gen/gconvfifo.rf/grf.rf/gntv_or_sync_fifo.gcx.clkx/rd_pntr_cdc_inst/src_clk
    SLICE_X32Y86         FDRE                                         r  u_Demodulation/u_HS_AD9481_IN/fifo_16to8_inst/U0/inst_fifo_gen/gconvfifo.rf/grf.rf/gntv_or_sync_fifo.gcx.clkx/rd_pntr_cdc_inst/src_gray_ff_reg[1]/C
  -------------------------------------------------------------------    -------------------
    SLICE_X32Y86         FDRE (Prop_fdre_C_Q)         0.337    -1.138 r  u_Demodulation/u_HS_AD9481_IN/fifo_16to8_inst/U0/inst_fifo_gen/gconvfifo.rf/grf.rf/gntv_or_sync_fifo.gcx.clkx/rd_pntr_cdc_inst/src_gray_ff_reg[1]/Q
                         net (fo=1, routed)           0.385    -0.754    u_Demodulation/u_HS_AD9481_IN/fifo_16to8_inst/U0/inst_fifo_gen/gconvfifo.rf/grf.rf/gntv_or_sync_fifo.gcx.clkx/rd_pntr_cdc_inst/async_path[1]
    SLICE_X37Y87         FDRE                                         r  u_Demodulation/u_HS_AD9481_IN/fifo_16to8_inst/U0/inst_fifo_gen/gconvfifo.rf/grf.rf/gntv_or_sync_fifo.gcx.clkx/rd_pntr_cdc_inst/dest_graysync_ff_reg[0][1]/D
  -------------------------------------------------------------------    -------------------

Slack:                    inf
  Source:                 u_Demodulation/u_HS_AD9481_IN/fifo_16to8_inst/U0/inst_fifo_gen/gconvfifo.rf/grf.rf/gntv_or_sync_fifo.gcx.clkx/rd_pntr_cdc_inst/src_gray_ff_reg[9]/C
                            (rising edge-triggered cell FDRE clocked by clk_125M_clk_wiz_0  {rise@0.000ns fall@4.000ns period=8.000ns})
  Destination:            u_Demodulation/u_HS_AD9481_IN/fifo_16to8_inst/U0/inst_fifo_gen/gconvfifo.rf/grf.rf/gntv_or_sync_fifo.gcx.clkx/rd_pntr_cdc_inst/dest_graysync_ff_reg[0][9]/D
  Path Group:             (none)
  Path Type:              Min at Slow Process Corner
  Data Path Delay:        0.733ns  (logic 0.367ns (50.049%)  route 0.366ns (49.951%))
  Logic Levels:           0  
  Clock Uncertainty:      0.246ns  ((TSJ^2 + DJ^2)^1/2) / 2 + PE
    Total System Jitter     (TSJ):    0.050ns
    Discrete Jitter          (DJ):    0.154ns
    Phase Error              (PE):    0.165ns
  Timing Exception:       False Path

    Location             Delay type                Incr(ns)  Path(ns)    Netlist Resource(s)
  -------------------------------------------------------------------    -------------------
                         (clock clk_125M_clk_wiz_0 rise edge)
                                                      0.000     0.000 r  
    W19                                               0.000     0.000 r  clk_50M (IN)
                         net (fo=0)                   0.000     0.000    clk_u0/inst/clk_in1
    W19                  IBUF (Prop_ibuf_I_O)         1.438     1.438 r  clk_u0/inst/clkin1_ibufg/O
                         net (fo=1, routed)           1.162     2.600    clk_u0/inst/clk_in1_clk_wiz_0
    MMCME2_ADV_X0Y2      MMCME2_ADV (Prop_mmcme2_adv_CLKIN1_CLKOUT0)
                                                     -7.729    -5.129 r  clk_u0/inst/mmcm_adv_inst/CLKOUT0
                         net (fo=1, routed)           1.760    -3.369    clk_u0/inst/clk_125M_clk_wiz_0
    BUFGCTRL_X0Y0        BUFG (Prop_bufg_I_O)         0.091    -3.278 r  clk_u0/inst/clkout1_buf/O
                         net (fo=9233, routed)        1.803    -1.475    u_Demodulation/u_HS_AD9481_IN/fifo_16to8_inst/U0/inst_fifo_gen/gconvfifo.rf/grf.rf/gntv_or_sync_fifo.gcx.clkx/rd_pntr_cdc_inst/src_clk
    SLICE_X33Y86         FDRE                                         r  u_Demodulation/u_HS_AD9481_IN/fifo_16to8_inst/U0/inst_fifo_gen/gconvfifo.rf/grf.rf/gntv_or_sync_fifo.gcx.clkx/rd_pntr_cdc_inst/src_gray_ff_reg[9]/C
  -------------------------------------------------------------------    -------------------
    SLICE_X33Y86         FDRE (Prop_fdre_C_Q)         0.367    -1.108 r  u_Demodulation/u_HS_AD9481_IN/fifo_16to8_inst/U0/inst_fifo_gen/gconvfifo.rf/grf.rf/gntv_or_sync_fifo.gcx.clkx/rd_pntr_cdc_inst/src_gray_ff_reg[9]/Q
                         net (fo=1, routed)           0.366    -0.742    u_Demodulation/u_HS_AD9481_IN/fifo_16to8_inst/U0/inst_fifo_gen/gconvfifo.rf/grf.rf/gntv_or_sync_fifo.gcx.clkx/rd_pntr_cdc_inst/async_path[9]
    SLICE_X34Y87         FDRE                                         r  u_Demodulation/u_HS_AD9481_IN/fifo_16to8_inst/U0/inst_fifo_gen/gconvfifo.rf/grf.rf/gntv_or_sync_fifo.gcx.clkx/rd_pntr_cdc_inst/dest_graysync_ff_reg[0][9]/D
  -------------------------------------------------------------------    -------------------

Slack:                    inf
  Source:                 u_Demodulation/u_HS_AD9481_IN/fifo_16to8_inst/U0/inst_fifo_gen/gconvfifo.rf/grf.rf/gntv_or_sync_fifo.gcx.clkx/rd_pntr_cdc_inst/src_gray_ff_reg[8]/C
                            (rising edge-triggered cell FDRE clocked by clk_125M_clk_wiz_0  {rise@0.000ns fall@4.000ns period=8.000ns})
  Destination:            u_Demodulation/u_HS_AD9481_IN/fifo_16to8_inst/U0/inst_fifo_gen/gconvfifo.rf/grf.rf/gntv_or_sync_fifo.gcx.clkx/rd_pntr_cdc_inst/dest_graysync_ff_reg[0][8]/D
  Path Group:             (none)
  Path Type:              Min at Slow Process Corner
  Data Path Delay:        0.734ns  (logic 0.367ns (49.983%)  route 0.367ns (50.017%))
  Logic Levels:           0  
  Clock Uncertainty:      0.246ns  ((TSJ^2 + DJ^2)^1/2) / 2 + PE
    Total System Jitter     (TSJ):    0.050ns
    Discrete Jitter          (DJ):    0.154ns
    Phase Error              (PE):    0.165ns
  Timing Exception:       False Path

    Location             Delay type                Incr(ns)  Path(ns)    Netlist Resource(s)
  -------------------------------------------------------------------    -------------------
                         (clock clk_125M_clk_wiz_0 rise edge)
                                                      0.000     0.000 r  
    W19                                               0.000     0.000 r  clk_50M (IN)
                         net (fo=0)                   0.000     0.000    clk_u0/inst/clk_in1
    W19                  IBUF (Prop_ibuf_I_O)         1.438     1.438 r  clk_u0/inst/clkin1_ibufg/O
                         net (fo=1, routed)           1.162     2.600    clk_u0/inst/clk_in1_clk_wiz_0
    MMCME2_ADV_X0Y2      MMCME2_ADV (Prop_mmcme2_adv_CLKIN1_CLKOUT0)
                                                     -7.729    -5.129 r  clk_u0/inst/mmcm_adv_inst/CLKOUT0
                         net (fo=1, routed)           1.760    -3.369    clk_u0/inst/clk_125M_clk_wiz_0
    BUFGCTRL_X0Y0        BUFG (Prop_bufg_I_O)         0.091    -3.278 r  clk_u0/inst/clkout1_buf/O
                         net (fo=9233, routed)        1.803    -1.475    u_Demodulation/u_HS_AD9481_IN/fifo_16to8_inst/U0/inst_fifo_gen/gconvfifo.rf/grf.rf/gntv_or_sync_fifo.gcx.clkx/rd_pntr_cdc_inst/src_clk
    SLICE_X32Y86         FDRE                                         r  u_Demodulation/u_HS_AD9481_IN/fifo_16to8_inst/U0/inst_fifo_gen/gconvfifo.rf/grf.rf/gntv_or_sync_fifo.gcx.clkx/rd_pntr_cdc_inst/src_gray_ff_reg[8]/C
  -------------------------------------------------------------------    -------------------
    SLICE_X32Y86         FDRE (Prop_fdre_C_Q)         0.367    -1.108 r  u_Demodulation/u_HS_AD9481_IN/fifo_16to8_inst/U0/inst_fifo_gen/gconvfifo.rf/grf.rf/gntv_or_sync_fifo.gcx.clkx/rd_pntr_cdc_inst/src_gray_ff_reg[8]/Q
                         net (fo=1, routed)           0.367    -0.741    u_Demodulation/u_HS_AD9481_IN/fifo_16to8_inst/U0/inst_fifo_gen/gconvfifo.rf/grf.rf/gntv_or_sync_fifo.gcx.clkx/rd_pntr_cdc_inst/async_path[8]
    SLICE_X34Y87         FDRE                                         r  u_Demodulation/u_HS_AD9481_IN/fifo_16to8_inst/U0/inst_fifo_gen/gconvfifo.rf/grf.rf/gntv_or_sync_fifo.gcx.clkx/rd_pntr_cdc_inst/dest_graysync_ff_reg[0][8]/D
  -------------------------------------------------------------------    -------------------

Slack:                    inf
  Source:                 u_Demodulation/u_HS_AD9481_IN/fifo_16to8_inst/U0/inst_fifo_gen/gconvfifo.rf/grf.rf/gntv_or_sync_fifo.gcx.clkx/rd_pntr_cdc_inst/src_gray_ff_reg[7]/C
                            (rising edge-triggered cell FDRE clocked by clk_125M_clk_wiz_0  {rise@0.000ns fall@4.000ns period=8.000ns})
  Destination:            u_Demodulation/u_HS_AD9481_IN/fifo_16to8_inst/U0/inst_fifo_gen/gconvfifo.rf/grf.rf/gntv_or_sync_fifo.gcx.clkx/rd_pntr_cdc_inst/dest_graysync_ff_reg[0][7]/D
  Path Group:             (none)
  Path Type:              Min at Slow Process Corner
  Data Path Delay:        0.757ns  (logic 0.337ns (44.547%)  route 0.420ns (55.453%))
  Logic Levels:           0  
  Clock Uncertainty:      0.246ns  ((TSJ^2 + DJ^2)^1/2) / 2 + PE
    Total System Jitter     (TSJ):    0.050ns
    Discrete Jitter          (DJ):    0.154ns
    Phase Error              (PE):    0.165ns
  Timing Exception:       False Path

    Location             Delay type                Incr(ns)  Path(ns)    Netlist Resource(s)
  -------------------------------------------------------------------    -------------------
                         (clock clk_125M_clk_wiz_0 rise edge)
                                                      0.000     0.000 r  
    W19                                               0.000     0.000 r  clk_50M (IN)
                         net (fo=0)                   0.000     0.000    clk_u0/inst/clk_in1
    W19                  IBUF (Prop_ibuf_I_O)         1.438     1.438 r  clk_u0/inst/clkin1_ibufg/O
                         net (fo=1, routed)           1.162     2.600    clk_u0/inst/clk_in1_clk_wiz_0
    MMCME2_ADV_X0Y2      MMCME2_ADV (Prop_mmcme2_adv_CLKIN1_CLKOUT0)
                                                     -7.729    -5.129 r  clk_u0/inst/mmcm_adv_inst/CLKOUT0
                         net (fo=1, routed)           1.760    -3.369    clk_u0/inst/clk_125M_clk_wiz_0
    BUFGCTRL_X0Y0        BUFG (Prop_bufg_I_O)         0.091    -3.278 r  clk_u0/inst/clkout1_buf/O
                         net (fo=9233, routed)        1.803    -1.475    u_Demodulation/u_HS_AD9481_IN/fifo_16to8_inst/U0/inst_fifo_gen/gconvfifo.rf/grf.rf/gntv_or_sync_fifo.gcx.clkx/rd_pntr_cdc_inst/src_clk
    SLICE_X32Y86         FDRE                                         r  u_Demodulation/u_HS_AD9481_IN/fifo_16to8_inst/U0/inst_fifo_gen/gconvfifo.rf/grf.rf/gntv_or_sync_fifo.gcx.clkx/rd_pntr_cdc_inst/src_gray_ff_reg[7]/C
  -------------------------------------------------------------------    -------------------
    SLICE_X32Y86         FDRE (Prop_fdre_C_Q)         0.337    -1.138 r  u_Demodulation/u_HS_AD9481_IN/fifo_16to8_inst/U0/inst_fifo_gen/gconvfifo.rf/grf.rf/gntv_or_sync_fifo.gcx.clkx/rd_pntr_cdc_inst/src_gray_ff_reg[7]/Q
                         net (fo=1, routed)           0.420    -0.719    u_Demodulation/u_HS_AD9481_IN/fifo_16to8_inst/U0/inst_fifo_gen/gconvfifo.rf/grf.rf/gntv_or_sync_fifo.gcx.clkx/rd_pntr_cdc_inst/async_path[7]
    SLICE_X34Y87         FDRE                                         r  u_Demodulation/u_HS_AD9481_IN/fifo_16to8_inst/U0/inst_fifo_gen/gconvfifo.rf/grf.rf/gntv_or_sync_fifo.gcx.clkx/rd_pntr_cdc_inst/dest_graysync_ff_reg[0][7]/D
  -------------------------------------------------------------------    -------------------

Slack:                    inf
  Source:                 u_Demodulation/u_HS_AD9481_IN/fifo_16to8_inst/U0/inst_fifo_gen/gconvfifo.rf/grf.rf/gntv_or_sync_fifo.gcx.clkx/rd_pntr_cdc_inst/src_gray_ff_reg[4]/C
                            (rising edge-triggered cell FDRE clocked by clk_125M_clk_wiz_0  {rise@0.000ns fall@4.000ns period=8.000ns})
  Destination:            u_Demodulation/u_HS_AD9481_IN/fifo_16to8_inst/U0/inst_fifo_gen/gconvfifo.rf/grf.rf/gntv_or_sync_fifo.gcx.clkx/rd_pntr_cdc_inst/dest_graysync_ff_reg[0][4]/D
  Path Group:             (none)
  Path Type:              Min at Slow Process Corner
  Data Path Delay:        0.778ns  (logic 0.367ns (47.179%)  route 0.411ns (52.821%))
  Logic Levels:           0  
  Clock Uncertainty:      0.246ns  ((TSJ^2 + DJ^2)^1/2) / 2 + PE
    Total System Jitter     (TSJ):    0.050ns
    Discrete Jitter          (DJ):    0.154ns
    Phase Error              (PE):    0.165ns
  Timing Exception:       False Path

    Location             Delay type                Incr(ns)  Path(ns)    Netlist Resource(s)
  -------------------------------------------------------------------    -------------------
                         (clock clk_125M_clk_wiz_0 rise edge)
                                                      0.000     0.000 r  
    W19                                               0.000     0.000 r  clk_50M (IN)
                         net (fo=0)                   0.000     0.000    clk_u0/inst/clk_in1
    W19                  IBUF (Prop_ibuf_I_O)         1.438     1.438 r  clk_u0/inst/clkin1_ibufg/O
                         net (fo=1, routed)           1.162     2.600    clk_u0/inst/clk_in1_clk_wiz_0
    MMCME2_ADV_X0Y2      MMCME2_ADV (Prop_mmcme2_adv_CLKIN1_CLKOUT0)
                                                     -7.729    -5.129 r  clk_u0/inst/mmcm_adv_inst/CLKOUT0
                         net (fo=1, routed)           1.760    -3.369    clk_u0/inst/clk_125M_clk_wiz_0
    BUFGCTRL_X0Y0        BUFG (Prop_bufg_I_O)         0.091    -3.278 r  clk_u0/inst/clkout1_buf/O
                         net (fo=9233, routed)        1.803    -1.475    u_Demodulation/u_HS_AD9481_IN/fifo_16to8_inst/U0/inst_fifo_gen/gconvfifo.rf/grf.rf/gntv_or_sync_fifo.gcx.clkx/rd_pntr_cdc_inst/src_clk
    SLICE_X32Y86         FDRE                                         r  u_Demodulation/u_HS_AD9481_IN/fifo_16to8_inst/U0/inst_fifo_gen/gconvfifo.rf/grf.rf/gntv_or_sync_fifo.gcx.clkx/rd_pntr_cdc_inst/src_gray_ff_reg[4]/C
  -------------------------------------------------------------------    -------------------
    SLICE_X32Y86         FDRE (Prop_fdre_C_Q)         0.367    -1.108 r  u_Demodulation/u_HS_AD9481_IN/fifo_16to8_inst/U0/inst_fifo_gen/gconvfifo.rf/grf.rf/gntv_or_sync_fifo.gcx.clkx/rd_pntr_cdc_inst/src_gray_ff_reg[4]/Q
                         net (fo=1, routed)           0.411    -0.697    u_Demodulation/u_HS_AD9481_IN/fifo_16to8_inst/U0/inst_fifo_gen/gconvfifo.rf/grf.rf/gntv_or_sync_fifo.gcx.clkx/rd_pntr_cdc_inst/async_path[4]
    SLICE_X32Y87         FDRE                                         r  u_Demodulation/u_HS_AD9481_IN/fifo_16to8_inst/U0/inst_fifo_gen/gconvfifo.rf/grf.rf/gntv_or_sync_fifo.gcx.clkx/rd_pntr_cdc_inst/dest_graysync_ff_reg[0][4]/D
  -------------------------------------------------------------------    -------------------

Slack:                    inf
  Source:                 u_Demodulation/u_HS_AD9481_IN/fifo_16to8_inst/U0/inst_fifo_gen/gconvfifo.rf/grf.rf/gntv_or_sync_fifo.gcx.clkx/rd_pntr_cdc_inst/src_gray_ff_reg[6]/C
                            (rising edge-triggered cell FDRE clocked by clk_125M_clk_wiz_0  {rise@0.000ns fall@4.000ns period=8.000ns})
  Destination:            u_Demodulation/u_HS_AD9481_IN/fifo_16to8_inst/U0/inst_fifo_gen/gconvfifo.rf/grf.rf/gntv_or_sync_fifo.gcx.clkx/rd_pntr_cdc_inst/dest_graysync_ff_reg[0][6]/D
  Path Group:             (none)
  Path Type:              Min at Slow Process Corner
  Data Path Delay:        0.781ns  (logic 0.367ns (47.017%)  route 0.414ns (52.983%))
  Logic Levels:           0  
  Clock Uncertainty:      0.246ns  ((TSJ^2 + DJ^2)^1/2) / 2 + PE
    Total System Jitter     (TSJ):    0.050ns
    Discrete Jitter          (DJ):    0.154ns
    Phase Error              (PE):    0.165ns
  Timing Exception:       False Path

    Location             Delay type                Incr(ns)  Path(ns)    Netlist Resource(s)
  -------------------------------------------------------------------    -------------------
                         (clock clk_125M_clk_wiz_0 rise edge)
                                                      0.000     0.000 r  
    W19                                               0.000     0.000 r  clk_50M (IN)
                         net (fo=0)                   0.000     0.000    clk_u0/inst/clk_in1
    W19                  IBUF (Prop_ibuf_I_O)         1.438     1.438 r  clk_u0/inst/clkin1_ibufg/O
                         net (fo=1, routed)           1.162     2.600    clk_u0/inst/clk_in1_clk_wiz_0
    MMCME2_ADV_X0Y2      MMCME2_ADV (Prop_mmcme2_adv_CLKIN1_CLKOUT0)
                                                     -7.729    -5.129 r  clk_u0/inst/mmcm_adv_inst/CLKOUT0
                         net (fo=1, routed)           1.760    -3.369    clk_u0/inst/clk_125M_clk_wiz_0
    BUFGCTRL_X0Y0        BUFG (Prop_bufg_I_O)         0.091    -3.278 r  clk_u0/inst/clkout1_buf/O
                         net (fo=9233, routed)        1.803    -1.475    u_Demodulation/u_HS_AD9481_IN/fifo_16to8_inst/U0/inst_fifo_gen/gconvfifo.rf/grf.rf/gntv_or_sync_fifo.gcx.clkx/rd_pntr_cdc_inst/src_clk
    SLICE_X32Y86         FDRE                                         r  u_Demodulation/u_HS_AD9481_IN/fifo_16to8_inst/U0/inst_fifo_gen/gconvfifo.rf/grf.rf/gntv_or_sync_fifo.gcx.clkx/rd_pntr_cdc_inst/src_gray_ff_reg[6]/C
  -------------------------------------------------------------------    -------------------
    SLICE_X32Y86         FDRE (Prop_fdre_C_Q)         0.367    -1.108 r  u_Demodulation/u_HS_AD9481_IN/fifo_16to8_inst/U0/inst_fifo_gen/gconvfifo.rf/grf.rf/gntv_or_sync_fifo.gcx.clkx/rd_pntr_cdc_inst/src_gray_ff_reg[6]/Q
                         net (fo=1, routed)           0.414    -0.694    u_Demodulation/u_HS_AD9481_IN/fifo_16to8_inst/U0/inst_fifo_gen/gconvfifo.rf/grf.rf/gntv_or_sync_fifo.gcx.clkx/rd_pntr_cdc_inst/async_path[6]
    SLICE_X32Y87         FDRE                                         r  u_Demodulation/u_HS_AD9481_IN/fifo_16to8_inst/U0/inst_fifo_gen/gconvfifo.rf/grf.rf/gntv_or_sync_fifo.gcx.clkx/rd_pntr_cdc_inst/dest_graysync_ff_reg[0][6]/D
  -------------------------------------------------------------------    -------------------

Slack:                    inf
  Source:                 u_Demodulation/u_HS_AD9481_IN/fifo_16to8_inst/U0/inst_fifo_gen/gconvfifo.rf/grf.rf/gntv_or_sync_fifo.gcx.clkx/rd_pntr_cdc_inst/src_gray_ff_reg[3]/C
                            (rising edge-triggered cell FDRE clocked by clk_125M_clk_wiz_0  {rise@0.000ns fall@4.000ns period=8.000ns})
  Destination:            u_Demodulation/u_HS_AD9481_IN/fifo_16to8_inst/U0/inst_fifo_gen/gconvfifo.rf/grf.rf/gntv_or_sync_fifo.gcx.clkx/rd_pntr_cdc_inst/dest_graysync_ff_reg[0][3]/D
  Path Group:             (none)
  Path Type:              Min at Slow Process Corner
  Data Path Delay:        0.841ns  (logic 0.337ns (40.052%)  route 0.504ns (59.948%))
  Logic Levels:           0  
  Clock Uncertainty:      0.246ns  ((TSJ^2 + DJ^2)^1/2) / 2 + PE
    Total System Jitter     (TSJ):    0.050ns
    Discrete Jitter          (DJ):    0.154ns
    Phase Error              (PE):    0.165ns
  Timing Exception:       False Path

    Location             Delay type                Incr(ns)  Path(ns)    Netlist Resource(s)
  -------------------------------------------------------------------    -------------------
                         (clock clk_125M_clk_wiz_0 rise edge)
                                                      0.000     0.000 r  
    W19                                               0.000     0.000 r  clk_50M (IN)
                         net (fo=0)                   0.000     0.000    clk_u0/inst/clk_in1
    W19                  IBUF (Prop_ibuf_I_O)         1.438     1.438 r  clk_u0/inst/clkin1_ibufg/O
                         net (fo=1, routed)           1.162     2.600    clk_u0/inst/clk_in1_clk_wiz_0
    MMCME2_ADV_X0Y2      MMCME2_ADV (Prop_mmcme2_adv_CLKIN1_CLKOUT0)
                                                     -7.729    -5.129 r  clk_u0/inst/mmcm_adv_inst/CLKOUT0
                         net (fo=1, routed)           1.760    -3.369    clk_u0/inst/clk_125M_clk_wiz_0
    BUFGCTRL_X0Y0        BUFG (Prop_bufg_I_O)         0.091    -3.278 r  clk_u0/inst/clkout1_buf/O
                         net (fo=9233, routed)        1.805    -1.473    u_Demodulation/u_HS_AD9481_IN/fifo_16to8_inst/U0/inst_fifo_gen/gconvfifo.rf/grf.rf/gntv_or_sync_fifo.gcx.clkx/rd_pntr_cdc_inst/src_clk
    SLICE_X33Y88         FDRE                                         r  u_Demodulation/u_HS_AD9481_IN/fifo_16to8_inst/U0/inst_fifo_gen/gconvfifo.rf/grf.rf/gntv_or_sync_fifo.gcx.clkx/rd_pntr_cdc_inst/src_gray_ff_reg[3]/C
  -------------------------------------------------------------------    -------------------
    SLICE_X33Y88         FDRE (Prop_fdre_C_Q)         0.337    -1.136 r  u_Demodulation/u_HS_AD9481_IN/fifo_16to8_inst/U0/inst_fifo_gen/gconvfifo.rf/grf.rf/gntv_or_sync_fifo.gcx.clkx/rd_pntr_cdc_inst/src_gray_ff_reg[3]/Q
                         net (fo=1, routed)           0.504    -0.632    u_Demodulation/u_HS_AD9481_IN/fifo_16to8_inst/U0/inst_fifo_gen/gconvfifo.rf/grf.rf/gntv_or_sync_fifo.gcx.clkx/rd_pntr_cdc_inst/async_path[3]
    SLICE_X37Y88         FDRE                                         r  u_Demodulation/u_HS_AD9481_IN/fifo_16to8_inst/U0/inst_fifo_gen/gconvfifo.rf/grf.rf/gntv_or_sync_fifo.gcx.clkx/rd_pntr_cdc_inst/dest_graysync_ff_reg[0][3]/D
  -------------------------------------------------------------------    -------------------

Slack:                    inf
  Source:                 u_Demodulation/u_HS_AD9481_IN/fifo_16to8_inst/U0/inst_fifo_gen/gconvfifo.rf/grf.rf/rstblk/ngwrdrst.grst.g7serrst.gnsckt_wrst.gic_rst.sckt_rd_rst_ic_reg/C
                            (rising edge-triggered cell FDPE clocked by clk_125M_clk_wiz_0  {rise@0.000ns fall@4.000ns period=8.000ns})
  Destination:            u_Demodulation/u_HS_AD9481_IN/fifo_16to8_inst/U0/inst_fifo_gen/gconvfifo.rf/grf.rf/rstblk/ngwrdrst.grst.g7serrst.gnsckt_wrst.gic_rst.xpm_cdc_single_inst_rrst_wr/syncstages_ff_reg[0]/D
  Path Group:             (none)
  Path Type:              Min at Slow Process Corner
  Data Path Delay:        0.925ns  (logic 0.367ns (39.665%)  route 0.558ns (60.335%))
  Logic Levels:           0  
  Clock Uncertainty:      0.246ns  ((TSJ^2 + DJ^2)^1/2) / 2 + PE
    Total System Jitter     (TSJ):    0.050ns
    Discrete Jitter          (DJ):    0.154ns
    Phase Error              (PE):    0.165ns
  Timing Exception:       False Path

    Location             Delay type                Incr(ns)  Path(ns)    Netlist Resource(s)
  -------------------------------------------------------------------    -------------------
                         (clock clk_125M_clk_wiz_0 rise edge)
                                                      0.000     0.000 r  
    W19                                               0.000     0.000 r  clk_50M (IN)
                         net (fo=0)                   0.000     0.000    clk_u0/inst/clk_in1
    W19                  IBUF (Prop_ibuf_I_O)         1.438     1.438 r  clk_u0/inst/clkin1_ibufg/O
                         net (fo=1, routed)           1.162     2.600    clk_u0/inst/clk_in1_clk_wiz_0
    MMCME2_ADV_X0Y2      MMCME2_ADV (Prop_mmcme2_adv_CLKIN1_CLKOUT0)
                                                     -7.729    -5.129 r  clk_u0/inst/mmcm_adv_inst/CLKOUT0
                         net (fo=1, routed)           1.760    -3.369    clk_u0/inst/clk_125M_clk_wiz_0
    BUFGCTRL_X0Y0        BUFG (Prop_bufg_I_O)         0.091    -3.278 r  clk_u0/inst/clkout1_buf/O
                         net (fo=9233, routed)        1.796    -1.482    u_Demodulation/u_HS_AD9481_IN/fifo_16to8_inst/U0/inst_fifo_gen/gconvfifo.rf/grf.rf/rstblk/rd_clk
    SLICE_X41Y86         FDPE                                         r  u_Demodulation/u_HS_AD9481_IN/fifo_16to8_inst/U0/inst_fifo_gen/gconvfifo.rf/grf.rf/rstblk/ngwrdrst.grst.g7serrst.gnsckt_wrst.gic_rst.sckt_rd_rst_ic_reg/C
  -------------------------------------------------------------------    -------------------
    SLICE_X41Y86         FDPE (Prop_fdpe_C_Q)         0.367    -1.115 r  u_Demodulation/u_HS_AD9481_IN/fifo_16to8_inst/U0/inst_fifo_gen/gconvfifo.rf/grf.rf/rstblk/ngwrdrst.grst.g7serrst.gnsckt_wrst.gic_rst.sckt_rd_rst_ic_reg/Q
                         net (fo=32, routed)          0.558    -0.557    u_Demodulation/u_HS_AD9481_IN/fifo_16to8_inst/U0/inst_fifo_gen/gconvfifo.rf/grf.rf/rstblk/ngwrdrst.grst.g7serrst.gnsckt_wrst.gic_rst.xpm_cdc_single_inst_rrst_wr/src_in
    SLICE_X39Y93         FDRE                                         r  u_Demodulation/u_HS_AD9481_IN/fifo_16to8_inst/U0/inst_fifo_gen/gconvfifo.rf/grf.rf/rstblk/ngwrdrst.grst.g7serrst.gnsckt_wrst.gic_rst.xpm_cdc_single_inst_rrst_wr/syncstages_ff_reg[0]/D
  -------------------------------------------------------------------    -------------------

Slack:                    inf
  Source:                 u_Demodulation/u_HS_AD9481_IN/fifo_16to8_inst/U0/inst_fifo_gen/gconvfifo.rf/grf.rf/gntv_or_sync_fifo.gcx.clkx/rd_pntr_cdc_inst/src_gray_ff_reg[2]/C
                            (rising edge-triggered cell FDRE clocked by clk_125M_clk_wiz_0  {rise@0.000ns fall@4.000ns period=8.000ns})
  Destination:            u_Demodulation/u_HS_AD9481_IN/fifo_16to8_inst/U0/inst_fifo_gen/gconvfifo.rf/grf.rf/gntv_or_sync_fifo.gcx.clkx/rd_pntr_cdc_inst/dest_graysync_ff_reg[0][2]/D
  Path Group:             (none)
  Path Type:              Min at Slow Process Corner
  Data Path Delay:        0.920ns  (logic 0.367ns (39.910%)  route 0.553ns (60.090%))
  Logic Levels:           0  
  Clock Uncertainty:      0.246ns  ((TSJ^2 + DJ^2)^1/2) / 2 + PE
    Total System Jitter     (TSJ):    0.050ns
    Discrete Jitter          (DJ):    0.154ns
    Phase Error              (PE):    0.165ns
  Timing Exception:       False Path

    Location             Delay type                Incr(ns)  Path(ns)    Netlist Resource(s)
  -------------------------------------------------------------------    -------------------
                         (clock clk_125M_clk_wiz_0 rise edge)
                                                      0.000     0.000 r  
    W19                                               0.000     0.000 r  clk_50M (IN)
                         net (fo=0)                   0.000     0.000    clk_u0/inst/clk_in1
    W19                  IBUF (Prop_ibuf_I_O)         1.438     1.438 r  clk_u0/inst/clkin1_ibufg/O
                         net (fo=1, routed)           1.162     2.600    clk_u0/inst/clk_in1_clk_wiz_0
    MMCME2_ADV_X0Y2      MMCME2_ADV (Prop_mmcme2_adv_CLKIN1_CLKOUT0)
                                                     -7.729    -5.129 r  clk_u0/inst/mmcm_adv_inst/CLKOUT0
                         net (fo=1, routed)           1.760    -3.369    clk_u0/inst/clk_125M_clk_wiz_0
    BUFGCTRL_X0Y0        BUFG (Prop_bufg_I_O)         0.091    -3.278 r  clk_u0/inst/clkout1_buf/O
                         net (fo=9233, routed)        1.805    -1.473    u_Demodulation/u_HS_AD9481_IN/fifo_16to8_inst/U0/inst_fifo_gen/gconvfifo.rf/grf.rf/gntv_or_sync_fifo.gcx.clkx/rd_pntr_cdc_inst/src_clk
    SLICE_X33Y88         FDRE                                         r  u_Demodulation/u_HS_AD9481_IN/fifo_16to8_inst/U0/inst_fifo_gen/gconvfifo.rf/grf.rf/gntv_or_sync_fifo.gcx.clkx/rd_pntr_cdc_inst/src_gray_ff_reg[2]/C
  -------------------------------------------------------------------    -------------------
    SLICE_X33Y88         FDRE (Prop_fdre_C_Q)         0.367    -1.106 r  u_Demodulation/u_HS_AD9481_IN/fifo_16to8_inst/U0/inst_fifo_gen/gconvfifo.rf/grf.rf/gntv_or_sync_fifo.gcx.clkx/rd_pntr_cdc_inst/src_gray_ff_reg[2]/Q
                         net (fo=1, routed)           0.553    -0.553    u_Demodulation/u_HS_AD9481_IN/fifo_16to8_inst/U0/inst_fifo_gen/gconvfifo.rf/grf.rf/gntv_or_sync_fifo.gcx.clkx/rd_pntr_cdc_inst/async_path[2]
    SLICE_X38Y88         FDRE                                         r  u_Demodulation/u_HS_AD9481_IN/fifo_16to8_inst/U0/inst_fifo_gen/gconvfifo.rf/grf.rf/gntv_or_sync_fifo.gcx.clkx/rd_pntr_cdc_inst/dest_graysync_ff_reg[0][2]/D
  -------------------------------------------------------------------    -------------------





--------------------------------------------------------------------------------------
Path Group:  (none)
From Clock:  
  To Clock:  clk_125M_clk_wiz_0

Max Delay            11 Endpoints
Min Delay            21 Endpoints
--------------------------------------------------------------------------------------


Max Delay Paths
--------------------------------------------------------------------------------------
Slack:                    inf
  Source:                 rst_n
                            (input port)
  Destination:            u_Demodulation/u_HS_AD9481_IN/fifo_16to8_inst/U0/inst_fifo_gen/gconvfifo.rf/grf.rf/rstblk/ngwrdrst.grst.g7serrst.gnsckt_wrst.gic_rst.rst_rd_reg2_inst/arststages_ff_reg[0]/PRE
                            (recovery check against rising-edge clock clk_125M_clk_wiz_0  {rise@0.000ns fall@4.000ns period=8.000ns})
  Path Group:             (none)
  Path Type:              Recovery (Max at Slow Process Corner)
  Data Path Delay:        8.685ns  (logic 1.629ns (18.755%)  route 7.056ns (81.245%))
  Logic Levels:           2  (IBUF=1 LUT1=1)
  Clock Path Skew:        -1.481ns (DCD - SCD + CPR)
    Destination Clock Delay (DCD):    -1.481ns
    Source Clock Delay      (SCD):    0.000ns
    Clock Pessimism Removal (CPR):    0.000ns
  Clock Uncertainty:      0.246ns  ((TSJ^2 + DJ^2)^1/2) / 2 + PE
    Total System Jitter     (TSJ):    0.050ns
    Discrete Jitter          (DJ):    0.154ns
    Phase Error              (PE):    0.165ns
  Timing Exception:       False Path

    Location             Delay type                Incr(ns)  Path(ns)    Netlist Resource(s)
  -------------------------------------------------------------------    -------------------
    Y6                                                0.000     0.000 r  rst_n (IN)
                         net (fo=0)                   0.000     0.000    rst_n
    Y6                   IBUF (Prop_ibuf_I_O)         1.505     1.505 r  rst_n_IBUF_inst/O
                         net (fo=15, routed)          6.050     7.554    u_Demodulation/u_GET_Freq_FFT/aresetn
    SLICE_X40Y91         LUT1 (Prop_lut1_I0_O)        0.124     7.678 f  u_Demodulation/u_GET_Freq_FFT/ADC_PDWN_OBUF_inst_i_1/O
                         net (fo=360, routed)         1.006     8.685    u_Demodulation/u_HS_AD9481_IN/fifo_16to8_inst/U0/inst_fifo_gen/gconvfifo.rf/grf.rf/rstblk/ngwrdrst.grst.g7serrst.gnsckt_wrst.gic_rst.rst_rd_reg2_inst/src_arst
    SLICE_X41Y87         FDPE                                         f  u_Demodulation/u_HS_AD9481_IN/fifo_16to8_inst/U0/inst_fifo_gen/gconvfifo.rf/grf.rf/rstblk/ngwrdrst.grst.g7serrst.gnsckt_wrst.gic_rst.rst_rd_reg2_inst/arststages_ff_reg[0]/PRE
  -------------------------------------------------------------------    -------------------

                         (clock clk_125M_clk_wiz_0 rise edge)
                                                      0.000     0.000 r  
    W19                                               0.000     0.000 r  clk_50M (IN)
                         net (fo=0)                   0.000     0.000    clk_u0/inst/clk_in1
    W19                  IBUF (Prop_ibuf_I_O)         1.438     1.438 r  clk_u0/inst/clkin1_ibufg/O
                         net (fo=1, routed)           1.162     2.600    clk_u0/inst/clk_in1_clk_wiz_0
    MMCME2_ADV_X0Y2      MMCME2_ADV (Prop_mmcme2_adv_CLKIN1_CLKOUT0)
                                                     -7.729    -5.129 r  clk_u0/inst/mmcm_adv_inst/CLKOUT0
                         net (fo=1, routed)           1.760    -3.369    clk_u0/inst/clk_125M_clk_wiz_0
    BUFGCTRL_X0Y0        BUFG (Prop_bufg_I_O)         0.091    -3.278 r  clk_u0/inst/clkout1_buf/O
                         net (fo=9233, routed)        1.797    -1.481    u_Demodulation/u_HS_AD9481_IN/fifo_16to8_inst/U0/inst_fifo_gen/gconvfifo.rf/grf.rf/rstblk/ngwrdrst.grst.g7serrst.gnsckt_wrst.gic_rst.rst_rd_reg2_inst/dest_clk
    SLICE_X41Y87         FDPE                                         r  u_Demodulation/u_HS_AD9481_IN/fifo_16to8_inst/U0/inst_fifo_gen/gconvfifo.rf/grf.rf/rstblk/ngwrdrst.grst.g7serrst.gnsckt_wrst.gic_rst.rst_rd_reg2_inst/arststages_ff_reg[0]/C

Slack:                    inf
  Source:                 rst_n
                            (input port)
  Destination:            u_Demodulation/u_HS_AD9481_IN/fifo_16to8_inst/U0/inst_fifo_gen/gconvfifo.rf/grf.rf/rstblk/ngwrdrst.grst.g7serrst.gnsckt_wrst.gic_rst.rst_rd_reg2_inst/arststages_ff_reg[1]/PRE
                            (recovery check against rising-edge clock clk_125M_clk_wiz_0  {rise@0.000ns fall@4.000ns period=8.000ns})
  Path Group:             (none)
  Path Type:              Recovery (Max at Slow Process Corner)
  Data Path Delay:        8.685ns  (logic 1.629ns (18.755%)  route 7.056ns (81.245%))
  Logic Levels:           2  (IBUF=1 LUT1=1)
  Clock Path Skew:        -1.481ns (DCD - SCD + CPR)
    Destination Clock Delay (DCD):    -1.481ns
    Source Clock Delay      (SCD):    0.000ns
    Clock Pessimism Removal (CPR):    0.000ns
  Clock Uncertainty:      0.246ns  ((TSJ^2 + DJ^2)^1/2) / 2 + PE
    Total System Jitter     (TSJ):    0.050ns
    Discrete Jitter          (DJ):    0.154ns
    Phase Error              (PE):    0.165ns
  Timing Exception:       False Path

    Location             Delay type                Incr(ns)  Path(ns)    Netlist Resource(s)
  -------------------------------------------------------------------    -------------------
    Y6                                                0.000     0.000 r  rst_n (IN)
                         net (fo=0)                   0.000     0.000    rst_n
    Y6                   IBUF (Prop_ibuf_I_O)         1.505     1.505 r  rst_n_IBUF_inst/O
                         net (fo=15, routed)          6.050     7.554    u_Demodulation/u_GET_Freq_FFT/aresetn
    SLICE_X40Y91         LUT1 (Prop_lut1_I0_O)        0.124     7.678 f  u_Demodulation/u_GET_Freq_FFT/ADC_PDWN_OBUF_inst_i_1/O
                         net (fo=360, routed)         1.006     8.685    u_Demodulation/u_HS_AD9481_IN/fifo_16to8_inst/U0/inst_fifo_gen/gconvfifo.rf/grf.rf/rstblk/ngwrdrst.grst.g7serrst.gnsckt_wrst.gic_rst.rst_rd_reg2_inst/src_arst
    SLICE_X41Y87         FDPE                                         f  u_Demodulation/u_HS_AD9481_IN/fifo_16to8_inst/U0/inst_fifo_gen/gconvfifo.rf/grf.rf/rstblk/ngwrdrst.grst.g7serrst.gnsckt_wrst.gic_rst.rst_rd_reg2_inst/arststages_ff_reg[1]/PRE
  -------------------------------------------------------------------    -------------------

                         (clock clk_125M_clk_wiz_0 rise edge)
                                                      0.000     0.000 r  
    W19                                               0.000     0.000 r  clk_50M (IN)
                         net (fo=0)                   0.000     0.000    clk_u0/inst/clk_in1
    W19                  IBUF (Prop_ibuf_I_O)         1.438     1.438 r  clk_u0/inst/clkin1_ibufg/O
                         net (fo=1, routed)           1.162     2.600    clk_u0/inst/clk_in1_clk_wiz_0
    MMCME2_ADV_X0Y2      MMCME2_ADV (Prop_mmcme2_adv_CLKIN1_CLKOUT0)
                                                     -7.729    -5.129 r  clk_u0/inst/mmcm_adv_inst/CLKOUT0
                         net (fo=1, routed)           1.760    -3.369    clk_u0/inst/clk_125M_clk_wiz_0
    BUFGCTRL_X0Y0        BUFG (Prop_bufg_I_O)         0.091    -3.278 r  clk_u0/inst/clkout1_buf/O
                         net (fo=9233, routed)        1.797    -1.481    u_Demodulation/u_HS_AD9481_IN/fifo_16to8_inst/U0/inst_fifo_gen/gconvfifo.rf/grf.rf/rstblk/ngwrdrst.grst.g7serrst.gnsckt_wrst.gic_rst.rst_rd_reg2_inst/dest_clk
    SLICE_X41Y87         FDPE                                         r  u_Demodulation/u_HS_AD9481_IN/fifo_16to8_inst/U0/inst_fifo_gen/gconvfifo.rf/grf.rf/rstblk/ngwrdrst.grst.g7serrst.gnsckt_wrst.gic_rst.rst_rd_reg2_inst/arststages_ff_reg[1]/C

Slack:                    inf
  Source:                 u_Demodulation/u_HS_AD9481_IN/fifo_16to8_inst/U0/inst_fifo_gen/gconvfifo.rf/grf.rf/gntv_or_sync_fifo.mem/gdm.dm_gen.dm/RAM_reg_448_511_3_5/RAMB/CLK
                            (rising edge-triggered cell RAMD64E)
  Destination:            u_Demodulation/u_HS_AD9481_IN/fifo_16to8_inst/U0/inst_fifo_gen/gconvfifo.rf/grf.rf/gntv_or_sync_fifo.mem/gdm.dm_gen.dm/gpr1.dout_i_reg[4]/D
                            (rising edge-triggered cell FDCE clocked by clk_125M_clk_wiz_0  {rise@0.000ns fall@4.000ns period=8.000ns})
  Path Group:             (none)
  Path Type:              Setup (Max at Slow Process Corner)
  Data Path Delay:        3.062ns  (logic 1.790ns (58.466%)  route 1.272ns (41.534%))
  Logic Levels:           4  (LUT6=1 MUXF7=1 MUXF8=1 RAMD64E=1)
  Clock Uncertainty:      0.246ns  ((TSJ^2 + DJ^2)^1/2) / 2 + PE
    Total System Jitter     (TSJ):    0.050ns
    Discrete Jitter          (DJ):    0.154ns
    Phase Error              (PE):    0.165ns
  Timing Exception:       False Path

    Location             Delay type                Incr(ns)  Path(ns)    Netlist Resource(s)
  -------------------------------------------------------------------    -------------------
    SLICE_X10Y85         RAMD64E                      0.000     0.000 r  u_Demodulation/u_HS_AD9481_IN/fifo_16to8_inst/U0/inst_fifo_gen/gconvfifo.rf/grf.rf/gntv_or_sync_fifo.mem/gdm.dm_gen.dm/RAM_reg_448_511_3_5/RAMB/CLK
    SLICE_X10Y85         RAMD64E (Prop_ramd64e_CLK_O)
                                                      1.317     1.317 r  u_Demodulation/u_HS_AD9481_IN/fifo_16to8_inst/U0/inst_fifo_gen/gconvfifo.rf/grf.rf/gntv_or_sync_fifo.mem/gdm.dm_gen.dm/RAM_reg_448_511_3_5/RAMB/O
                         net (fo=1, routed)           1.272     2.589    u_Demodulation/u_HS_AD9481_IN/fifo_16to8_inst/U0/inst_fifo_gen/gconvfifo.rf/grf.rf/gntv_or_sync_fifo.mem/gdm.dm_gen.dm/RAM_reg_448_511_3_5_n_1
    SLICE_X11Y89         LUT6 (Prop_lut6_I0_O)        0.124     2.713 r  u_Demodulation/u_HS_AD9481_IN/fifo_16to8_inst/U0/inst_fifo_gen/gconvfifo.rf/grf.rf/gntv_or_sync_fifo.mem/gdm.dm_gen.dm/gpr1.dout_i[4]_i_5/O
                         net (fo=1, routed)           0.000     2.713    u_Demodulation/u_HS_AD9481_IN/fifo_16to8_inst/U0/inst_fifo_gen/gconvfifo.rf/grf.rf/gntv_or_sync_fifo.mem/gdm.dm_gen.dm/gpr1.dout_i[4]_i_5_n_0
    SLICE_X11Y89         MUXF7 (Prop_muxf7_I1_O)      0.245     2.958 r  u_Demodulation/u_HS_AD9481_IN/fifo_16to8_inst/U0/inst_fifo_gen/gconvfifo.rf/grf.rf/gntv_or_sync_fifo.mem/gdm.dm_gen.dm/gpr1.dout_i_reg[4]_i_2/O
                         net (fo=1, routed)           0.000     2.958    u_Demodulation/u_HS_AD9481_IN/fifo_16to8_inst/U0/inst_fifo_gen/gconvfifo.rf/grf.rf/gntv_or_sync_fifo.mem/gdm.dm_gen.dm/gpr1.dout_i_reg[4]_i_2_n_0
    SLICE_X11Y89         MUXF8 (Prop_muxf8_I0_O)      0.104     3.062 r  u_Demodulation/u_HS_AD9481_IN/fifo_16to8_inst/U0/inst_fifo_gen/gconvfifo.rf/grf.rf/gntv_or_sync_fifo.mem/gdm.dm_gen.dm/gpr1.dout_i_reg[4]_i_1/O
                         net (fo=1, routed)           0.000     3.062    u_Demodulation/u_HS_AD9481_IN/fifo_16to8_inst/U0/inst_fifo_gen/gconvfifo.rf/grf.rf/gntv_or_sync_fifo.mem/gdm.dm_gen.dm/dout_i0[4]
    SLICE_X11Y89         FDCE                                         r  u_Demodulation/u_HS_AD9481_IN/fifo_16to8_inst/U0/inst_fifo_gen/gconvfifo.rf/grf.rf/gntv_or_sync_fifo.mem/gdm.dm_gen.dm/gpr1.dout_i_reg[4]/D
  -------------------------------------------------------------------    -------------------

                         (clock clk_125M_clk_wiz_0 rise edge)
                                                      0.000     0.000 r  
    W19                                               0.000     0.000 r  clk_50M (IN)
                         net (fo=0)                   0.000     0.000    clk_u0/inst/clk_in1
    W19                  IBUF (Prop_ibuf_I_O)         1.438     1.438 r  clk_u0/inst/clkin1_ibufg/O
                         net (fo=1, routed)           1.162     2.600    clk_u0/inst/clk_in1_clk_wiz_0
    MMCME2_ADV_X0Y2      MMCME2_ADV (Prop_mmcme2_adv_CLKIN1_CLKOUT0)
                                                     -7.729    -5.129 r  clk_u0/inst/mmcm_adv_inst/CLKOUT0
                         net (fo=1, routed)           1.760    -3.369    clk_u0/inst/clk_125M_clk_wiz_0
    BUFGCTRL_X0Y0        BUFG (Prop_bufg_I_O)         0.091    -3.278 r  clk_u0/inst/clkout1_buf/O
                         net (fo=9233, routed)        1.817    -1.461    u_Demodulation/u_HS_AD9481_IN/fifo_16to8_inst/U0/inst_fifo_gen/gconvfifo.rf/grf.rf/gntv_or_sync_fifo.mem/gdm.dm_gen.dm/rd_clk
    SLICE_X11Y89         FDCE                                         r  u_Demodulation/u_HS_AD9481_IN/fifo_16to8_inst/U0/inst_fifo_gen/gconvfifo.rf/grf.rf/gntv_or_sync_fifo.mem/gdm.dm_gen.dm/gpr1.dout_i_reg[4]/C

Slack:                    inf
  Source:                 u_Demodulation/u_HS_AD9481_IN/fifo_16to8_inst/U0/inst_fifo_gen/gconvfifo.rf/grf.rf/gntv_or_sync_fifo.mem/gdm.dm_gen.dm/RAM_reg_128_191_0_2/RAMB/CLK
                            (rising edge-triggered cell RAMD64E)
  Destination:            u_Demodulation/u_HS_AD9481_IN/fifo_16to8_inst/U0/inst_fifo_gen/gconvfifo.rf/grf.rf/gntv_or_sync_fifo.mem/gdm.dm_gen.dm/gpr1.dout_i_reg[1]/D
                            (rising edge-triggered cell FDCE clocked by clk_125M_clk_wiz_0  {rise@0.000ns fall@4.000ns period=8.000ns})
  Path Group:             (none)
  Path Type:              Setup (Max at Slow Process Corner)
  Data Path Delay:        3.048ns  (logic 1.783ns (58.500%)  route 1.265ns (41.500%))
  Logic Levels:           4  (LUT6=1 MUXF7=1 MUXF8=1 RAMD64E=1)
  Clock Uncertainty:      0.246ns  ((TSJ^2 + DJ^2)^1/2) / 2 + PE
    Total System Jitter     (TSJ):    0.050ns
    Discrete Jitter          (DJ):    0.154ns
    Phase Error              (PE):    0.165ns
  Timing Exception:       False Path

    Location             Delay type                Incr(ns)  Path(ns)    Netlist Resource(s)
  -------------------------------------------------------------------    -------------------
    SLICE_X12Y83         RAMD64E                      0.000     0.000 r  u_Demodulation/u_HS_AD9481_IN/fifo_16to8_inst/U0/inst_fifo_gen/gconvfifo.rf/grf.rf/gntv_or_sync_fifo.mem/gdm.dm_gen.dm/RAM_reg_128_191_0_2/RAMB/CLK
    SLICE_X12Y83         RAMD64E (Prop_ramd64e_CLK_O)
                                                      1.317     1.317 r  u_Demodulation/u_HS_AD9481_IN/fifo_16to8_inst/U0/inst_fifo_gen/gconvfifo.rf/grf.rf/gntv_or_sync_fifo.mem/gdm.dm_gen.dm/RAM_reg_128_191_0_2/RAMB/O
                         net (fo=1, routed)           1.265     2.582    u_Demodulation/u_HS_AD9481_IN/fifo_16to8_inst/U0/inst_fifo_gen/gconvfifo.rf/grf.rf/gntv_or_sync_fifo.mem/gdm.dm_gen.dm/RAM_reg_128_191_0_2_n_1
    SLICE_X11Y81         LUT6 (Prop_lut6_I1_O)        0.124     2.706 r  u_Demodulation/u_HS_AD9481_IN/fifo_16to8_inst/U0/inst_fifo_gen/gconvfifo.rf/grf.rf/gntv_or_sync_fifo.mem/gdm.dm_gen.dm/gpr1.dout_i[1]_i_4/O
                         net (fo=1, routed)           0.000     2.706    u_Demodulation/u_HS_AD9481_IN/fifo_16to8_inst/U0/inst_fifo_gen/gconvfifo.rf/grf.rf/gntv_or_sync_fifo.mem/gdm.dm_gen.dm/gpr1.dout_i[1]_i_4_n_0
    SLICE_X11Y81         MUXF7 (Prop_muxf7_I0_O)      0.238     2.944 r  u_Demodulation/u_HS_AD9481_IN/fifo_16to8_inst/U0/inst_fifo_gen/gconvfifo.rf/grf.rf/gntv_or_sync_fifo.mem/gdm.dm_gen.dm/gpr1.dout_i_reg[1]_i_2/O
                         net (fo=1, routed)           0.000     2.944    u_Demodulation/u_HS_AD9481_IN/fifo_16to8_inst/U0/inst_fifo_gen/gconvfifo.rf/grf.rf/gntv_or_sync_fifo.mem/gdm.dm_gen.dm/gpr1.dout_i_reg[1]_i_2_n_0
    SLICE_X11Y81         MUXF8 (Prop_muxf8_I0_O)      0.104     3.048 r  u_Demodulation/u_HS_AD9481_IN/fifo_16to8_inst/U0/inst_fifo_gen/gconvfifo.rf/grf.rf/gntv_or_sync_fifo.mem/gdm.dm_gen.dm/gpr1.dout_i_reg[1]_i_1/O
                         net (fo=1, routed)           0.000     3.048    u_Demodulation/u_HS_AD9481_IN/fifo_16to8_inst/U0/inst_fifo_gen/gconvfifo.rf/grf.rf/gntv_or_sync_fifo.mem/gdm.dm_gen.dm/dout_i0[1]
    SLICE_X11Y81         FDCE                                         r  u_Demodulation/u_HS_AD9481_IN/fifo_16to8_inst/U0/inst_fifo_gen/gconvfifo.rf/grf.rf/gntv_or_sync_fifo.mem/gdm.dm_gen.dm/gpr1.dout_i_reg[1]/D
  -------------------------------------------------------------------    -------------------

                         (clock clk_125M_clk_wiz_0 rise edge)
                                                      0.000     0.000 r  
    W19                                               0.000     0.000 r  clk_50M (IN)
                         net (fo=0)                   0.000     0.000    clk_u0/inst/clk_in1
    W19                  IBUF (Prop_ibuf_I_O)         1.438     1.438 r  clk_u0/inst/clkin1_ibufg/O
                         net (fo=1, routed)           1.162     2.600    clk_u0/inst/clk_in1_clk_wiz_0
    MMCME2_ADV_X0Y2      MMCME2_ADV (Prop_mmcme2_adv_CLKIN1_CLKOUT0)
                                                     -7.729    -5.129 r  clk_u0/inst/mmcm_adv_inst/CLKOUT0
                         net (fo=1, routed)           1.760    -3.369    clk_u0/inst/clk_125M_clk_wiz_0
    BUFGCTRL_X0Y0        BUFG (Prop_bufg_I_O)         0.091    -3.278 r  clk_u0/inst/clkout1_buf/O
                         net (fo=9233, routed)        1.809    -1.469    u_Demodulation/u_HS_AD9481_IN/fifo_16to8_inst/U0/inst_fifo_gen/gconvfifo.rf/grf.rf/gntv_or_sync_fifo.mem/gdm.dm_gen.dm/rd_clk
    SLICE_X11Y81         FDCE                                         r  u_Demodulation/u_HS_AD9481_IN/fifo_16to8_inst/U0/inst_fifo_gen/gconvfifo.rf/grf.rf/gntv_or_sync_fifo.mem/gdm.dm_gen.dm/gpr1.dout_i_reg[1]/C

Slack:                    inf
  Source:                 u_Demodulation/u_HS_AD9481_IN/fifo_16to8_inst/U0/inst_fifo_gen/gconvfifo.rf/grf.rf/gntv_or_sync_fifo.mem/gdm.dm_gen.dm/RAM_reg_448_511_6_8/RAMB/CLK
                            (rising edge-triggered cell RAMD64E)
  Destination:            u_Demodulation/u_HS_AD9481_IN/fifo_16to8_inst/U0/inst_fifo_gen/gconvfifo.rf/grf.rf/gntv_or_sync_fifo.mem/gdm.dm_gen.dm/gpr1.dout_i_reg[7]/D
                            (rising edge-triggered cell FDCE clocked by clk_125M_clk_wiz_0  {rise@0.000ns fall@4.000ns period=8.000ns})
  Path Group:             (none)
  Path Type:              Setup (Max at Slow Process Corner)
  Data Path Delay:        2.975ns  (logic 1.790ns (60.172%)  route 1.185ns (39.828%))
  Logic Levels:           4  (LUT6=1 MUXF7=1 MUXF8=1 RAMD64E=1)
  Clock Uncertainty:      0.246ns  ((TSJ^2 + DJ^2)^1/2) / 2 + PE
    Total System Jitter     (TSJ):    0.050ns
    Discrete Jitter          (DJ):    0.154ns
    Phase Error              (PE):    0.165ns
  Timing Exception:       False Path

    Location             Delay type                Incr(ns)  Path(ns)    Netlist Resource(s)
  -------------------------------------------------------------------    -------------------
    SLICE_X18Y82         RAMD64E                      0.000     0.000 r  u_Demodulation/u_HS_AD9481_IN/fifo_16to8_inst/U0/inst_fifo_gen/gconvfifo.rf/grf.rf/gntv_or_sync_fifo.mem/gdm.dm_gen.dm/RAM_reg_448_511_6_8/RAMB/CLK
    SLICE_X18Y82         RAMD64E (Prop_ramd64e_CLK_O)
                                                      1.317     1.317 r  u_Demodulation/u_HS_AD9481_IN/fifo_16to8_inst/U0/inst_fifo_gen/gconvfifo.rf/grf.rf/gntv_or_sync_fifo.mem/gdm.dm_gen.dm/RAM_reg_448_511_6_8/RAMB/O
                         net (fo=1, routed)           1.185     2.502    u_Demodulation/u_HS_AD9481_IN/fifo_16to8_inst/U0/inst_fifo_gen/gconvfifo.rf/grf.rf/gntv_or_sync_fifo.mem/gdm.dm_gen.dm/RAM_reg_448_511_6_8_n_1
    SLICE_X19Y84         LUT6 (Prop_lut6_I0_O)        0.124     2.626 r  u_Demodulation/u_HS_AD9481_IN/fifo_16to8_inst/U0/inst_fifo_gen/gconvfifo.rf/grf.rf/gntv_or_sync_fifo.mem/gdm.dm_gen.dm/gpr1.dout_i[7]_i_5/O
                         net (fo=1, routed)           0.000     2.626    u_Demodulation/u_HS_AD9481_IN/fifo_16to8_inst/U0/inst_fifo_gen/gconvfifo.rf/grf.rf/gntv_or_sync_fifo.mem/gdm.dm_gen.dm/gpr1.dout_i[7]_i_5_n_0
    SLICE_X19Y84         MUXF7 (Prop_muxf7_I1_O)      0.245     2.871 r  u_Demodulation/u_HS_AD9481_IN/fifo_16to8_inst/U0/inst_fifo_gen/gconvfifo.rf/grf.rf/gntv_or_sync_fifo.mem/gdm.dm_gen.dm/gpr1.dout_i_reg[7]_i_2/O
                         net (fo=1, routed)           0.000     2.871    u_Demodulation/u_HS_AD9481_IN/fifo_16to8_inst/U0/inst_fifo_gen/gconvfifo.rf/grf.rf/gntv_or_sync_fifo.mem/gdm.dm_gen.dm/gpr1.dout_i_reg[7]_i_2_n_0
    SLICE_X19Y84         MUXF8 (Prop_muxf8_I0_O)      0.104     2.975 r  u_Demodulation/u_HS_AD9481_IN/fifo_16to8_inst/U0/inst_fifo_gen/gconvfifo.rf/grf.rf/gntv_or_sync_fifo.mem/gdm.dm_gen.dm/gpr1.dout_i_reg[7]_i_1/O
                         net (fo=1, routed)           0.000     2.975    u_Demodulation/u_HS_AD9481_IN/fifo_16to8_inst/U0/inst_fifo_gen/gconvfifo.rf/grf.rf/gntv_or_sync_fifo.mem/gdm.dm_gen.dm/dout_i0[7]
    SLICE_X19Y84         FDCE                                         r  u_Demodulation/u_HS_AD9481_IN/fifo_16to8_inst/U0/inst_fifo_gen/gconvfifo.rf/grf.rf/gntv_or_sync_fifo.mem/gdm.dm_gen.dm/gpr1.dout_i_reg[7]/D
  -------------------------------------------------------------------    -------------------

                         (clock clk_125M_clk_wiz_0 rise edge)
                                                      0.000     0.000 r  
    W19                                               0.000     0.000 r  clk_50M (IN)
                         net (fo=0)                   0.000     0.000    clk_u0/inst/clk_in1
    W19                  IBUF (Prop_ibuf_I_O)         1.438     1.438 r  clk_u0/inst/clkin1_ibufg/O
                         net (fo=1, routed)           1.162     2.600    clk_u0/inst/clk_in1_clk_wiz_0
    MMCME2_ADV_X0Y2      MMCME2_ADV (Prop_mmcme2_adv_CLKIN1_CLKOUT0)
                                                     -7.729    -5.129 r  clk_u0/inst/mmcm_adv_inst/CLKOUT0
                         net (fo=1, routed)           1.760    -3.369    clk_u0/inst/clk_125M_clk_wiz_0
    BUFGCTRL_X0Y0        BUFG (Prop_bufg_I_O)         0.091    -3.278 r  clk_u0/inst/clkout1_buf/O
                         net (fo=9233, routed)        1.812    -1.466    u_Demodulation/u_HS_AD9481_IN/fifo_16to8_inst/U0/inst_fifo_gen/gconvfifo.rf/grf.rf/gntv_or_sync_fifo.mem/gdm.dm_gen.dm/rd_clk
    SLICE_X19Y84         FDCE                                         r  u_Demodulation/u_HS_AD9481_IN/fifo_16to8_inst/U0/inst_fifo_gen/gconvfifo.rf/grf.rf/gntv_or_sync_fifo.mem/gdm.dm_gen.dm/gpr1.dout_i_reg[7]/C

Slack:                    inf
  Source:                 u_Demodulation/u_HS_AD9481_IN/fifo_16to8_inst/U0/inst_fifo_gen/gconvfifo.rf/grf.rf/gntv_or_sync_fifo.mem/gdm.dm_gen.dm/RAM_reg_448_511_6_8/RAMA/CLK
                            (rising edge-triggered cell RAMD64E)
  Destination:            u_Demodulation/u_HS_AD9481_IN/fifo_16to8_inst/U0/inst_fifo_gen/gconvfifo.rf/grf.rf/gntv_or_sync_fifo.mem/gdm.dm_gen.dm/gpr1.dout_i_reg[6]/D
                            (rising edge-triggered cell FDCE clocked by clk_125M_clk_wiz_0  {rise@0.000ns fall@4.000ns period=8.000ns})
  Path Group:             (none)
  Path Type:              Setup (Max at Slow Process Corner)
  Data Path Delay:        2.945ns  (logic 1.782ns (60.515%)  route 1.163ns (39.485%))
  Logic Levels:           4  (LUT6=1 MUXF7=1 MUXF8=1 RAMD64E=1)
  Clock Uncertainty:      0.246ns  ((TSJ^2 + DJ^2)^1/2) / 2 + PE
    Total System Jitter     (TSJ):    0.050ns
    Discrete Jitter          (DJ):    0.154ns
    Phase Error              (PE):    0.165ns
  Timing Exception:       False Path

    Location             Delay type                Incr(ns)  Path(ns)    Netlist Resource(s)
  -------------------------------------------------------------------    -------------------
    SLICE_X18Y82         RAMD64E                      0.000     0.000 r  u_Demodulation/u_HS_AD9481_IN/fifo_16to8_inst/U0/inst_fifo_gen/gconvfifo.rf/grf.rf/gntv_or_sync_fifo.mem/gdm.dm_gen.dm/RAM_reg_448_511_6_8/RAMA/CLK
    SLICE_X18Y82         RAMD64E (Prop_ramd64e_CLK_O)
                                                      1.309     1.309 r  u_Demodulation/u_HS_AD9481_IN/fifo_16to8_inst/U0/inst_fifo_gen/gconvfifo.rf/grf.rf/gntv_or_sync_fifo.mem/gdm.dm_gen.dm/RAM_reg_448_511_6_8/RAMA/O
                         net (fo=1, routed)           1.163     2.472    u_Demodulation/u_HS_AD9481_IN/fifo_16to8_inst/U0/inst_fifo_gen/gconvfifo.rf/grf.rf/gntv_or_sync_fifo.mem/gdm.dm_gen.dm/RAM_reg_448_511_6_8_n_0
    SLICE_X17Y84         LUT6 (Prop_lut6_I0_O)        0.124     2.596 r  u_Demodulation/u_HS_AD9481_IN/fifo_16to8_inst/U0/inst_fifo_gen/gconvfifo.rf/grf.rf/gntv_or_sync_fifo.mem/gdm.dm_gen.dm/gpr1.dout_i[6]_i_5/O
                         net (fo=1, routed)           0.000     2.596    u_Demodulation/u_HS_AD9481_IN/fifo_16to8_inst/U0/inst_fifo_gen/gconvfifo.rf/grf.rf/gntv_or_sync_fifo.mem/gdm.dm_gen.dm/gpr1.dout_i[6]_i_5_n_0
    SLICE_X17Y84         MUXF7 (Prop_muxf7_I1_O)      0.245     2.841 r  u_Demodulation/u_HS_AD9481_IN/fifo_16to8_inst/U0/inst_fifo_gen/gconvfifo.rf/grf.rf/gntv_or_sync_fifo.mem/gdm.dm_gen.dm/gpr1.dout_i_reg[6]_i_2/O
                         net (fo=1, routed)           0.000     2.841    u_Demodulation/u_HS_AD9481_IN/fifo_16to8_inst/U0/inst_fifo_gen/gconvfifo.rf/grf.rf/gntv_or_sync_fifo.mem/gdm.dm_gen.dm/gpr1.dout_i_reg[6]_i_2_n_0
    SLICE_X17Y84         MUXF8 (Prop_muxf8_I0_O)      0.104     2.945 r  u_Demodulation/u_HS_AD9481_IN/fifo_16to8_inst/U0/inst_fifo_gen/gconvfifo.rf/grf.rf/gntv_or_sync_fifo.mem/gdm.dm_gen.dm/gpr1.dout_i_reg[6]_i_1/O
                         net (fo=1, routed)           0.000     2.945    u_Demodulation/u_HS_AD9481_IN/fifo_16to8_inst/U0/inst_fifo_gen/gconvfifo.rf/grf.rf/gntv_or_sync_fifo.mem/gdm.dm_gen.dm/dout_i0[6]
    SLICE_X17Y84         FDCE                                         r  u_Demodulation/u_HS_AD9481_IN/fifo_16to8_inst/U0/inst_fifo_gen/gconvfifo.rf/grf.rf/gntv_or_sync_fifo.mem/gdm.dm_gen.dm/gpr1.dout_i_reg[6]/D
  -------------------------------------------------------------------    -------------------

                         (clock clk_125M_clk_wiz_0 rise edge)
                                                      0.000     0.000 r  
    W19                                               0.000     0.000 r  clk_50M (IN)
                         net (fo=0)                   0.000     0.000    clk_u0/inst/clk_in1
    W19                  IBUF (Prop_ibuf_I_O)         1.438     1.438 r  clk_u0/inst/clkin1_ibufg/O
                         net (fo=1, routed)           1.162     2.600    clk_u0/inst/clk_in1_clk_wiz_0
    MMCME2_ADV_X0Y2      MMCME2_ADV (Prop_mmcme2_adv_CLKIN1_CLKOUT0)
                                                     -7.729    -5.129 r  clk_u0/inst/mmcm_adv_inst/CLKOUT0
                         net (fo=1, routed)           1.760    -3.369    clk_u0/inst/clk_125M_clk_wiz_0
    BUFGCTRL_X0Y0        BUFG (Prop_bufg_I_O)         0.091    -3.278 r  clk_u0/inst/clkout1_buf/O
                         net (fo=9233, routed)        1.812    -1.466    u_Demodulation/u_HS_AD9481_IN/fifo_16to8_inst/U0/inst_fifo_gen/gconvfifo.rf/grf.rf/gntv_or_sync_fifo.mem/gdm.dm_gen.dm/rd_clk
    SLICE_X17Y84         FDCE                                         r  u_Demodulation/u_HS_AD9481_IN/fifo_16to8_inst/U0/inst_fifo_gen/gconvfifo.rf/grf.rf/gntv_or_sync_fifo.mem/gdm.dm_gen.dm/gpr1.dout_i_reg[6]/C

Slack:                    inf
  Source:                 u_Demodulation/u_HS_AD9481_IN/fifo_16to8_inst/U0/inst_fifo_gen/gconvfifo.rf/grf.rf/gntv_or_sync_fifo.mem/gdm.dm_gen.dm/RAM_reg_896_959_3_5/RAMC/CLK
                            (rising edge-triggered cell RAMD64E)
  Destination:            u_Demodulation/u_HS_AD9481_IN/fifo_16to8_inst/U0/inst_fifo_gen/gconvfifo.rf/grf.rf/gntv_or_sync_fifo.mem/gdm.dm_gen.dm/gpr1.dout_i_reg[5]/D
                            (rising edge-triggered cell FDCE clocked by clk_125M_clk_wiz_0  {rise@0.000ns fall@4.000ns period=8.000ns})
  Path Group:             (none)
  Path Type:              Setup (Max at Slow Process Corner)
  Data Path Delay:        2.938ns  (logic 1.749ns (59.527%)  route 1.189ns (40.473%))
  Logic Levels:           4  (LUT6=1 MUXF7=1 MUXF8=1 RAMD64E=1)
  Clock Uncertainty:      0.246ns  ((TSJ^2 + DJ^2)^1/2) / 2 + PE
    Total System Jitter     (TSJ):    0.050ns
    Discrete Jitter          (DJ):    0.154ns
    Phase Error              (PE):    0.165ns
  Timing Exception:       False Path

    Location             Delay type                Incr(ns)  Path(ns)    Netlist Resource(s)
  -------------------------------------------------------------------    -------------------
    SLICE_X6Y88          RAMD64E                      0.000     0.000 r  u_Demodulation/u_HS_AD9481_IN/fifo_16to8_inst/U0/inst_fifo_gen/gconvfifo.rf/grf.rf/gntv_or_sync_fifo.mem/gdm.dm_gen.dm/RAM_reg_896_959_3_5/RAMC/CLK
    SLICE_X6Y88          RAMD64E (Prop_ramd64e_CLK_O)
                                                      1.314     1.314 r  u_Demodulation/u_HS_AD9481_IN/fifo_16to8_inst/U0/inst_fifo_gen/gconvfifo.rf/grf.rf/gntv_or_sync_fifo.mem/gdm.dm_gen.dm/RAM_reg_896_959_3_5/RAMC/O
                         net (fo=1, routed)           1.189     2.503    u_Demodulation/u_HS_AD9481_IN/fifo_16to8_inst/U0/inst_fifo_gen/gconvfifo.rf/grf.rf/gntv_or_sync_fifo.mem/gdm.dm_gen.dm/RAM_reg_896_959_3_5_n_2
    SLICE_X11Y90         LUT6 (Prop_lut6_I1_O)        0.124     2.627 r  u_Demodulation/u_HS_AD9481_IN/fifo_16to8_inst/U0/inst_fifo_gen/gconvfifo.rf/grf.rf/gntv_or_sync_fifo.mem/gdm.dm_gen.dm/gpr1.dout_i[5]_i_7/O
                         net (fo=1, routed)           0.000     2.627    u_Demodulation/u_HS_AD9481_IN/fifo_16to8_inst/U0/inst_fifo_gen/gconvfifo.rf/grf.rf/gntv_or_sync_fifo.mem/gdm.dm_gen.dm/gpr1.dout_i[5]_i_7_n_0
    SLICE_X11Y90         MUXF7 (Prop_muxf7_I1_O)      0.217     2.844 r  u_Demodulation/u_HS_AD9481_IN/fifo_16to8_inst/U0/inst_fifo_gen/gconvfifo.rf/grf.rf/gntv_or_sync_fifo.mem/gdm.dm_gen.dm/gpr1.dout_i_reg[5]_i_3/O
                         net (fo=1, routed)           0.000     2.844    u_Demodulation/u_HS_AD9481_IN/fifo_16to8_inst/U0/inst_fifo_gen/gconvfifo.rf/grf.rf/gntv_or_sync_fifo.mem/gdm.dm_gen.dm/gpr1.dout_i_reg[5]_i_3_n_0
    SLICE_X11Y90         MUXF8 (Prop_muxf8_I1_O)      0.094     2.938 r  u_Demodulation/u_HS_AD9481_IN/fifo_16to8_inst/U0/inst_fifo_gen/gconvfifo.rf/grf.rf/gntv_or_sync_fifo.mem/gdm.dm_gen.dm/gpr1.dout_i_reg[5]_i_1/O
                         net (fo=1, routed)           0.000     2.938    u_Demodulation/u_HS_AD9481_IN/fifo_16to8_inst/U0/inst_fifo_gen/gconvfifo.rf/grf.rf/gntv_or_sync_fifo.mem/gdm.dm_gen.dm/dout_i0[5]
    SLICE_X11Y90         FDCE                                         r  u_Demodulation/u_HS_AD9481_IN/fifo_16to8_inst/U0/inst_fifo_gen/gconvfifo.rf/grf.rf/gntv_or_sync_fifo.mem/gdm.dm_gen.dm/gpr1.dout_i_reg[5]/D
  -------------------------------------------------------------------    -------------------

                         (clock clk_125M_clk_wiz_0 rise edge)
                                                      0.000     0.000 r  
    W19                                               0.000     0.000 r  clk_50M (IN)
                         net (fo=0)                   0.000     0.000    clk_u0/inst/clk_in1
    W19                  IBUF (Prop_ibuf_I_O)         1.438     1.438 r  clk_u0/inst/clkin1_ibufg/O
                         net (fo=1, routed)           1.162     2.600    clk_u0/inst/clk_in1_clk_wiz_0
    MMCME2_ADV_X0Y2      MMCME2_ADV (Prop_mmcme2_adv_CLKIN1_CLKOUT0)
                                                     -7.729    -5.129 r  clk_u0/inst/mmcm_adv_inst/CLKOUT0
                         net (fo=1, routed)           1.760    -3.369    clk_u0/inst/clk_125M_clk_wiz_0
    BUFGCTRL_X0Y0        BUFG (Prop_bufg_I_O)         0.091    -3.278 r  clk_u0/inst/clkout1_buf/O
                         net (fo=9233, routed)        1.817    -1.461    u_Demodulation/u_HS_AD9481_IN/fifo_16to8_inst/U0/inst_fifo_gen/gconvfifo.rf/grf.rf/gntv_or_sync_fifo.mem/gdm.dm_gen.dm/rd_clk
    SLICE_X11Y90         FDCE                                         r  u_Demodulation/u_HS_AD9481_IN/fifo_16to8_inst/U0/inst_fifo_gen/gconvfifo.rf/grf.rf/gntv_or_sync_fifo.mem/gdm.dm_gen.dm/gpr1.dout_i_reg[5]/C

Slack:                    inf
  Source:                 u_Demodulation/u_HS_AD9481_IN/fifo_16to8_inst/U0/inst_fifo_gen/gconvfifo.rf/grf.rf/gntv_or_sync_fifo.mem/gdm.dm_gen.dm/RAM_reg_64_127_0_2/RAMC/CLK
                            (rising edge-triggered cell RAMD64E)
  Destination:            u_Demodulation/u_HS_AD9481_IN/fifo_16to8_inst/U0/inst_fifo_gen/gconvfifo.rf/grf.rf/gntv_or_sync_fifo.mem/gdm.dm_gen.dm/gpr1.dout_i_reg[2]/D
                            (rising edge-triggered cell FDCE clocked by clk_125M_clk_wiz_0  {rise@0.000ns fall@4.000ns period=8.000ns})
  Path Group:             (none)
  Path Type:              Setup (Max at Slow Process Corner)
  Data Path Delay:        2.899ns  (logic 1.780ns (61.409%)  route 1.119ns (38.591%))
  Logic Levels:           4  (LUT6=1 MUXF7=1 MUXF8=1 RAMD64E=1)
  Clock Uncertainty:      0.246ns  ((TSJ^2 + DJ^2)^1/2) / 2 + PE
    Total System Jitter     (TSJ):    0.050ns
    Discrete Jitter          (DJ):    0.154ns
    Phase Error              (PE):    0.165ns
  Timing Exception:       False Path

    Location             Delay type                Incr(ns)  Path(ns)    Netlist Resource(s)
  -------------------------------------------------------------------    -------------------
    SLICE_X14Y81         RAMD64E                      0.000     0.000 r  u_Demodulation/u_HS_AD9481_IN/fifo_16to8_inst/U0/inst_fifo_gen/gconvfifo.rf/grf.rf/gntv_or_sync_fifo.mem/gdm.dm_gen.dm/RAM_reg_64_127_0_2/RAMC/CLK
    SLICE_X14Y81         RAMD64E (Prop_ramd64e_CLK_O)
                                                      1.314     1.314 r  u_Demodulation/u_HS_AD9481_IN/fifo_16to8_inst/U0/inst_fifo_gen/gconvfifo.rf/grf.rf/gntv_or_sync_fifo.mem/gdm.dm_gen.dm/RAM_reg_64_127_0_2/RAMC/O
                         net (fo=1, routed)           1.119     2.433    u_Demodulation/u_HS_AD9481_IN/fifo_16to8_inst/U0/inst_fifo_gen/gconvfifo.rf/grf.rf/gntv_or_sync_fifo.mem/gdm.dm_gen.dm/RAM_reg_64_127_0_2_n_2
    SLICE_X9Y82          LUT6 (Prop_lut6_I3_O)        0.124     2.557 r  u_Demodulation/u_HS_AD9481_IN/fifo_16to8_inst/U0/inst_fifo_gen/gconvfifo.rf/grf.rf/gntv_or_sync_fifo.mem/gdm.dm_gen.dm/gpr1.dout_i[2]_i_4/O
                         net (fo=1, routed)           0.000     2.557    u_Demodulation/u_HS_AD9481_IN/fifo_16to8_inst/U0/inst_fifo_gen/gconvfifo.rf/grf.rf/gntv_or_sync_fifo.mem/gdm.dm_gen.dm/gpr1.dout_i[2]_i_4_n_0
    SLICE_X9Y82          MUXF7 (Prop_muxf7_I0_O)      0.238     2.795 r  u_Demodulation/u_HS_AD9481_IN/fifo_16to8_inst/U0/inst_fifo_gen/gconvfifo.rf/grf.rf/gntv_or_sync_fifo.mem/gdm.dm_gen.dm/gpr1.dout_i_reg[2]_i_2/O
                         net (fo=1, routed)           0.000     2.795    u_Demodulation/u_HS_AD9481_IN/fifo_16to8_inst/U0/inst_fifo_gen/gconvfifo.rf/grf.rf/gntv_or_sync_fifo.mem/gdm.dm_gen.dm/gpr1.dout_i_reg[2]_i_2_n_0
    SLICE_X9Y82          MUXF8 (Prop_muxf8_I0_O)      0.104     2.899 r  u_Demodulation/u_HS_AD9481_IN/fifo_16to8_inst/U0/inst_fifo_gen/gconvfifo.rf/grf.rf/gntv_or_sync_fifo.mem/gdm.dm_gen.dm/gpr1.dout_i_reg[2]_i_1/O
                         net (fo=1, routed)           0.000     2.899    u_Demodulation/u_HS_AD9481_IN/fifo_16to8_inst/U0/inst_fifo_gen/gconvfifo.rf/grf.rf/gntv_or_sync_fifo.mem/gdm.dm_gen.dm/dout_i0[2]
    SLICE_X9Y82          FDCE                                         r  u_Demodulation/u_HS_AD9481_IN/fifo_16to8_inst/U0/inst_fifo_gen/gconvfifo.rf/grf.rf/gntv_or_sync_fifo.mem/gdm.dm_gen.dm/gpr1.dout_i_reg[2]/D
  -------------------------------------------------------------------    -------------------

                         (clock clk_125M_clk_wiz_0 rise edge)
                                                      0.000     0.000 r  
    W19                                               0.000     0.000 r  clk_50M (IN)
                         net (fo=0)                   0.000     0.000    clk_u0/inst/clk_in1
    W19                  IBUF (Prop_ibuf_I_O)         1.438     1.438 r  clk_u0/inst/clkin1_ibufg/O
                         net (fo=1, routed)           1.162     2.600    clk_u0/inst/clk_in1_clk_wiz_0
    MMCME2_ADV_X0Y2      MMCME2_ADV (Prop_mmcme2_adv_CLKIN1_CLKOUT0)
                                                     -7.729    -5.129 r  clk_u0/inst/mmcm_adv_inst/CLKOUT0
                         net (fo=1, routed)           1.760    -3.369    clk_u0/inst/clk_125M_clk_wiz_0
    BUFGCTRL_X0Y0        BUFG (Prop_bufg_I_O)         0.091    -3.278 r  clk_u0/inst/clkout1_buf/O
                         net (fo=9233, routed)        1.810    -1.468    u_Demodulation/u_HS_AD9481_IN/fifo_16to8_inst/U0/inst_fifo_gen/gconvfifo.rf/grf.rf/gntv_or_sync_fifo.mem/gdm.dm_gen.dm/rd_clk
    SLICE_X9Y82          FDCE                                         r  u_Demodulation/u_HS_AD9481_IN/fifo_16to8_inst/U0/inst_fifo_gen/gconvfifo.rf/grf.rf/gntv_or_sync_fifo.mem/gdm.dm_gen.dm/gpr1.dout_i_reg[2]/C

Slack:                    inf
  Source:                 u_Demodulation/u_HS_AD9481_IN/fifo_16to8_inst/U0/inst_fifo_gen/gconvfifo.rf/grf.rf/gntv_or_sync_fifo.mem/gdm.dm_gen.dm/RAM_reg_64_127_3_5/RAMA/CLK
                            (rising edge-triggered cell RAMD64E)
  Destination:            u_Demodulation/u_HS_AD9481_IN/fifo_16to8_inst/U0/inst_fifo_gen/gconvfifo.rf/grf.rf/gntv_or_sync_fifo.mem/gdm.dm_gen.dm/gpr1.dout_i_reg[3]/D
                            (rising edge-triggered cell FDCE clocked by clk_125M_clk_wiz_0  {rise@0.000ns fall@4.000ns period=8.000ns})
  Path Group:             (none)
  Path Type:              Setup (Max at Slow Process Corner)
  Data Path Delay:        2.769ns  (logic 1.775ns (64.112%)  route 0.994ns (35.888%))
  Logic Levels:           4  (LUT6=1 MUXF7=1 MUXF8=1 RAMD64E=1)
  Clock Uncertainty:      0.246ns  ((TSJ^2 + DJ^2)^1/2) / 2 + PE
    Total System Jitter     (TSJ):    0.050ns
    Discrete Jitter          (DJ):    0.154ns
    Phase Error              (PE):    0.165ns
  Timing Exception:       False Path

    Location             Delay type                Incr(ns)  Path(ns)    Netlist Resource(s)
  -------------------------------------------------------------------    -------------------
    SLICE_X14Y89         RAMD64E                      0.000     0.000 r  u_Demodulation/u_HS_AD9481_IN/fifo_16to8_inst/U0/inst_fifo_gen/gconvfifo.rf/grf.rf/gntv_or_sync_fifo.mem/gdm.dm_gen.dm/RAM_reg_64_127_3_5/RAMA/CLK
    SLICE_X14Y89         RAMD64E (Prop_ramd64e_CLK_O)
                                                      1.309     1.309 r  u_Demodulation/u_HS_AD9481_IN/fifo_16to8_inst/U0/inst_fifo_gen/gconvfifo.rf/grf.rf/gntv_or_sync_fifo.mem/gdm.dm_gen.dm/RAM_reg_64_127_3_5/RAMA/O
                         net (fo=1, routed)           0.994     2.303    u_Demodulation/u_HS_AD9481_IN/fifo_16to8_inst/U0/inst_fifo_gen/gconvfifo.rf/grf.rf/gntv_or_sync_fifo.mem/gdm.dm_gen.dm/RAM_reg_64_127_3_5_n_0
    SLICE_X9Y89          LUT6 (Prop_lut6_I3_O)        0.124     2.427 r  u_Demodulation/u_HS_AD9481_IN/fifo_16to8_inst/U0/inst_fifo_gen/gconvfifo.rf/grf.rf/gntv_or_sync_fifo.mem/gdm.dm_gen.dm/gpr1.dout_i[3]_i_4/O
                         net (fo=1, routed)           0.000     2.427    u_Demodulation/u_HS_AD9481_IN/fifo_16to8_inst/U0/inst_fifo_gen/gconvfifo.rf/grf.rf/gntv_or_sync_fifo.mem/gdm.dm_gen.dm/gpr1.dout_i[3]_i_4_n_0
    SLICE_X9Y89          MUXF7 (Prop_muxf7_I0_O)      0.238     2.665 r  u_Demodulation/u_HS_AD9481_IN/fifo_16to8_inst/U0/inst_fifo_gen/gconvfifo.rf/grf.rf/gntv_or_sync_fifo.mem/gdm.dm_gen.dm/gpr1.dout_i_reg[3]_i_2/O
                         net (fo=1, routed)           0.000     2.665    u_Demodulation/u_HS_AD9481_IN/fifo_16to8_inst/U0/inst_fifo_gen/gconvfifo.rf/grf.rf/gntv_or_sync_fifo.mem/gdm.dm_gen.dm/gpr1.dout_i_reg[3]_i_2_n_0
    SLICE_X9Y89          MUXF8 (Prop_muxf8_I0_O)      0.104     2.769 r  u_Demodulation/u_HS_AD9481_IN/fifo_16to8_inst/U0/inst_fifo_gen/gconvfifo.rf/grf.rf/gntv_or_sync_fifo.mem/gdm.dm_gen.dm/gpr1.dout_i_reg[3]_i_1/O
                         net (fo=1, routed)           0.000     2.769    u_Demodulation/u_HS_AD9481_IN/fifo_16to8_inst/U0/inst_fifo_gen/gconvfifo.rf/grf.rf/gntv_or_sync_fifo.mem/gdm.dm_gen.dm/dout_i0[3]
    SLICE_X9Y89          FDCE                                         r  u_Demodulation/u_HS_AD9481_IN/fifo_16to8_inst/U0/inst_fifo_gen/gconvfifo.rf/grf.rf/gntv_or_sync_fifo.mem/gdm.dm_gen.dm/gpr1.dout_i_reg[3]/D
  -------------------------------------------------------------------    -------------------

                         (clock clk_125M_clk_wiz_0 rise edge)
                                                      0.000     0.000 r  
    W19                                               0.000     0.000 r  clk_50M (IN)
                         net (fo=0)                   0.000     0.000    clk_u0/inst/clk_in1
    W19                  IBUF (Prop_ibuf_I_O)         1.438     1.438 r  clk_u0/inst/clkin1_ibufg/O
                         net (fo=1, routed)           1.162     2.600    clk_u0/inst/clk_in1_clk_wiz_0
    MMCME2_ADV_X0Y2      MMCME2_ADV (Prop_mmcme2_adv_CLKIN1_CLKOUT0)
                                                     -7.729    -5.129 r  clk_u0/inst/mmcm_adv_inst/CLKOUT0
                         net (fo=1, routed)           1.760    -3.369    clk_u0/inst/clk_125M_clk_wiz_0
    BUFGCTRL_X0Y0        BUFG (Prop_bufg_I_O)         0.091    -3.278 r  clk_u0/inst/clkout1_buf/O
                         net (fo=9233, routed)        1.816    -1.462    u_Demodulation/u_HS_AD9481_IN/fifo_16to8_inst/U0/inst_fifo_gen/gconvfifo.rf/grf.rf/gntv_or_sync_fifo.mem/gdm.dm_gen.dm/rd_clk
    SLICE_X9Y89          FDCE                                         r  u_Demodulation/u_HS_AD9481_IN/fifo_16to8_inst/U0/inst_fifo_gen/gconvfifo.rf/grf.rf/gntv_or_sync_fifo.mem/gdm.dm_gen.dm/gpr1.dout_i_reg[3]/C

Slack:                    inf
  Source:                 u_Demodulation/u_HS_AD9481_IN/fifo_16to8_inst/U0/inst_fifo_gen/gconvfifo.rf/grf.rf/gntv_or_sync_fifo.mem/gdm.dm_gen.dm/RAM_reg_64_127_0_2/RAMA/CLK
                            (rising edge-triggered cell RAMD64E)
  Destination:            u_Demodulation/u_HS_AD9481_IN/fifo_16to8_inst/U0/inst_fifo_gen/gconvfifo.rf/grf.rf/gntv_or_sync_fifo.mem/gdm.dm_gen.dm/gpr1.dout_i_reg[0]/D
                            (rising edge-triggered cell FDCE clocked by clk_125M_clk_wiz_0  {rise@0.000ns fall@4.000ns period=8.000ns})
  Path Group:             (none)
  Path Type:              Setup (Max at Slow Process Corner)
  Data Path Delay:        2.763ns  (logic 1.775ns (64.251%)  route 0.988ns (35.749%))
  Logic Levels:           4  (LUT6=1 MUXF7=1 MUXF8=1 RAMD64E=1)
  Clock Uncertainty:      0.246ns  ((TSJ^2 + DJ^2)^1/2) / 2 + PE
    Total System Jitter     (TSJ):    0.050ns
    Discrete Jitter          (DJ):    0.154ns
    Phase Error              (PE):    0.165ns
  Timing Exception:       False Path

    Location             Delay type                Incr(ns)  Path(ns)    Netlist Resource(s)
  -------------------------------------------------------------------    -------------------
    SLICE_X14Y81         RAMD64E                      0.000     0.000 r  u_Demodulation/u_HS_AD9481_IN/fifo_16to8_inst/U0/inst_fifo_gen/gconvfifo.rf/grf.rf/gntv_or_sync_fifo.mem/gdm.dm_gen.dm/RAM_reg_64_127_0_2/RAMA/CLK
    SLICE_X14Y81         RAMD64E (Prop_ramd64e_CLK_O)
                                                      1.309     1.309 r  u_Demodulation/u_HS_AD9481_IN/fifo_16to8_inst/U0/inst_fifo_gen/gconvfifo.rf/grf.rf/gntv_or_sync_fifo.mem/gdm.dm_gen.dm/RAM_reg_64_127_0_2/RAMA/O
                         net (fo=1, routed)           0.988     2.297    u_Demodulation/u_HS_AD9481_IN/fifo_16to8_inst/U0/inst_fifo_gen/gconvfifo.rf/grf.rf/gntv_or_sync_fifo.mem/gdm.dm_gen.dm/RAM_reg_64_127_0_2_n_0
    SLICE_X11Y82         LUT6 (Prop_lut6_I3_O)        0.124     2.421 r  u_Demodulation/u_HS_AD9481_IN/fifo_16to8_inst/U0/inst_fifo_gen/gconvfifo.rf/grf.rf/gntv_or_sync_fifo.mem/gdm.dm_gen.dm/gpr1.dout_i[0]_i_4/O
                         net (fo=1, routed)           0.000     2.421    u_Demodulation/u_HS_AD9481_IN/fifo_16to8_inst/U0/inst_fifo_gen/gconvfifo.rf/grf.rf/gntv_or_sync_fifo.mem/gdm.dm_gen.dm/gpr1.dout_i[0]_i_4_n_0
    SLICE_X11Y82         MUXF7 (Prop_muxf7_I0_O)      0.238     2.659 r  u_Demodulation/u_HS_AD9481_IN/fifo_16to8_inst/U0/inst_fifo_gen/gconvfifo.rf/grf.rf/gntv_or_sync_fifo.mem/gdm.dm_gen.dm/gpr1.dout_i_reg[0]_i_2/O
                         net (fo=1, routed)           0.000     2.659    u_Demodulation/u_HS_AD9481_IN/fifo_16to8_inst/U0/inst_fifo_gen/gconvfifo.rf/grf.rf/gntv_or_sync_fifo.mem/gdm.dm_gen.dm/gpr1.dout_i_reg[0]_i_2_n_0
    SLICE_X11Y82         MUXF8 (Prop_muxf8_I0_O)      0.104     2.763 r  u_Demodulation/u_HS_AD9481_IN/fifo_16to8_inst/U0/inst_fifo_gen/gconvfifo.rf/grf.rf/gntv_or_sync_fifo.mem/gdm.dm_gen.dm/gpr1.dout_i_reg[0]_i_1/O
                         net (fo=1, routed)           0.000     2.763    u_Demodulation/u_HS_AD9481_IN/fifo_16to8_inst/U0/inst_fifo_gen/gconvfifo.rf/grf.rf/gntv_or_sync_fifo.mem/gdm.dm_gen.dm/dout_i0[0]
    SLICE_X11Y82         FDCE                                         r  u_Demodulation/u_HS_AD9481_IN/fifo_16to8_inst/U0/inst_fifo_gen/gconvfifo.rf/grf.rf/gntv_or_sync_fifo.mem/gdm.dm_gen.dm/gpr1.dout_i_reg[0]/D
  -------------------------------------------------------------------    -------------------

                         (clock clk_125M_clk_wiz_0 rise edge)
                                                      0.000     0.000 r  
    W19                                               0.000     0.000 r  clk_50M (IN)
                         net (fo=0)                   0.000     0.000    clk_u0/inst/clk_in1
    W19                  IBUF (Prop_ibuf_I_O)         1.438     1.438 r  clk_u0/inst/clkin1_ibufg/O
                         net (fo=1, routed)           1.162     2.600    clk_u0/inst/clk_in1_clk_wiz_0
    MMCME2_ADV_X0Y2      MMCME2_ADV (Prop_mmcme2_adv_CLKIN1_CLKOUT0)
                                                     -7.729    -5.129 r  clk_u0/inst/mmcm_adv_inst/CLKOUT0
                         net (fo=1, routed)           1.760    -3.369    clk_u0/inst/clk_125M_clk_wiz_0
    BUFGCTRL_X0Y0        BUFG (Prop_bufg_I_O)         0.091    -3.278 r  clk_u0/inst/clkout1_buf/O
                         net (fo=9233, routed)        1.811    -1.467    u_Demodulation/u_HS_AD9481_IN/fifo_16to8_inst/U0/inst_fifo_gen/gconvfifo.rf/grf.rf/gntv_or_sync_fifo.mem/gdm.dm_gen.dm/rd_clk
    SLICE_X11Y82         FDCE                                         r  u_Demodulation/u_HS_AD9481_IN/fifo_16to8_inst/U0/inst_fifo_gen/gconvfifo.rf/grf.rf/gntv_or_sync_fifo.mem/gdm.dm_gen.dm/gpr1.dout_i_reg[0]/C





Min Delay Paths
--------------------------------------------------------------------------------------
Slack:                    inf
  Source:                 u_Demodulation/u_HS_AD9481_IN/fifo_16to8_inst/U0/inst_fifo_gen/gconvfifo.rf/grf.rf/gntv_or_sync_fifo.gcx.clkx/wr_pntr_cdc_inst/src_gray_ff_reg[5]/C
                            (rising edge-triggered cell FDRE)
  Destination:            u_Demodulation/u_HS_AD9481_IN/fifo_16to8_inst/U0/inst_fifo_gen/gconvfifo.rf/grf.rf/gntv_or_sync_fifo.gcx.clkx/wr_pntr_cdc_inst/dest_graysync_ff_reg[0][5]/D
                            (rising edge-triggered cell FDRE clocked by clk_125M_clk_wiz_0  {rise@0.000ns fall@4.000ns period=8.000ns})
  Path Group:             (none)
  Path Type:              Hold (Min at Fast Process Corner)
  Data Path Delay:        0.243ns  (logic 0.128ns (52.639%)  route 0.115ns (47.361%))
  Logic Levels:           1  (FDRE=1)
  Clock Uncertainty:      0.246ns  ((TSJ^2 + DJ^2)^1/2) / 2 + PE
    Total System Jitter     (TSJ):    0.050ns
    Discrete Jitter          (DJ):    0.154ns
    Phase Error              (PE):    0.165ns
  Timing Exception:       False Path

    Location             Delay type                Incr(ns)  Path(ns)    Netlist Resource(s)
  -------------------------------------------------------------------    -------------------
    SLICE_X28Y87         FDRE                         0.000     0.000 r  u_Demodulation/u_HS_AD9481_IN/fifo_16to8_inst/U0/inst_fifo_gen/gconvfifo.rf/grf.rf/gntv_or_sync_fifo.gcx.clkx/wr_pntr_cdc_inst/src_gray_ff_reg[5]/C
    SLICE_X28Y87         FDRE (Prop_fdre_C_Q)         0.128     0.128 r  u_Demodulation/u_HS_AD9481_IN/fifo_16to8_inst/U0/inst_fifo_gen/gconvfifo.rf/grf.rf/gntv_or_sync_fifo.gcx.clkx/wr_pntr_cdc_inst/src_gray_ff_reg[5]/Q
                         net (fo=1, routed)           0.115     0.243    u_Demodulation/u_HS_AD9481_IN/fifo_16to8_inst/U0/inst_fifo_gen/gconvfifo.rf/grf.rf/gntv_or_sync_fifo.gcx.clkx/wr_pntr_cdc_inst/async_path[5]
    SLICE_X28Y86         FDRE                                         r  u_Demodulation/u_HS_AD9481_IN/fifo_16to8_inst/U0/inst_fifo_gen/gconvfifo.rf/grf.rf/gntv_or_sync_fifo.gcx.clkx/wr_pntr_cdc_inst/dest_graysync_ff_reg[0][5]/D
  -------------------------------------------------------------------    -------------------

                         (clock clk_125M_clk_wiz_0 rise edge)
                                                      0.000     0.000 r  
    W19                                               0.000     0.000 r  clk_50M (IN)
                         net (fo=0)                   0.000     0.000    clk_u0/inst/clk_in1
    W19                  IBUF (Prop_ibuf_I_O)         0.465     0.465 r  clk_u0/inst/clkin1_ibufg/O
                         net (fo=1, routed)           0.480     0.945    clk_u0/inst/clk_in1_clk_wiz_0
    MMCME2_ADV_X0Y2      MMCME2_ADV (Prop_mmcme2_adv_CLKIN1_CLKOUT0)
                                                     -3.355    -2.410 r  clk_u0/inst/mmcm_adv_inst/CLKOUT0
                         net (fo=1, routed)           0.595    -1.815    clk_u0/inst/clk_125M_clk_wiz_0
    BUFGCTRL_X0Y0        BUFG (Prop_bufg_I_O)         0.029    -1.786 r  clk_u0/inst/clkout1_buf/O
                         net (fo=9233, routed)        0.957    -0.830    u_Demodulation/u_HS_AD9481_IN/fifo_16to8_inst/U0/inst_fifo_gen/gconvfifo.rf/grf.rf/gntv_or_sync_fifo.gcx.clkx/wr_pntr_cdc_inst/dest_clk
    SLICE_X28Y86         FDRE                                         r  u_Demodulation/u_HS_AD9481_IN/fifo_16to8_inst/U0/inst_fifo_gen/gconvfifo.rf/grf.rf/gntv_or_sync_fifo.gcx.clkx/wr_pntr_cdc_inst/dest_graysync_ff_reg[0][5]/C

Slack:                    inf
  Source:                 u_Demodulation/u_HS_AD9481_IN/fifo_16to8_inst/U0/inst_fifo_gen/gconvfifo.rf/grf.rf/gntv_or_sync_fifo.gcx.clkx/wr_pntr_cdc_inst/src_gray_ff_reg[1]/C
                            (rising edge-triggered cell FDRE)
  Destination:            u_Demodulation/u_HS_AD9481_IN/fifo_16to8_inst/U0/inst_fifo_gen/gconvfifo.rf/grf.rf/gntv_or_sync_fifo.gcx.clkx/wr_pntr_cdc_inst/dest_graysync_ff_reg[0][1]/D
                            (rising edge-triggered cell FDRE clocked by clk_125M_clk_wiz_0  {rise@0.000ns fall@4.000ns period=8.000ns})
  Path Group:             (none)
  Path Type:              Hold (Min at Fast Process Corner)
  Data Path Delay:        0.245ns  (logic 0.128ns (52.210%)  route 0.117ns (47.790%))
  Logic Levels:           1  (FDRE=1)
  Clock Uncertainty:      0.246ns  ((TSJ^2 + DJ^2)^1/2) / 2 + PE
    Total System Jitter     (TSJ):    0.050ns
    Discrete Jitter          (DJ):    0.154ns
    Phase Error              (PE):    0.165ns
  Timing Exception:       False Path

    Location             Delay type                Incr(ns)  Path(ns)    Netlist Resource(s)
  -------------------------------------------------------------------    -------------------
    SLICE_X32Y82         FDRE                         0.000     0.000 r  u_Demodulation/u_HS_AD9481_IN/fifo_16to8_inst/U0/inst_fifo_gen/gconvfifo.rf/grf.rf/gntv_or_sync_fifo.gcx.clkx/wr_pntr_cdc_inst/src_gray_ff_reg[1]/C
    SLICE_X32Y82         FDRE (Prop_fdre_C_Q)         0.128     0.128 r  u_Demodulation/u_HS_AD9481_IN/fifo_16to8_inst/U0/inst_fifo_gen/gconvfifo.rf/grf.rf/gntv_or_sync_fifo.gcx.clkx/wr_pntr_cdc_inst/src_gray_ff_reg[1]/Q
                         net (fo=1, routed)           0.117     0.245    u_Demodulation/u_HS_AD9481_IN/fifo_16to8_inst/U0/inst_fifo_gen/gconvfifo.rf/grf.rf/gntv_or_sync_fifo.gcx.clkx/wr_pntr_cdc_inst/async_path[1]
    SLICE_X32Y83         FDRE                                         r  u_Demodulation/u_HS_AD9481_IN/fifo_16to8_inst/U0/inst_fifo_gen/gconvfifo.rf/grf.rf/gntv_or_sync_fifo.gcx.clkx/wr_pntr_cdc_inst/dest_graysync_ff_reg[0][1]/D
  -------------------------------------------------------------------    -------------------

                         (clock clk_125M_clk_wiz_0 rise edge)
                                                      0.000     0.000 r  
    W19                                               0.000     0.000 r  clk_50M (IN)
                         net (fo=0)                   0.000     0.000    clk_u0/inst/clk_in1
    W19                  IBUF (Prop_ibuf_I_O)         0.465     0.465 r  clk_u0/inst/clkin1_ibufg/O
                         net (fo=1, routed)           0.480     0.945    clk_u0/inst/clk_in1_clk_wiz_0
    MMCME2_ADV_X0Y2      MMCME2_ADV (Prop_mmcme2_adv_CLKIN1_CLKOUT0)
                                                     -3.355    -2.410 r  clk_u0/inst/mmcm_adv_inst/CLKOUT0
                         net (fo=1, routed)           0.595    -1.815    clk_u0/inst/clk_125M_clk_wiz_0
    BUFGCTRL_X0Y0        BUFG (Prop_bufg_I_O)         0.029    -1.786 r  clk_u0/inst/clkout1_buf/O
                         net (fo=9233, routed)        0.954    -0.833    u_Demodulation/u_HS_AD9481_IN/fifo_16to8_inst/U0/inst_fifo_gen/gconvfifo.rf/grf.rf/gntv_or_sync_fifo.gcx.clkx/wr_pntr_cdc_inst/dest_clk
    SLICE_X32Y83         FDRE                                         r  u_Demodulation/u_HS_AD9481_IN/fifo_16to8_inst/U0/inst_fifo_gen/gconvfifo.rf/grf.rf/gntv_or_sync_fifo.gcx.clkx/wr_pntr_cdc_inst/dest_graysync_ff_reg[0][1]/C

Slack:                    inf
  Source:                 u_Demodulation/u_HS_AD9481_IN/fifo_16to8_inst/U0/inst_fifo_gen/gconvfifo.rf/grf.rf/gntv_or_sync_fifo.gcx.clkx/wr_pntr_cdc_inst/src_gray_ff_reg[3]/C
                            (rising edge-triggered cell FDRE)
  Destination:            u_Demodulation/u_HS_AD9481_IN/fifo_16to8_inst/U0/inst_fifo_gen/gconvfifo.rf/grf.rf/gntv_or_sync_fifo.gcx.clkx/wr_pntr_cdc_inst/dest_graysync_ff_reg[0][3]/D
                            (rising edge-triggered cell FDRE clocked by clk_125M_clk_wiz_0  {rise@0.000ns fall@4.000ns period=8.000ns})
  Path Group:             (none)
  Path Type:              Hold (Min at Fast Process Corner)
  Data Path Delay:        0.251ns  (logic 0.128ns (50.995%)  route 0.123ns (49.005%))
  Logic Levels:           1  (FDRE=1)
  Clock Uncertainty:      0.246ns  ((TSJ^2 + DJ^2)^1/2) / 2 + PE
    Total System Jitter     (TSJ):    0.050ns
    Discrete Jitter          (DJ):    0.154ns
    Phase Error              (PE):    0.165ns
  Timing Exception:       False Path

    Location             Delay type                Incr(ns)  Path(ns)    Netlist Resource(s)
  -------------------------------------------------------------------    -------------------
    SLICE_X33Y83         FDRE                         0.000     0.000 r  u_Demodulation/u_HS_AD9481_IN/fifo_16to8_inst/U0/inst_fifo_gen/gconvfifo.rf/grf.rf/gntv_or_sync_fifo.gcx.clkx/wr_pntr_cdc_inst/src_gray_ff_reg[3]/C
    SLICE_X33Y83         FDRE (Prop_fdre_C_Q)         0.128     0.128 r  u_Demodulation/u_HS_AD9481_IN/fifo_16to8_inst/U0/inst_fifo_gen/gconvfifo.rf/grf.rf/gntv_or_sync_fifo.gcx.clkx/wr_pntr_cdc_inst/src_gray_ff_reg[3]/Q
                         net (fo=1, routed)           0.123     0.251    u_Demodulation/u_HS_AD9481_IN/fifo_16to8_inst/U0/inst_fifo_gen/gconvfifo.rf/grf.rf/gntv_or_sync_fifo.gcx.clkx/wr_pntr_cdc_inst/async_path[3]
    SLICE_X32Y83         FDRE                                         r  u_Demodulation/u_HS_AD9481_IN/fifo_16to8_inst/U0/inst_fifo_gen/gconvfifo.rf/grf.rf/gntv_or_sync_fifo.gcx.clkx/wr_pntr_cdc_inst/dest_graysync_ff_reg[0][3]/D
  -------------------------------------------------------------------    -------------------

                         (clock clk_125M_clk_wiz_0 rise edge)
                                                      0.000     0.000 r  
    W19                                               0.000     0.000 r  clk_50M (IN)
                         net (fo=0)                   0.000     0.000    clk_u0/inst/clk_in1
    W19                  IBUF (Prop_ibuf_I_O)         0.465     0.465 r  clk_u0/inst/clkin1_ibufg/O
                         net (fo=1, routed)           0.480     0.945    clk_u0/inst/clk_in1_clk_wiz_0
    MMCME2_ADV_X0Y2      MMCME2_ADV (Prop_mmcme2_adv_CLKIN1_CLKOUT0)
                                                     -3.355    -2.410 r  clk_u0/inst/mmcm_adv_inst/CLKOUT0
                         net (fo=1, routed)           0.595    -1.815    clk_u0/inst/clk_125M_clk_wiz_0
    BUFGCTRL_X0Y0        BUFG (Prop_bufg_I_O)         0.029    -1.786 r  clk_u0/inst/clkout1_buf/O
                         net (fo=9233, routed)        0.954    -0.833    u_Demodulation/u_HS_AD9481_IN/fifo_16to8_inst/U0/inst_fifo_gen/gconvfifo.rf/grf.rf/gntv_or_sync_fifo.gcx.clkx/wr_pntr_cdc_inst/dest_clk
    SLICE_X32Y83         FDRE                                         r  u_Demodulation/u_HS_AD9481_IN/fifo_16to8_inst/U0/inst_fifo_gen/gconvfifo.rf/grf.rf/gntv_or_sync_fifo.gcx.clkx/wr_pntr_cdc_inst/dest_graysync_ff_reg[0][3]/C

Slack:                    inf
  Source:                 u_Demodulation/u_HS_AD9481_IN/fifo_16to8_inst/U0/inst_fifo_gen/gconvfifo.rf/grf.rf/gntv_or_sync_fifo.gcx.clkx/wr_pntr_cdc_inst/src_gray_ff_reg[6]/C
                            (rising edge-triggered cell FDRE)
  Destination:            u_Demodulation/u_HS_AD9481_IN/fifo_16to8_inst/U0/inst_fifo_gen/gconvfifo.rf/grf.rf/gntv_or_sync_fifo.gcx.clkx/wr_pntr_cdc_inst/dest_graysync_ff_reg[0][6]/D
                            (rising edge-triggered cell FDRE clocked by clk_125M_clk_wiz_0  {rise@0.000ns fall@4.000ns period=8.000ns})
  Path Group:             (none)
  Path Type:              Hold (Min at Fast Process Corner)
  Data Path Delay:        0.255ns  (logic 0.141ns (55.245%)  route 0.114ns (44.755%))
  Logic Levels:           1  (FDRE=1)
  Clock Uncertainty:      0.246ns  ((TSJ^2 + DJ^2)^1/2) / 2 + PE
    Total System Jitter     (TSJ):    0.050ns
    Discrete Jitter          (DJ):    0.154ns
    Phase Error              (PE):    0.165ns
  Timing Exception:       False Path

    Location             Delay type                Incr(ns)  Path(ns)    Netlist Resource(s)
  -------------------------------------------------------------------    -------------------
    SLICE_X28Y87         FDRE                         0.000     0.000 r  u_Demodulation/u_HS_AD9481_IN/fifo_16to8_inst/U0/inst_fifo_gen/gconvfifo.rf/grf.rf/gntv_or_sync_fifo.gcx.clkx/wr_pntr_cdc_inst/src_gray_ff_reg[6]/C
    SLICE_X28Y87         FDRE (Prop_fdre_C_Q)         0.141     0.141 r  u_Demodulation/u_HS_AD9481_IN/fifo_16to8_inst/U0/inst_fifo_gen/gconvfifo.rf/grf.rf/gntv_or_sync_fifo.gcx.clkx/wr_pntr_cdc_inst/src_gray_ff_reg[6]/Q
                         net (fo=1, routed)           0.114     0.255    u_Demodulation/u_HS_AD9481_IN/fifo_16to8_inst/U0/inst_fifo_gen/gconvfifo.rf/grf.rf/gntv_or_sync_fifo.gcx.clkx/wr_pntr_cdc_inst/async_path[6]
    SLICE_X28Y86         FDRE                                         r  u_Demodulation/u_HS_AD9481_IN/fifo_16to8_inst/U0/inst_fifo_gen/gconvfifo.rf/grf.rf/gntv_or_sync_fifo.gcx.clkx/wr_pntr_cdc_inst/dest_graysync_ff_reg[0][6]/D
  -------------------------------------------------------------------    -------------------

                         (clock clk_125M_clk_wiz_0 rise edge)
                                                      0.000     0.000 r  
    W19                                               0.000     0.000 r  clk_50M (IN)
                         net (fo=0)                   0.000     0.000    clk_u0/inst/clk_in1
    W19                  IBUF (Prop_ibuf_I_O)         0.465     0.465 r  clk_u0/inst/clkin1_ibufg/O
                         net (fo=1, routed)           0.480     0.945    clk_u0/inst/clk_in1_clk_wiz_0
    MMCME2_ADV_X0Y2      MMCME2_ADV (Prop_mmcme2_adv_CLKIN1_CLKOUT0)
                                                     -3.355    -2.410 r  clk_u0/inst/mmcm_adv_inst/CLKOUT0
                         net (fo=1, routed)           0.595    -1.815    clk_u0/inst/clk_125M_clk_wiz_0
    BUFGCTRL_X0Y0        BUFG (Prop_bufg_I_O)         0.029    -1.786 r  clk_u0/inst/clkout1_buf/O
                         net (fo=9233, routed)        0.957    -0.830    u_Demodulation/u_HS_AD9481_IN/fifo_16to8_inst/U0/inst_fifo_gen/gconvfifo.rf/grf.rf/gntv_or_sync_fifo.gcx.clkx/wr_pntr_cdc_inst/dest_clk
    SLICE_X28Y86         FDRE                                         r  u_Demodulation/u_HS_AD9481_IN/fifo_16to8_inst/U0/inst_fifo_gen/gconvfifo.rf/grf.rf/gntv_or_sync_fifo.gcx.clkx/wr_pntr_cdc_inst/dest_graysync_ff_reg[0][6]/C

Slack:                    inf
  Source:                 u_Demodulation/u_HS_AD9481_IN/fifo_16to8_inst/U0/inst_fifo_gen/gconvfifo.rf/grf.rf/gntv_or_sync_fifo.gcx.clkx/wr_pntr_cdc_inst/src_gray_ff_reg[8]/C
                            (rising edge-triggered cell FDRE)
  Destination:            u_Demodulation/u_HS_AD9481_IN/fifo_16to8_inst/U0/inst_fifo_gen/gconvfifo.rf/grf.rf/gntv_or_sync_fifo.gcx.clkx/wr_pntr_cdc_inst/dest_graysync_ff_reg[0][8]/D
                            (rising edge-triggered cell FDRE clocked by clk_125M_clk_wiz_0  {rise@0.000ns fall@4.000ns period=8.000ns})
  Path Group:             (none)
  Path Type:              Hold (Min at Fast Process Corner)
  Data Path Delay:        0.258ns  (logic 0.141ns (54.566%)  route 0.117ns (45.434%))
  Logic Levels:           1  (FDRE=1)
  Clock Uncertainty:      0.246ns  ((TSJ^2 + DJ^2)^1/2) / 2 + PE
    Total System Jitter     (TSJ):    0.050ns
    Discrete Jitter          (DJ):    0.154ns
    Phase Error              (PE):    0.165ns
  Timing Exception:       False Path

    Location             Delay type                Incr(ns)  Path(ns)    Netlist Resource(s)
  -------------------------------------------------------------------    -------------------
    SLICE_X28Y87         FDRE                         0.000     0.000 r  u_Demodulation/u_HS_AD9481_IN/fifo_16to8_inst/U0/inst_fifo_gen/gconvfifo.rf/grf.rf/gntv_or_sync_fifo.gcx.clkx/wr_pntr_cdc_inst/src_gray_ff_reg[8]/C
    SLICE_X28Y87         FDRE (Prop_fdre_C_Q)         0.141     0.141 r  u_Demodulation/u_HS_AD9481_IN/fifo_16to8_inst/U0/inst_fifo_gen/gconvfifo.rf/grf.rf/gntv_or_sync_fifo.gcx.clkx/wr_pntr_cdc_inst/src_gray_ff_reg[8]/Q
                         net (fo=1, routed)           0.117     0.258    u_Demodulation/u_HS_AD9481_IN/fifo_16to8_inst/U0/inst_fifo_gen/gconvfifo.rf/grf.rf/gntv_or_sync_fifo.gcx.clkx/wr_pntr_cdc_inst/async_path[8]
    SLICE_X28Y88         FDRE                                         r  u_Demodulation/u_HS_AD9481_IN/fifo_16to8_inst/U0/inst_fifo_gen/gconvfifo.rf/grf.rf/gntv_or_sync_fifo.gcx.clkx/wr_pntr_cdc_inst/dest_graysync_ff_reg[0][8]/D
  -------------------------------------------------------------------    -------------------

                         (clock clk_125M_clk_wiz_0 rise edge)
                                                      0.000     0.000 r  
    W19                                               0.000     0.000 r  clk_50M (IN)
                         net (fo=0)                   0.000     0.000    clk_u0/inst/clk_in1
    W19                  IBUF (Prop_ibuf_I_O)         0.465     0.465 r  clk_u0/inst/clkin1_ibufg/O
                         net (fo=1, routed)           0.480     0.945    clk_u0/inst/clk_in1_clk_wiz_0
    MMCME2_ADV_X0Y2      MMCME2_ADV (Prop_mmcme2_adv_CLKIN1_CLKOUT0)
                                                     -3.355    -2.410 r  clk_u0/inst/mmcm_adv_inst/CLKOUT0
                         net (fo=1, routed)           0.595    -1.815    clk_u0/inst/clk_125M_clk_wiz_0
    BUFGCTRL_X0Y0        BUFG (Prop_bufg_I_O)         0.029    -1.786 r  clk_u0/inst/clkout1_buf/O
                         net (fo=9233, routed)        0.960    -0.827    u_Demodulation/u_HS_AD9481_IN/fifo_16to8_inst/U0/inst_fifo_gen/gconvfifo.rf/grf.rf/gntv_or_sync_fifo.gcx.clkx/wr_pntr_cdc_inst/dest_clk
    SLICE_X28Y88         FDRE                                         r  u_Demodulation/u_HS_AD9481_IN/fifo_16to8_inst/U0/inst_fifo_gen/gconvfifo.rf/grf.rf/gntv_or_sync_fifo.gcx.clkx/wr_pntr_cdc_inst/dest_graysync_ff_reg[0][8]/C

Slack:                    inf
  Source:                 u_Demodulation/u_HS_AD9481_IN/fifo_16to8_inst/U0/inst_fifo_gen/gconvfifo.rf/grf.rf/gntv_or_sync_fifo.gcx.clkx/wr_pntr_cdc_inst/src_gray_ff_reg[4]/C
                            (rising edge-triggered cell FDRE)
  Destination:            u_Demodulation/u_HS_AD9481_IN/fifo_16to8_inst/U0/inst_fifo_gen/gconvfifo.rf/grf.rf/gntv_or_sync_fifo.gcx.clkx/wr_pntr_cdc_inst/dest_graysync_ff_reg[0][4]/D
                            (rising edge-triggered cell FDRE clocked by clk_125M_clk_wiz_0  {rise@0.000ns fall@4.000ns period=8.000ns})
  Path Group:             (none)
  Path Type:              Hold (Min at Fast Process Corner)
  Data Path Delay:        0.259ns  (logic 0.141ns (54.413%)  route 0.118ns (45.587%))
  Logic Levels:           1  (FDRE=1)
  Clock Uncertainty:      0.246ns  ((TSJ^2 + DJ^2)^1/2) / 2 + PE
    Total System Jitter     (TSJ):    0.050ns
    Discrete Jitter          (DJ):    0.154ns
    Phase Error              (PE):    0.165ns
  Timing Exception:       False Path

    Location             Delay type                Incr(ns)  Path(ns)    Netlist Resource(s)
  -------------------------------------------------------------------    -------------------
    SLICE_X28Y87         FDRE                         0.000     0.000 r  u_Demodulation/u_HS_AD9481_IN/fifo_16to8_inst/U0/inst_fifo_gen/gconvfifo.rf/grf.rf/gntv_or_sync_fifo.gcx.clkx/wr_pntr_cdc_inst/src_gray_ff_reg[4]/C
    SLICE_X28Y87         FDRE (Prop_fdre_C_Q)         0.141     0.141 r  u_Demodulation/u_HS_AD9481_IN/fifo_16to8_inst/U0/inst_fifo_gen/gconvfifo.rf/grf.rf/gntv_or_sync_fifo.gcx.clkx/wr_pntr_cdc_inst/src_gray_ff_reg[4]/Q
                         net (fo=1, routed)           0.118     0.259    u_Demodulation/u_HS_AD9481_IN/fifo_16to8_inst/U0/inst_fifo_gen/gconvfifo.rf/grf.rf/gntv_or_sync_fifo.gcx.clkx/wr_pntr_cdc_inst/async_path[4]
    SLICE_X28Y86         FDRE                                         r  u_Demodulation/u_HS_AD9481_IN/fifo_16to8_inst/U0/inst_fifo_gen/gconvfifo.rf/grf.rf/gntv_or_sync_fifo.gcx.clkx/wr_pntr_cdc_inst/dest_graysync_ff_reg[0][4]/D
  -------------------------------------------------------------------    -------------------

                         (clock clk_125M_clk_wiz_0 rise edge)
                                                      0.000     0.000 r  
    W19                                               0.000     0.000 r  clk_50M (IN)
                         net (fo=0)                   0.000     0.000    clk_u0/inst/clk_in1
    W19                  IBUF (Prop_ibuf_I_O)         0.465     0.465 r  clk_u0/inst/clkin1_ibufg/O
                         net (fo=1, routed)           0.480     0.945    clk_u0/inst/clk_in1_clk_wiz_0
    MMCME2_ADV_X0Y2      MMCME2_ADV (Prop_mmcme2_adv_CLKIN1_CLKOUT0)
                                                     -3.355    -2.410 r  clk_u0/inst/mmcm_adv_inst/CLKOUT0
                         net (fo=1, routed)           0.595    -1.815    clk_u0/inst/clk_125M_clk_wiz_0
    BUFGCTRL_X0Y0        BUFG (Prop_bufg_I_O)         0.029    -1.786 r  clk_u0/inst/clkout1_buf/O
                         net (fo=9233, routed)        0.957    -0.830    u_Demodulation/u_HS_AD9481_IN/fifo_16to8_inst/U0/inst_fifo_gen/gconvfifo.rf/grf.rf/gntv_or_sync_fifo.gcx.clkx/wr_pntr_cdc_inst/dest_clk
    SLICE_X28Y86         FDRE                                         r  u_Demodulation/u_HS_AD9481_IN/fifo_16to8_inst/U0/inst_fifo_gen/gconvfifo.rf/grf.rf/gntv_or_sync_fifo.gcx.clkx/wr_pntr_cdc_inst/dest_graysync_ff_reg[0][4]/C

Slack:                    inf
  Source:                 u_Demodulation/u_HS_AD9481_IN/fifo_16to8_inst/U0/inst_fifo_gen/gconvfifo.rf/grf.rf/gntv_or_sync_fifo.gcx.clkx/wr_pntr_cdc_inst/src_gray_ff_reg[9]/C
                            (rising edge-triggered cell FDRE)
  Destination:            u_Demodulation/u_HS_AD9481_IN/fifo_16to8_inst/U0/inst_fifo_gen/gconvfifo.rf/grf.rf/gntv_or_sync_fifo.gcx.clkx/wr_pntr_cdc_inst/dest_graysync_ff_reg[0][9]/D
                            (rising edge-triggered cell FDRE clocked by clk_125M_clk_wiz_0  {rise@0.000ns fall@4.000ns period=8.000ns})
  Path Group:             (none)
  Path Type:              Hold (Min at Fast Process Corner)
  Data Path Delay:        0.306ns  (logic 0.141ns (46.014%)  route 0.165ns (53.986%))
  Logic Levels:           1  (FDRE=1)
  Clock Uncertainty:      0.246ns  ((TSJ^2 + DJ^2)^1/2) / 2 + PE
    Total System Jitter     (TSJ):    0.050ns
    Discrete Jitter          (DJ):    0.154ns
    Phase Error              (PE):    0.165ns
  Timing Exception:       False Path

    Location             Delay type                Incr(ns)  Path(ns)    Netlist Resource(s)
  -------------------------------------------------------------------    -------------------
    SLICE_X29Y87         FDRE                         0.000     0.000 r  u_Demodulation/u_HS_AD9481_IN/fifo_16to8_inst/U0/inst_fifo_gen/gconvfifo.rf/grf.rf/gntv_or_sync_fifo.gcx.clkx/wr_pntr_cdc_inst/src_gray_ff_reg[9]/C
    SLICE_X29Y87         FDRE (Prop_fdre_C_Q)         0.141     0.141 r  u_Demodulation/u_HS_AD9481_IN/fifo_16to8_inst/U0/inst_fifo_gen/gconvfifo.rf/grf.rf/gntv_or_sync_fifo.gcx.clkx/wr_pntr_cdc_inst/src_gray_ff_reg[9]/Q
                         net (fo=1, routed)           0.165     0.306    u_Demodulation/u_HS_AD9481_IN/fifo_16to8_inst/U0/inst_fifo_gen/gconvfifo.rf/grf.rf/gntv_or_sync_fifo.gcx.clkx/wr_pntr_cdc_inst/async_path[9]
    SLICE_X28Y88         FDRE                                         r  u_Demodulation/u_HS_AD9481_IN/fifo_16to8_inst/U0/inst_fifo_gen/gconvfifo.rf/grf.rf/gntv_or_sync_fifo.gcx.clkx/wr_pntr_cdc_inst/dest_graysync_ff_reg[0][9]/D
  -------------------------------------------------------------------    -------------------

                         (clock clk_125M_clk_wiz_0 rise edge)
                                                      0.000     0.000 r  
    W19                                               0.000     0.000 r  clk_50M (IN)
                         net (fo=0)                   0.000     0.000    clk_u0/inst/clk_in1
    W19                  IBUF (Prop_ibuf_I_O)         0.465     0.465 r  clk_u0/inst/clkin1_ibufg/O
                         net (fo=1, routed)           0.480     0.945    clk_u0/inst/clk_in1_clk_wiz_0
    MMCME2_ADV_X0Y2      MMCME2_ADV (Prop_mmcme2_adv_CLKIN1_CLKOUT0)
                                                     -3.355    -2.410 r  clk_u0/inst/mmcm_adv_inst/CLKOUT0
                         net (fo=1, routed)           0.595    -1.815    clk_u0/inst/clk_125M_clk_wiz_0
    BUFGCTRL_X0Y0        BUFG (Prop_bufg_I_O)         0.029    -1.786 r  clk_u0/inst/clkout1_buf/O
                         net (fo=9233, routed)        0.960    -0.827    u_Demodulation/u_HS_AD9481_IN/fifo_16to8_inst/U0/inst_fifo_gen/gconvfifo.rf/grf.rf/gntv_or_sync_fifo.gcx.clkx/wr_pntr_cdc_inst/dest_clk
    SLICE_X28Y88         FDRE                                         r  u_Demodulation/u_HS_AD9481_IN/fifo_16to8_inst/U0/inst_fifo_gen/gconvfifo.rf/grf.rf/gntv_or_sync_fifo.gcx.clkx/wr_pntr_cdc_inst/dest_graysync_ff_reg[0][9]/C

Slack:                    inf
  Source:                 u_Demodulation/u_HS_AD9481_IN/fifo_16to8_inst/U0/inst_fifo_gen/gconvfifo.rf/grf.rf/gntv_or_sync_fifo.gcx.clkx/wr_pntr_cdc_inst/src_gray_ff_reg[0]/C
                            (rising edge-triggered cell FDRE)
  Destination:            u_Demodulation/u_HS_AD9481_IN/fifo_16to8_inst/U0/inst_fifo_gen/gconvfifo.rf/grf.rf/gntv_or_sync_fifo.gcx.clkx/wr_pntr_cdc_inst/dest_graysync_ff_reg[0][0]/D
                            (rising edge-triggered cell FDRE clocked by clk_125M_clk_wiz_0  {rise@0.000ns fall@4.000ns period=8.000ns})
  Path Group:             (none)
  Path Type:              Hold (Min at Fast Process Corner)
  Data Path Delay:        0.311ns  (logic 0.141ns (45.337%)  route 0.170ns (54.663%))
  Logic Levels:           1  (FDRE=1)
  Clock Uncertainty:      0.246ns  ((TSJ^2 + DJ^2)^1/2) / 2 + PE
    Total System Jitter     (TSJ):    0.050ns
    Discrete Jitter          (DJ):    0.154ns
    Phase Error              (PE):    0.165ns
  Timing Exception:       False Path

    Location             Delay type                Incr(ns)  Path(ns)    Netlist Resource(s)
  -------------------------------------------------------------------    -------------------
    SLICE_X32Y82         FDRE                         0.000     0.000 r  u_Demodulation/u_HS_AD9481_IN/fifo_16to8_inst/U0/inst_fifo_gen/gconvfifo.rf/grf.rf/gntv_or_sync_fifo.gcx.clkx/wr_pntr_cdc_inst/src_gray_ff_reg[0]/C
    SLICE_X32Y82         FDRE (Prop_fdre_C_Q)         0.141     0.141 r  u_Demodulation/u_HS_AD9481_IN/fifo_16to8_inst/U0/inst_fifo_gen/gconvfifo.rf/grf.rf/gntv_or_sync_fifo.gcx.clkx/wr_pntr_cdc_inst/src_gray_ff_reg[0]/Q
                         net (fo=1, routed)           0.170     0.311    u_Demodulation/u_HS_AD9481_IN/fifo_16to8_inst/U0/inst_fifo_gen/gconvfifo.rf/grf.rf/gntv_or_sync_fifo.gcx.clkx/wr_pntr_cdc_inst/async_path[0]
    SLICE_X32Y83         FDRE                                         r  u_Demodulation/u_HS_AD9481_IN/fifo_16to8_inst/U0/inst_fifo_gen/gconvfifo.rf/grf.rf/gntv_or_sync_fifo.gcx.clkx/wr_pntr_cdc_inst/dest_graysync_ff_reg[0][0]/D
  -------------------------------------------------------------------    -------------------

                         (clock clk_125M_clk_wiz_0 rise edge)
                                                      0.000     0.000 r  
    W19                                               0.000     0.000 r  clk_50M (IN)
                         net (fo=0)                   0.000     0.000    clk_u0/inst/clk_in1
    W19                  IBUF (Prop_ibuf_I_O)         0.465     0.465 r  clk_u0/inst/clkin1_ibufg/O
                         net (fo=1, routed)           0.480     0.945    clk_u0/inst/clk_in1_clk_wiz_0
    MMCME2_ADV_X0Y2      MMCME2_ADV (Prop_mmcme2_adv_CLKIN1_CLKOUT0)
                                                     -3.355    -2.410 r  clk_u0/inst/mmcm_adv_inst/CLKOUT0
                         net (fo=1, routed)           0.595    -1.815    clk_u0/inst/clk_125M_clk_wiz_0
    BUFGCTRL_X0Y0        BUFG (Prop_bufg_I_O)         0.029    -1.786 r  clk_u0/inst/clkout1_buf/O
                         net (fo=9233, routed)        0.954    -0.833    u_Demodulation/u_HS_AD9481_IN/fifo_16to8_inst/U0/inst_fifo_gen/gconvfifo.rf/grf.rf/gntv_or_sync_fifo.gcx.clkx/wr_pntr_cdc_inst/dest_clk
    SLICE_X32Y83         FDRE                                         r  u_Demodulation/u_HS_AD9481_IN/fifo_16to8_inst/U0/inst_fifo_gen/gconvfifo.rf/grf.rf/gntv_or_sync_fifo.gcx.clkx/wr_pntr_cdc_inst/dest_graysync_ff_reg[0][0]/C

Slack:                    inf
  Source:                 u_Demodulation/u_HS_AD9481_IN/fifo_16to8_inst/U0/inst_fifo_gen/gconvfifo.rf/grf.rf/gntv_or_sync_fifo.gcx.clkx/wr_pntr_cdc_inst/src_gray_ff_reg[7]/C
                            (rising edge-triggered cell FDRE)
  Destination:            u_Demodulation/u_HS_AD9481_IN/fifo_16to8_inst/U0/inst_fifo_gen/gconvfifo.rf/grf.rf/gntv_or_sync_fifo.gcx.clkx/wr_pntr_cdc_inst/dest_graysync_ff_reg[0][7]/D
                            (rising edge-triggered cell FDRE clocked by clk_125M_clk_wiz_0  {rise@0.000ns fall@4.000ns period=8.000ns})
  Path Group:             (none)
  Path Type:              Hold (Min at Fast Process Corner)
  Data Path Delay:        0.339ns  (logic 0.128ns (37.801%)  route 0.211ns (62.199%))
  Logic Levels:           1  (FDRE=1)
  Clock Uncertainty:      0.246ns  ((TSJ^2 + DJ^2)^1/2) / 2 + PE
    Total System Jitter     (TSJ):    0.050ns
    Discrete Jitter          (DJ):    0.154ns
    Phase Error              (PE):    0.165ns
  Timing Exception:       False Path

    Location             Delay type                Incr(ns)  Path(ns)    Netlist Resource(s)
  -------------------------------------------------------------------    -------------------
    SLICE_X28Y87         FDRE                         0.000     0.000 r  u_Demodulation/u_HS_AD9481_IN/fifo_16to8_inst/U0/inst_fifo_gen/gconvfifo.rf/grf.rf/gntv_or_sync_fifo.gcx.clkx/wr_pntr_cdc_inst/src_gray_ff_reg[7]/C
    SLICE_X28Y87         FDRE (Prop_fdre_C_Q)         0.128     0.128 r  u_Demodulation/u_HS_AD9481_IN/fifo_16to8_inst/U0/inst_fifo_gen/gconvfifo.rf/grf.rf/gntv_or_sync_fifo.gcx.clkx/wr_pntr_cdc_inst/src_gray_ff_reg[7]/Q
                         net (fo=1, routed)           0.211     0.339    u_Demodulation/u_HS_AD9481_IN/fifo_16to8_inst/U0/inst_fifo_gen/gconvfifo.rf/grf.rf/gntv_or_sync_fifo.gcx.clkx/wr_pntr_cdc_inst/async_path[7]
    SLICE_X28Y86         FDRE                                         r  u_Demodulation/u_HS_AD9481_IN/fifo_16to8_inst/U0/inst_fifo_gen/gconvfifo.rf/grf.rf/gntv_or_sync_fifo.gcx.clkx/wr_pntr_cdc_inst/dest_graysync_ff_reg[0][7]/D
  -------------------------------------------------------------------    -------------------

                         (clock clk_125M_clk_wiz_0 rise edge)
                                                      0.000     0.000 r  
    W19                                               0.000     0.000 r  clk_50M (IN)
                         net (fo=0)                   0.000     0.000    clk_u0/inst/clk_in1
    W19                  IBUF (Prop_ibuf_I_O)         0.465     0.465 r  clk_u0/inst/clkin1_ibufg/O
                         net (fo=1, routed)           0.480     0.945    clk_u0/inst/clk_in1_clk_wiz_0
    MMCME2_ADV_X0Y2      MMCME2_ADV (Prop_mmcme2_adv_CLKIN1_CLKOUT0)
                                                     -3.355    -2.410 r  clk_u0/inst/mmcm_adv_inst/CLKOUT0
                         net (fo=1, routed)           0.595    -1.815    clk_u0/inst/clk_125M_clk_wiz_0
    BUFGCTRL_X0Y0        BUFG (Prop_bufg_I_O)         0.029    -1.786 r  clk_u0/inst/clkout1_buf/O
                         net (fo=9233, routed)        0.957    -0.830    u_Demodulation/u_HS_AD9481_IN/fifo_16to8_inst/U0/inst_fifo_gen/gconvfifo.rf/grf.rf/gntv_or_sync_fifo.gcx.clkx/wr_pntr_cdc_inst/dest_clk
    SLICE_X28Y86         FDRE                                         r  u_Demodulation/u_HS_AD9481_IN/fifo_16to8_inst/U0/inst_fifo_gen/gconvfifo.rf/grf.rf/gntv_or_sync_fifo.gcx.clkx/wr_pntr_cdc_inst/dest_graysync_ff_reg[0][7]/C

Slack:                    inf
  Source:                 u_Demodulation/u_HS_AD9481_IN/fifo_16to8_inst/U0/inst_fifo_gen/gconvfifo.rf/grf.rf/gntv_or_sync_fifo.gcx.clkx/wr_pntr_cdc_inst/src_gray_ff_reg[2]/C
                            (rising edge-triggered cell FDRE)
  Destination:            u_Demodulation/u_HS_AD9481_IN/fifo_16to8_inst/U0/inst_fifo_gen/gconvfifo.rf/grf.rf/gntv_or_sync_fifo.gcx.clkx/wr_pntr_cdc_inst/dest_graysync_ff_reg[0][2]/D
                            (rising edge-triggered cell FDRE clocked by clk_125M_clk_wiz_0  {rise@0.000ns fall@4.000ns period=8.000ns})
  Path Group:             (none)
  Path Type:              Hold (Min at Fast Process Corner)
  Data Path Delay:        0.375ns  (logic 0.141ns (37.609%)  route 0.234ns (62.391%))
  Logic Levels:           1  (FDRE=1)
  Clock Uncertainty:      0.246ns  ((TSJ^2 + DJ^2)^1/2) / 2 + PE
    Total System Jitter     (TSJ):    0.050ns
    Discrete Jitter          (DJ):    0.154ns
    Phase Error              (PE):    0.165ns
  Timing Exception:       False Path

    Location             Delay type                Incr(ns)  Path(ns)    Netlist Resource(s)
  -------------------------------------------------------------------    -------------------
    SLICE_X33Y83         FDRE                         0.000     0.000 r  u_Demodulation/u_HS_AD9481_IN/fifo_16to8_inst/U0/inst_fifo_gen/gconvfifo.rf/grf.rf/gntv_or_sync_fifo.gcx.clkx/wr_pntr_cdc_inst/src_gray_ff_reg[2]/C
    SLICE_X33Y83         FDRE (Prop_fdre_C_Q)         0.141     0.141 r  u_Demodulation/u_HS_AD9481_IN/fifo_16to8_inst/U0/inst_fifo_gen/gconvfifo.rf/grf.rf/gntv_or_sync_fifo.gcx.clkx/wr_pntr_cdc_inst/src_gray_ff_reg[2]/Q
                         net (fo=1, routed)           0.234     0.375    u_Demodulation/u_HS_AD9481_IN/fifo_16to8_inst/U0/inst_fifo_gen/gconvfifo.rf/grf.rf/gntv_or_sync_fifo.gcx.clkx/wr_pntr_cdc_inst/async_path[2]
    SLICE_X32Y83         FDRE                                         r  u_Demodulation/u_HS_AD9481_IN/fifo_16to8_inst/U0/inst_fifo_gen/gconvfifo.rf/grf.rf/gntv_or_sync_fifo.gcx.clkx/wr_pntr_cdc_inst/dest_graysync_ff_reg[0][2]/D
  -------------------------------------------------------------------    -------------------

                         (clock clk_125M_clk_wiz_0 rise edge)
                                                      0.000     0.000 r  
    W19                                               0.000     0.000 r  clk_50M (IN)
                         net (fo=0)                   0.000     0.000    clk_u0/inst/clk_in1
    W19                  IBUF (Prop_ibuf_I_O)         0.465     0.465 r  clk_u0/inst/clkin1_ibufg/O
                         net (fo=1, routed)           0.480     0.945    clk_u0/inst/clk_in1_clk_wiz_0
    MMCME2_ADV_X0Y2      MMCME2_ADV (Prop_mmcme2_adv_CLKIN1_CLKOUT0)
                                                     -3.355    -2.410 r  clk_u0/inst/mmcm_adv_inst/CLKOUT0
                         net (fo=1, routed)           0.595    -1.815    clk_u0/inst/clk_125M_clk_wiz_0
    BUFGCTRL_X0Y0        BUFG (Prop_bufg_I_O)         0.029    -1.786 r  clk_u0/inst/clkout1_buf/O
                         net (fo=9233, routed)        0.954    -0.833    u_Demodulation/u_HS_AD9481_IN/fifo_16to8_inst/U0/inst_fifo_gen/gconvfifo.rf/grf.rf/gntv_or_sync_fifo.gcx.clkx/wr_pntr_cdc_inst/dest_clk
    SLICE_X32Y83         FDRE                                         r  u_Demodulation/u_HS_AD9481_IN/fifo_16to8_inst/U0/inst_fifo_gen/gconvfifo.rf/grf.rf/gntv_or_sync_fifo.gcx.clkx/wr_pntr_cdc_inst/dest_graysync_ff_reg[0][2]/C





--------------------------------------------------------------------------------------
Path Group:  (none)
From Clock:  
  To Clock:  

Max Delay         11931 Endpoints
Min Delay         11931 Endpoints
--------------------------------------------------------------------------------------


Max Delay Paths
--------------------------------------------------------------------------------------
Slack:                    inf
  Source:                 rst_n
                            (input port)
  Destination:            ADC_PDWN
                            (output port)
  Path Group:             (none)
  Path Type:              Max at Slow Process Corner
  Data Path Delay:        20.236ns  (logic 5.165ns (25.526%)  route 15.070ns (74.474%))
  Logic Levels:           3  (IBUF=1 LUT1=1 OBUF=1)

    Location             Delay type                Incr(ns)  Path(ns)    Netlist Resource(s)
  -------------------------------------------------------------------    -------------------
    Y6                                                0.000     0.000 f  rst_n (IN)
                         net (fo=0)                   0.000     0.000    rst_n
    Y6                   IBUF (Prop_ibuf_I_O)         1.505     1.505 f  rst_n_IBUF_inst/O
                         net (fo=15, routed)          6.050     7.554    u_Demodulation/u_GET_Freq_FFT/aresetn
    SLICE_X40Y91         LUT1 (Prop_lut1_I0_O)        0.124     7.678 r  u_Demodulation/u_GET_Freq_FFT/ADC_PDWN_OBUF_inst_i_1/O
                         net (fo=360, routed)         9.021    16.699    ADC_PDWN_OBUF
    H22                  OBUF (Prop_obuf_I_O)         3.537    20.236 r  ADC_PDWN_OBUF_inst/O
                         net (fo=0)                   0.000    20.236    ADC_PDWN
    H22                                                               r  ADC_PDWN (OUT)
  -------------------------------------------------------------------    -------------------

Slack:                    inf
  Source:                 rst_n
                            (input port)
  Destination:            u_Demodulation/u_FFT_2/u_FFT_NonRealTIME/u_FFT/U0/i_synth/axi_wrapper/gen_ce_non_real_time.ce_predicted_reg/D
  Path Group:             (none)
  Path Type:              Max at Slow Process Corner
  Data Path Delay:        13.791ns  (logic 1.753ns (12.710%)  route 12.038ns (87.290%))
  Logic Levels:           3  (IBUF=1 LUT6=2)

    Location             Delay type                Incr(ns)  Path(ns)    Netlist Resource(s)
  -------------------------------------------------------------------    -------------------
    Y6                                                0.000     0.000 r  rst_n (IN)
                         net (fo=0)                   0.000     0.000    rst_n
    Y6                   IBUF (Prop_ibuf_I_O)         1.505     1.505 r  rst_n_IBUF_inst/O
                         net (fo=15, routed)         10.758    12.262    u_Demodulation/u_FFT_2/u_FFT_NonRealTIME/u_FFT/U0/i_synth/xfft_inst/non_floating_point.arch_c.xfft_inst/control/cntrl/loading_state/aresetn
    SLICE_X5Y134         LUT6 (Prop_lut6_I0_O)        0.124    12.386 f  u_Demodulation/u_FFT_2/u_FFT_NonRealTIME/u_FFT/U0/i_synth/xfft_inst/non_floating_point.arch_c.xfft_inst/control/cntrl/loading_state/gen_ce_non_real_time.ce_predicted_i_5/O
                         net (fo=1, routed)           0.940    13.327    u_Demodulation/u_FFT_2/u_FFT_NonRealTIME/u_FFT/U0/i_synth/xfft_inst/non_floating_point.arch_c.xfft_inst/control/cntrl/same_input_output_order.inon.xn_index_counter/gen_ce_non_real_time.ce_predicted_reg_3
    SLICE_X5Y135         LUT6 (Prop_lut6_I5_O)        0.124    13.451 r  u_Demodulation/u_FFT_2/u_FFT_NonRealTIME/u_FFT/U0/i_synth/xfft_inst/non_floating_point.arch_c.xfft_inst/control/cntrl/same_input_output_order.inon.xn_index_counter/gen_ce_non_real_time.ce_predicted_i_1/O
                         net (fo=1, routed)           0.340    13.791    u_Demodulation/u_FFT_2/u_FFT_NonRealTIME/u_FFT/U0/i_synth/axi_wrapper/gen_ce_non_real_time.ce_predicted_reg_2
    SLICE_X5Y135         FDRE                                         r  u_Demodulation/u_FFT_2/u_FFT_NonRealTIME/u_FFT/U0/i_synth/axi_wrapper/gen_ce_non_real_time.ce_predicted_reg/D
  -------------------------------------------------------------------    -------------------

Slack:                    inf
  Source:                 u_Demodulation/u_FFT_1/u_FFT_NonRealTIME/u_FFT/U0/i_synth/axi_wrapper/data_out_channel/gen_non_real_time.fifo/fifo0/fifo_2_reg[52]/C
                            (rising edge-triggered cell FDRE)
  Destination:            u_Demodulation/u_FFT_1/u_fft_ram_test/U0/inst_blk_mem_gen/gnbram.gnativebmg.native_blk_mem_gen/valid.cstr/ramloop[1].ram.r/prim_noinit.ram/DEVICE_7SERIES.NO_BMM_INFO.SDP.SIMPLE_PRIM36.ram/DIADI[5]
  Path Group:             (none)
  Path Type:              Max at Slow Process Corner
  Data Path Delay:        13.463ns  (logic 6.636ns (49.292%)  route 6.827ns (50.708%))
  Logic Levels:           9  (CARRY4=3 DSP48E1=1 FDRE=1 LUT2=1 LUT3=1 LUT5=1 LUT6=1)

    Location             Delay type                Incr(ns)  Path(ns)    Netlist Resource(s)
  -------------------------------------------------------------------    -------------------
    SLICE_X42Y108        FDRE                         0.000     0.000 r  u_Demodulation/u_FFT_1/u_FFT_NonRealTIME/u_FFT/U0/i_synth/axi_wrapper/data_out_channel/gen_non_real_time.fifo/fifo0/fifo_2_reg[52]/C
    SLICE_X42Y108        FDRE (Prop_fdre_C_Q)         0.478     0.478 r  u_Demodulation/u_FFT_1/u_FFT_NonRealTIME/u_FFT/U0/i_synth/axi_wrapper/data_out_channel/gen_non_real_time.fifo/fifo0/fifo_2_reg[52]/Q
                         net (fo=14, routed)          1.801     2.279    u_Demodulation/u_FFT_1/FFT_IM[22]
    DSP48_X2Y49          DSP48E1 (Prop_dsp48e1_B[5]_P[17])
                                                      3.827     6.106 r  u_Demodulation/u_FFT_1/FFT_Amp0__0/P[17]
                         net (fo=2, routed)           1.185     7.291    u_Demodulation/u_FFT_1/u_FFT_NonRealTIME/FFT_Amp0_inferred__2/i__carry[0]
    SLICE_X47Y114        LUT2 (Prop_lut2_I0_O)        0.124     7.415 r  u_Demodulation/u_FFT_1/u_FFT_NonRealTIME/i__carry_i_3__2/O
                         net (fo=1, routed)           0.000     7.415    u_Demodulation/u_FFT_1/u_FFT_NonRealTIME_n_135
    SLICE_X47Y114        CARRY4 (Prop_carry4_S[0]_O[2])
                                                      0.547     7.962 r  u_Demodulation/u_FFT_1/FFT_Amp0_inferred__2/i__carry/O[2]
                         net (fo=3, routed)           1.141     9.103    u_Demodulation/u_FFT_1/FFT_Amp00_out[2]
    SLICE_X44Y118        LUT3 (Prop_lut3_I2_O)        0.302     9.405 r  u_Demodulation/u_FFT_1/FFT_Amp__2_carry__8_i_11/O
                         net (fo=2, routed)           0.862    10.267    u_Demodulation/u_FFT_1/FFT_Amp__2_carry__8_i_11_n_0
    SLICE_X44Y118        LUT5 (Prop_lut5_I1_O)        0.146    10.413 r  u_Demodulation/u_FFT_1/FFT_Amp__2_carry__8_i_3/O
                         net (fo=2, routed)           1.135    11.548    u_Demodulation/u_FFT_1/FFT_Amp__2_carry__8_i_3_n_0
    SLICE_X45Y118        LUT6 (Prop_lut6_I0_O)        0.328    11.876 r  u_Demodulation/u_FFT_1/FFT_Amp__2_carry__8_i_7/O
                         net (fo=1, routed)           0.000    11.876    u_Demodulation/u_FFT_1/FFT_Amp__2_carry__8_i_7_n_0
    SLICE_X45Y118        CARRY4 (Prop_carry4_S[1]_CO[3])
                                                      0.550    12.426 r  u_Demodulation/u_FFT_1/FFT_Amp__2_carry__8/CO[3]
                         net (fo=1, routed)           0.000    12.426    u_Demodulation/u_FFT_1/FFT_Amp__2_carry__8_n_0
    SLICE_X45Y119        CARRY4 (Prop_carry4_CI_O[1])
                                                      0.334    12.760 r  u_Demodulation/u_FFT_1/FFT_Amp__2_carry__9/O[1]
                         net (fo=1, routed)           0.703    13.463    u_Demodulation/u_FFT_1/u_fft_ram_test/U0/inst_blk_mem_gen/gnbram.gnativebmg.native_blk_mem_gen/valid.cstr/ramloop[1].ram.r/prim_noinit.ram/dina[5]
    RAMB36_X2Y24         RAMB36E1                                     r  u_Demodulation/u_FFT_1/u_fft_ram_test/U0/inst_blk_mem_gen/gnbram.gnativebmg.native_blk_mem_gen/valid.cstr/ramloop[1].ram.r/prim_noinit.ram/DEVICE_7SERIES.NO_BMM_INFO.SDP.SIMPLE_PRIM36.ram/DIADI[5]
  -------------------------------------------------------------------    -------------------

Slack:                    inf
  Source:                 u_Demodulation/u_FFT_1/u_FFT_NonRealTIME/u_FFT/U0/i_synth/axi_wrapper/data_out_channel/gen_non_real_time.fifo/fifo0/fifo_2_reg[52]/C
                            (rising edge-triggered cell FDRE)
  Destination:            u_Demodulation/u_FFT_1/u_fft_ram_test/U0/inst_blk_mem_gen/gnbram.gnativebmg.native_blk_mem_gen/valid.cstr/ramloop[1].ram.r/prim_noinit.ram/DEVICE_7SERIES.NO_BMM_INFO.SDP.SIMPLE_PRIM36.ram/DIADI[6]
  Path Group:             (none)
  Path Type:              Max at Slow Process Corner
  Data Path Delay:        13.326ns  (logic 6.808ns (51.090%)  route 6.518ns (48.910%))
  Logic Levels:           9  (CARRY4=3 DSP48E1=1 FDRE=1 LUT2=1 LUT3=1 LUT5=1 LUT6=1)

    Location             Delay type                Incr(ns)  Path(ns)    Netlist Resource(s)
  -------------------------------------------------------------------    -------------------
    SLICE_X42Y108        FDRE                         0.000     0.000 r  u_Demodulation/u_FFT_1/u_FFT_NonRealTIME/u_FFT/U0/i_synth/axi_wrapper/data_out_channel/gen_non_real_time.fifo/fifo0/fifo_2_reg[52]/C
    SLICE_X42Y108        FDRE (Prop_fdre_C_Q)         0.478     0.478 r  u_Demodulation/u_FFT_1/u_FFT_NonRealTIME/u_FFT/U0/i_synth/axi_wrapper/data_out_channel/gen_non_real_time.fifo/fifo0/fifo_2_reg[52]/Q
                         net (fo=14, routed)          1.801     2.279    u_Demodulation/u_FFT_1/FFT_IM[22]
    DSP48_X2Y49          DSP48E1 (Prop_dsp48e1_B[5]_P[17])
                                                      3.827     6.106 r  u_Demodulation/u_FFT_1/FFT_Amp0__0/P[17]
                         net (fo=2, routed)           1.185     7.291    u_Demodulation/u_FFT_1/u_FFT_NonRealTIME/FFT_Amp0_inferred__2/i__carry[0]
    SLICE_X47Y114        LUT2 (Prop_lut2_I0_O)        0.124     7.415 r  u_Demodulation/u_FFT_1/u_FFT_NonRealTIME/i__carry_i_3__2/O
                         net (fo=1, routed)           0.000     7.415    u_Demodulation/u_FFT_1/u_FFT_NonRealTIME_n_135
    SLICE_X47Y114        CARRY4 (Prop_carry4_S[0]_CO[3])
                                                      0.532     7.947 r  u_Demodulation/u_FFT_1/FFT_Amp0_inferred__2/i__carry/CO[3]
                         net (fo=1, routed)           0.000     7.947    u_Demodulation/u_FFT_1/FFT_Amp0_inferred__2/i__carry_n_0
    SLICE_X47Y115        CARRY4 (Prop_carry4_CI_O[2])
                                                      0.239     8.186 r  u_Demodulation/u_FFT_1/FFT_Amp0_inferred__2/i__carry__0/O[2]
                         net (fo=3, routed)           1.213     9.399    u_Demodulation/u_FFT_1/FFT_Amp00_out[6]
    SLICE_X44Y119        LUT3 (Prop_lut3_I2_O)        0.324     9.723 r  u_Demodulation/u_FFT_1/FFT_Amp__2_carry__9_i_6/O
                         net (fo=2, routed)           0.857    10.580    u_Demodulation/u_FFT_1/FFT_Amp__2_carry__9_i_6_n_0
    SLICE_X44Y119        LUT5 (Prop_lut5_I1_O)        0.356    10.936 r  u_Demodulation/u_FFT_1/FFT_Amp__2_carry__9_i_1/O
                         net (fo=2, routed)           0.859    11.795    u_Demodulation/u_FFT_1/FFT_Amp__2_carry__9_i_1_n_0
    SLICE_X45Y119        LUT6 (Prop_lut6_I0_O)        0.348    12.143 r  u_Demodulation/u_FFT_1/FFT_Amp__2_carry__9_i_4/O
                         net (fo=1, routed)           0.000    12.143    u_Demodulation/u_FFT_1/FFT_Amp__2_carry__9_i_4_n_0
    SLICE_X45Y119        CARRY4 (Prop_carry4_S[1]_O[2])
                                                      0.580    12.723 r  u_Demodulation/u_FFT_1/FFT_Amp__2_carry__9/O[2]
                         net (fo=1, routed)           0.602    13.326    u_Demodulation/u_FFT_1/u_fft_ram_test/U0/inst_blk_mem_gen/gnbram.gnativebmg.native_blk_mem_gen/valid.cstr/ramloop[1].ram.r/prim_noinit.ram/dina[6]
    RAMB36_X2Y24         RAMB36E1                                     r  u_Demodulation/u_FFT_1/u_fft_ram_test/U0/inst_blk_mem_gen/gnbram.gnativebmg.native_blk_mem_gen/valid.cstr/ramloop[1].ram.r/prim_noinit.ram/DEVICE_7SERIES.NO_BMM_INFO.SDP.SIMPLE_PRIM36.ram/DIADI[6]
  -------------------------------------------------------------------    -------------------

Slack:                    inf
  Source:                 u_Demodulation/u_FFT_2/u_FFT_NonRealTIME/u_FFT/U0/i_synth/axi_wrapper/data_out_channel/gen_non_real_time.fifo/fifo0/fifo_2_reg[7]/C
                            (rising edge-triggered cell FDRE)
  Destination:            u_Demodulation/u_FFT_2/u_fft_ram_test/U0/inst_blk_mem_gen/gnbram.gnativebmg.native_blk_mem_gen/valid.cstr/ramloop[1].ram.r/prim_noinit.ram/DEVICE_7SERIES.NO_BMM_INFO.SDP.SIMPLE_PRIM36.ram/DIADI[5]
  Path Group:             (none)
  Path Type:              Max at Slow Process Corner
  Data Path Delay:        13.142ns  (logic 6.721ns (51.140%)  route 6.421ns (48.860%))
  Logic Levels:           9  (CARRY4=3 DSP48E1=1 FDRE=1 LUT2=1 LUT3=1 LUT5=1 LUT6=1)

    Location             Delay type                Incr(ns)  Path(ns)    Netlist Resource(s)
  -------------------------------------------------------------------    -------------------
    SLICE_X14Y125        FDRE                         0.000     0.000 r  u_Demodulation/u_FFT_2/u_FFT_NonRealTIME/u_FFT/U0/i_synth/axi_wrapper/data_out_channel/gen_non_real_time.fifo/fifo0/fifo_2_reg[7]/C
    SLICE_X14Y125        FDRE (Prop_fdre_C_Q)         0.478     0.478 r  u_Demodulation/u_FFT_2/u_FFT_NonRealTIME/u_FFT/U0/i_synth/axi_wrapper/data_out_channel/gen_non_real_time.fifo/fifo0/fifo_2_reg[7]/Q
                         net (fo=4, routed)           1.148     1.626    u_Demodulation/u_FFT_2/FFT_RE[6]
    DSP48_X1Y53          DSP48E1 (Prop_dsp48e1_A[6]_P[17])
                                                      4.015     5.641 r  u_Demodulation/u_FFT_2/FFT_Amp0/P[17]
                         net (fo=2, routed)           1.198     6.839    u_Demodulation/u_FFT_2/u_FFT_NonRealTIME/P[0]
    SLICE_X19Y129        LUT2 (Prop_lut2_I0_O)        0.124     6.963 r  u_Demodulation/u_FFT_2/u_FFT_NonRealTIME/i__carry_i_3__3/O
                         net (fo=1, routed)           0.000     6.963    u_Demodulation/u_FFT_2/u_FFT_NonRealTIME_n_131
    SLICE_X19Y129        CARRY4 (Prop_carry4_S[0]_O[1])
                                                      0.424     7.387 r  u_Demodulation/u_FFT_2/FFT_Amp0_inferred__0/i__carry/O[1]
                         net (fo=3, routed)           1.405     8.793    u_Demodulation/u_FFT_2/FFT_Amp0_inferred__0/i__carry_n_6
    SLICE_X14Y133        LUT3 (Prop_lut3_I1_O)        0.303     9.096 r  u_Demodulation/u_FFT_2/FFT_Amp__2_carry__7_i_12__0/O
                         net (fo=2, routed)           0.843     9.939    u_Demodulation/u_FFT_2/FFT_Amp__2_carry__7_i_12__0_n_0
    SLICE_X14Y131        LUT5 (Prop_lut5_I1_O)        0.156    10.095 r  u_Demodulation/u_FFT_2/FFT_Amp__2_carry__8_i_4__0/O
                         net (fo=2, routed)           0.959    11.053    u_Demodulation/u_FFT_2/FFT_Amp__2_carry__8_i_4__0_n_0
    SLICE_X15Y132        LUT6 (Prop_lut6_I0_O)        0.355    11.408 r  u_Demodulation/u_FFT_2/FFT_Amp__2_carry__8_i_8__0/O
                         net (fo=1, routed)           0.000    11.408    u_Demodulation/u_FFT_2/FFT_Amp__2_carry__8_i_8__0_n_0
    SLICE_X15Y132        CARRY4 (Prop_carry4_S[0]_CO[3])
                                                      0.532    11.940 r  u_Demodulation/u_FFT_2/FFT_Amp__2_carry__8/CO[3]
                         net (fo=1, routed)           0.000    11.940    u_Demodulation/u_FFT_2/FFT_Amp__2_carry__8_n_0
    SLICE_X15Y133        CARRY4 (Prop_carry4_CI_O[1])
                                                      0.334    12.274 r  u_Demodulation/u_FFT_2/FFT_Amp__2_carry__9/O[1]
                         net (fo=1, routed)           0.868    13.142    u_Demodulation/u_FFT_2/u_fft_ram_test/U0/inst_blk_mem_gen/gnbram.gnativebmg.native_blk_mem_gen/valid.cstr/ramloop[1].ram.r/prim_noinit.ram/dina[5]
    RAMB36_X0Y28         RAMB36E1                                     r  u_Demodulation/u_FFT_2/u_fft_ram_test/U0/inst_blk_mem_gen/gnbram.gnativebmg.native_blk_mem_gen/valid.cstr/ramloop[1].ram.r/prim_noinit.ram/DEVICE_7SERIES.NO_BMM_INFO.SDP.SIMPLE_PRIM36.ram/DIADI[5]
  -------------------------------------------------------------------    -------------------

Slack:                    inf
  Source:                 u_Demodulation/u_FFT_1/u_FFT_NonRealTIME/u_FFT/U0/i_synth/axi_wrapper/data_out_channel/gen_non_real_time.fifo/fifo0/fifo_2_reg[52]/C
                            (rising edge-triggered cell FDRE)
  Destination:            u_Demodulation/u_FFT_1/u_fft_ram_test/U0/inst_blk_mem_gen/gnbram.gnativebmg.native_blk_mem_gen/valid.cstr/ramloop[1].ram.r/prim_noinit.ram/DEVICE_7SERIES.NO_BMM_INFO.SDP.SIMPLE_PRIM36.ram/DIADI[4]
  Path Group:             (none)
  Path Type:              Max at Slow Process Corner
  Data Path Delay:        13.115ns  (logic 6.524ns (49.744%)  route 6.591ns (50.256%))
  Logic Levels:           9  (CARRY4=3 DSP48E1=1 FDRE=1 LUT2=1 LUT3=1 LUT5=1 LUT6=1)

    Location             Delay type                Incr(ns)  Path(ns)    Netlist Resource(s)
  -------------------------------------------------------------------    -------------------
    SLICE_X42Y108        FDRE                         0.000     0.000 r  u_Demodulation/u_FFT_1/u_FFT_NonRealTIME/u_FFT/U0/i_synth/axi_wrapper/data_out_channel/gen_non_real_time.fifo/fifo0/fifo_2_reg[52]/C
    SLICE_X42Y108        FDRE (Prop_fdre_C_Q)         0.478     0.478 r  u_Demodulation/u_FFT_1/u_FFT_NonRealTIME/u_FFT/U0/i_synth/axi_wrapper/data_out_channel/gen_non_real_time.fifo/fifo0/fifo_2_reg[52]/Q
                         net (fo=14, routed)          1.801     2.279    u_Demodulation/u_FFT_1/FFT_IM[22]
    DSP48_X2Y49          DSP48E1 (Prop_dsp48e1_B[5]_P[17])
                                                      3.827     6.106 r  u_Demodulation/u_FFT_1/FFT_Amp0__0/P[17]
                         net (fo=2, routed)           1.185     7.291    u_Demodulation/u_FFT_1/u_FFT_NonRealTIME/FFT_Amp0_inferred__2/i__carry[0]
    SLICE_X47Y114        LUT2 (Prop_lut2_I0_O)        0.124     7.415 r  u_Demodulation/u_FFT_1/u_FFT_NonRealTIME/i__carry_i_3__2/O
                         net (fo=1, routed)           0.000     7.415    u_Demodulation/u_FFT_1/u_FFT_NonRealTIME_n_135
    SLICE_X47Y114        CARRY4 (Prop_carry4_S[0]_O[2])
                                                      0.547     7.962 r  u_Demodulation/u_FFT_1/FFT_Amp0_inferred__2/i__carry/O[2]
                         net (fo=3, routed)           1.141     9.103    u_Demodulation/u_FFT_1/FFT_Amp00_out[2]
    SLICE_X44Y118        LUT3 (Prop_lut3_I2_O)        0.302     9.405 r  u_Demodulation/u_FFT_1/FFT_Amp__2_carry__8_i_11/O
                         net (fo=2, routed)           0.862    10.267    u_Demodulation/u_FFT_1/FFT_Amp__2_carry__8_i_11_n_0
    SLICE_X44Y118        LUT5 (Prop_lut5_I1_O)        0.146    10.413 r  u_Demodulation/u_FFT_1/FFT_Amp__2_carry__8_i_3/O
                         net (fo=2, routed)           1.135    11.548    u_Demodulation/u_FFT_1/FFT_Amp__2_carry__8_i_3_n_0
    SLICE_X45Y118        LUT6 (Prop_lut6_I0_O)        0.328    11.876 r  u_Demodulation/u_FFT_1/FFT_Amp__2_carry__8_i_7/O
                         net (fo=1, routed)           0.000    11.876    u_Demodulation/u_FFT_1/FFT_Amp__2_carry__8_i_7_n_0
    SLICE_X45Y118        CARRY4 (Prop_carry4_S[1]_CO[3])
                                                      0.550    12.426 r  u_Demodulation/u_FFT_1/FFT_Amp__2_carry__8/CO[3]
                         net (fo=1, routed)           0.000    12.426    u_Demodulation/u_FFT_1/FFT_Amp__2_carry__8_n_0
    SLICE_X45Y119        CARRY4 (Prop_carry4_CI_O[0])
                                                      0.222    12.648 r  u_Demodulation/u_FFT_1/FFT_Amp__2_carry__9/O[0]
                         net (fo=1, routed)           0.467    13.115    u_Demodulation/u_FFT_1/u_fft_ram_test/U0/inst_blk_mem_gen/gnbram.gnativebmg.native_blk_mem_gen/valid.cstr/ramloop[1].ram.r/prim_noinit.ram/dina[4]
    RAMB36_X2Y24         RAMB36E1                                     r  u_Demodulation/u_FFT_1/u_fft_ram_test/U0/inst_blk_mem_gen/gnbram.gnativebmg.native_blk_mem_gen/valid.cstr/ramloop[1].ram.r/prim_noinit.ram/DEVICE_7SERIES.NO_BMM_INFO.SDP.SIMPLE_PRIM36.ram/DIADI[4]
  -------------------------------------------------------------------    -------------------

Slack:                    inf
  Source:                 u_Demodulation/u_FFT_2/u_FFT_NonRealTIME/u_FFT/U0/i_synth/axi_wrapper/data_out_channel/gen_non_real_time.fifo/fifo0/fifo_2_reg[7]/C
                            (rising edge-triggered cell FDRE)
  Destination:            u_Demodulation/u_FFT_2/u_fft_ram_test/U0/inst_blk_mem_gen/gnbram.gnativebmg.native_blk_mem_gen/valid.cstr/ramloop[1].ram.r/prim_noinit.ram/DEVICE_7SERIES.NO_BMM_INFO.SDP.SIMPLE_PRIM36.ram/DIADI[6]
  Path Group:             (none)
  Path Type:              Max at Slow Process Corner
  Data Path Delay:        13.026ns  (logic 6.626ns (50.866%)  route 6.400ns (49.134%))
  Logic Levels:           9  (CARRY4=3 DSP48E1=1 FDRE=1 LUT2=1 LUT3=1 LUT5=1 LUT6=1)

    Location             Delay type                Incr(ns)  Path(ns)    Netlist Resource(s)
  -------------------------------------------------------------------    -------------------
    SLICE_X14Y125        FDRE                         0.000     0.000 r  u_Demodulation/u_FFT_2/u_FFT_NonRealTIME/u_FFT/U0/i_synth/axi_wrapper/data_out_channel/gen_non_real_time.fifo/fifo0/fifo_2_reg[7]/C
    SLICE_X14Y125        FDRE (Prop_fdre_C_Q)         0.478     0.478 r  u_Demodulation/u_FFT_2/u_FFT_NonRealTIME/u_FFT/U0/i_synth/axi_wrapper/data_out_channel/gen_non_real_time.fifo/fifo0/fifo_2_reg[7]/Q
                         net (fo=4, routed)           1.148     1.626    u_Demodulation/u_FFT_2/FFT_RE[6]
    DSP48_X1Y53          DSP48E1 (Prop_dsp48e1_A[6]_P[17])
                                                      4.015     5.641 r  u_Demodulation/u_FFT_2/FFT_Amp0/P[17]
                         net (fo=2, routed)           1.198     6.839    u_Demodulation/u_FFT_2/u_FFT_NonRealTIME/P[0]
    SLICE_X19Y129        LUT2 (Prop_lut2_I0_O)        0.124     6.963 r  u_Demodulation/u_FFT_2/u_FFT_NonRealTIME/i__carry_i_3__3/O
                         net (fo=1, routed)           0.000     6.963    u_Demodulation/u_FFT_2/u_FFT_NonRealTIME_n_131
    SLICE_X19Y129        CARRY4 (Prop_carry4_S[0]_O[1])
                                                      0.424     7.387 r  u_Demodulation/u_FFT_2/FFT_Amp0_inferred__0/i__carry/O[1]
                         net (fo=3, routed)           1.405     8.793    u_Demodulation/u_FFT_2/FFT_Amp0_inferred__0/i__carry_n_6
    SLICE_X14Y133        LUT3 (Prop_lut3_I1_O)        0.303     9.096 r  u_Demodulation/u_FFT_2/FFT_Amp__2_carry__7_i_12__0/O
                         net (fo=2, routed)           0.843     9.939    u_Demodulation/u_FFT_2/FFT_Amp__2_carry__7_i_12__0_n_0
    SLICE_X14Y131        LUT5 (Prop_lut5_I1_O)        0.156    10.095 r  u_Demodulation/u_FFT_2/FFT_Amp__2_carry__8_i_4__0/O
                         net (fo=2, routed)           0.959    11.053    u_Demodulation/u_FFT_2/FFT_Amp__2_carry__8_i_4__0_n_0
    SLICE_X15Y132        LUT6 (Prop_lut6_I0_O)        0.355    11.408 r  u_Demodulation/u_FFT_2/FFT_Amp__2_carry__8_i_8__0/O
                         net (fo=1, routed)           0.000    11.408    u_Demodulation/u_FFT_2/FFT_Amp__2_carry__8_i_8__0_n_0
    SLICE_X15Y132        CARRY4 (Prop_carry4_S[0]_CO[3])
                                                      0.532    11.940 r  u_Demodulation/u_FFT_2/FFT_Amp__2_carry__8/CO[3]
                         net (fo=1, routed)           0.000    11.940    u_Demodulation/u_FFT_2/FFT_Amp__2_carry__8_n_0
    SLICE_X15Y133        CARRY4 (Prop_carry4_CI_O[2])
                                                      0.239    12.179 r  u_Demodulation/u_FFT_2/FFT_Amp__2_carry__9/O[2]
                         net (fo=1, routed)           0.847    13.026    u_Demodulation/u_FFT_2/u_fft_ram_test/U0/inst_blk_mem_gen/gnbram.gnativebmg.native_blk_mem_gen/valid.cstr/ramloop[1].ram.r/prim_noinit.ram/dina[6]
    RAMB36_X0Y28         RAMB36E1                                     r  u_Demodulation/u_FFT_2/u_fft_ram_test/U0/inst_blk_mem_gen/gnbram.gnativebmg.native_blk_mem_gen/valid.cstr/ramloop[1].ram.r/prim_noinit.ram/DEVICE_7SERIES.NO_BMM_INFO.SDP.SIMPLE_PRIM36.ram/DIADI[6]
  -------------------------------------------------------------------    -------------------

Slack:                    inf
  Source:                 u_Demodulation/u_FFT_1/u_FFT_NonRealTIME/u_FFT/U0/i_synth/axi_wrapper/data_out_channel/gen_non_real_time.fifo/fifo0/fifo_2_reg[52]/C
                            (rising edge-triggered cell FDRE)
  Destination:            u_Demodulation/u_FFT_1/u_fft_ram_test/U0/inst_blk_mem_gen/gnbram.gnativebmg.native_blk_mem_gen/valid.cstr/ramloop[1].ram.r/prim_noinit.ram/DEVICE_7SERIES.NO_BMM_INFO.SDP.SIMPLE_PRIM36.ram/DIADI[3]
  Path Group:             (none)
  Path Type:              Max at Slow Process Corner
  Data Path Delay:        13.016ns  (logic 6.392ns (49.109%)  route 6.624ns (50.891%))
  Logic Levels:           8  (CARRY4=2 DSP48E1=1 FDRE=1 LUT2=1 LUT3=1 LUT5=1 LUT6=1)

    Location             Delay type                Incr(ns)  Path(ns)    Netlist Resource(s)
  -------------------------------------------------------------------    -------------------
    SLICE_X42Y108        FDRE                         0.000     0.000 r  u_Demodulation/u_FFT_1/u_FFT_NonRealTIME/u_FFT/U0/i_synth/axi_wrapper/data_out_channel/gen_non_real_time.fifo/fifo0/fifo_2_reg[52]/C
    SLICE_X42Y108        FDRE (Prop_fdre_C_Q)         0.478     0.478 r  u_Demodulation/u_FFT_1/u_FFT_NonRealTIME/u_FFT/U0/i_synth/axi_wrapper/data_out_channel/gen_non_real_time.fifo/fifo0/fifo_2_reg[52]/Q
                         net (fo=14, routed)          1.801     2.279    u_Demodulation/u_FFT_1/FFT_IM[22]
    DSP48_X2Y49          DSP48E1 (Prop_dsp48e1_B[5]_P[17])
                                                      3.827     6.106 r  u_Demodulation/u_FFT_1/FFT_Amp0__0/P[17]
                         net (fo=2, routed)           1.185     7.291    u_Demodulation/u_FFT_1/u_FFT_NonRealTIME/FFT_Amp0_inferred__2/i__carry[0]
    SLICE_X47Y114        LUT2 (Prop_lut2_I0_O)        0.124     7.415 r  u_Demodulation/u_FFT_1/u_FFT_NonRealTIME/i__carry_i_3__2/O
                         net (fo=1, routed)           0.000     7.415    u_Demodulation/u_FFT_1/u_FFT_NonRealTIME_n_135
    SLICE_X47Y114        CARRY4 (Prop_carry4_S[0]_O[2])
                                                      0.547     7.962 r  u_Demodulation/u_FFT_1/FFT_Amp0_inferred__2/i__carry/O[2]
                         net (fo=3, routed)           1.141     9.103    u_Demodulation/u_FFT_1/FFT_Amp00_out[2]
    SLICE_X44Y118        LUT3 (Prop_lut3_I2_O)        0.302     9.405 r  u_Demodulation/u_FFT_1/FFT_Amp__2_carry__8_i_11/O
                         net (fo=2, routed)           0.862    10.267    u_Demodulation/u_FFT_1/FFT_Amp__2_carry__8_i_11_n_0
    SLICE_X44Y118        LUT5 (Prop_lut5_I1_O)        0.146    10.413 r  u_Demodulation/u_FFT_1/FFT_Amp__2_carry__8_i_3/O
                         net (fo=2, routed)           1.135    11.548    u_Demodulation/u_FFT_1/FFT_Amp__2_carry__8_i_3_n_0
    SLICE_X45Y118        LUT6 (Prop_lut6_I0_O)        0.328    11.876 r  u_Demodulation/u_FFT_1/FFT_Amp__2_carry__8_i_7/O
                         net (fo=1, routed)           0.000    11.876    u_Demodulation/u_FFT_1/FFT_Amp__2_carry__8_i_7_n_0
    SLICE_X45Y118        CARRY4 (Prop_carry4_S[1]_O[3])
                                                      0.640    12.516 r  u_Demodulation/u_FFT_1/FFT_Amp__2_carry__8/O[3]
                         net (fo=1, routed)           0.500    13.016    u_Demodulation/u_FFT_1/u_fft_ram_test/U0/inst_blk_mem_gen/gnbram.gnativebmg.native_blk_mem_gen/valid.cstr/ramloop[1].ram.r/prim_noinit.ram/dina[3]
    RAMB36_X2Y24         RAMB36E1                                     r  u_Demodulation/u_FFT_1/u_fft_ram_test/U0/inst_blk_mem_gen/gnbram.gnativebmg.native_blk_mem_gen/valid.cstr/ramloop[1].ram.r/prim_noinit.ram/DEVICE_7SERIES.NO_BMM_INFO.SDP.SIMPLE_PRIM36.ram/DIADI[3]
  -------------------------------------------------------------------    -------------------

Slack:                    inf
  Source:                 u_Demodulation/u_FFT_1/u_FFT_NonRealTIME/u_FFT/U0/i_synth/axi_wrapper/data_out_channel/gen_non_real_time.fifo/fifo0/fifo_2_reg[52]/C
                            (rising edge-triggered cell FDRE)
  Destination:            u_Demodulation/u_FFT_1/u_fft_ram_test/U0/inst_blk_mem_gen/gnbram.gnativebmg.native_blk_mem_gen/valid.cstr/ramloop[1].ram.r/prim_noinit.ram/DEVICE_7SERIES.NO_BMM_INFO.SDP.SIMPLE_PRIM36.ram/DIADI[2]
  Path Group:             (none)
  Path Type:              Max at Slow Process Corner
  Data Path Delay:        12.919ns  (logic 6.332ns (49.012%)  route 6.587ns (50.988%))
  Logic Levels:           8  (CARRY4=2 DSP48E1=1 FDRE=1 LUT2=1 LUT3=1 LUT5=1 LUT6=1)

    Location             Delay type                Incr(ns)  Path(ns)    Netlist Resource(s)
  -------------------------------------------------------------------    -------------------
    SLICE_X42Y108        FDRE                         0.000     0.000 r  u_Demodulation/u_FFT_1/u_FFT_NonRealTIME/u_FFT/U0/i_synth/axi_wrapper/data_out_channel/gen_non_real_time.fifo/fifo0/fifo_2_reg[52]/C
    SLICE_X42Y108        FDRE (Prop_fdre_C_Q)         0.478     0.478 r  u_Demodulation/u_FFT_1/u_FFT_NonRealTIME/u_FFT/U0/i_synth/axi_wrapper/data_out_channel/gen_non_real_time.fifo/fifo0/fifo_2_reg[52]/Q
                         net (fo=14, routed)          1.801     2.279    u_Demodulation/u_FFT_1/FFT_IM[22]
    DSP48_X2Y49          DSP48E1 (Prop_dsp48e1_B[5]_P[17])
                                                      3.827     6.106 r  u_Demodulation/u_FFT_1/FFT_Amp0__0/P[17]
                         net (fo=2, routed)           1.185     7.291    u_Demodulation/u_FFT_1/u_FFT_NonRealTIME/FFT_Amp0_inferred__2/i__carry[0]
    SLICE_X47Y114        LUT2 (Prop_lut2_I0_O)        0.124     7.415 r  u_Demodulation/u_FFT_1/u_FFT_NonRealTIME/i__carry_i_3__2/O
                         net (fo=1, routed)           0.000     7.415    u_Demodulation/u_FFT_1/u_FFT_NonRealTIME_n_135
    SLICE_X47Y114        CARRY4 (Prop_carry4_S[0]_O[2])
                                                      0.547     7.962 r  u_Demodulation/u_FFT_1/FFT_Amp0_inferred__2/i__carry/O[2]
                         net (fo=3, routed)           1.141     9.103    u_Demodulation/u_FFT_1/FFT_Amp00_out[2]
    SLICE_X44Y118        LUT3 (Prop_lut3_I2_O)        0.302     9.405 r  u_Demodulation/u_FFT_1/FFT_Amp__2_carry__8_i_11/O
                         net (fo=2, routed)           0.862    10.267    u_Demodulation/u_FFT_1/FFT_Amp__2_carry__8_i_11_n_0
    SLICE_X44Y118        LUT5 (Prop_lut5_I1_O)        0.146    10.413 r  u_Demodulation/u_FFT_1/FFT_Amp__2_carry__8_i_3/O
                         net (fo=2, routed)           1.135    11.548    u_Demodulation/u_FFT_1/FFT_Amp__2_carry__8_i_3_n_0
    SLICE_X45Y118        LUT6 (Prop_lut6_I0_O)        0.328    11.876 r  u_Demodulation/u_FFT_1/FFT_Amp__2_carry__8_i_7/O
                         net (fo=1, routed)           0.000    11.876    u_Demodulation/u_FFT_1/FFT_Amp__2_carry__8_i_7_n_0
    SLICE_X45Y118        CARRY4 (Prop_carry4_S[1]_O[2])
                                                      0.580    12.456 r  u_Demodulation/u_FFT_1/FFT_Amp__2_carry__8/O[2]
                         net (fo=1, routed)           0.464    12.919    u_Demodulation/u_FFT_1/u_fft_ram_test/U0/inst_blk_mem_gen/gnbram.gnativebmg.native_blk_mem_gen/valid.cstr/ramloop[1].ram.r/prim_noinit.ram/dina[2]
    RAMB36_X2Y24         RAMB36E1                                     r  u_Demodulation/u_FFT_1/u_fft_ram_test/U0/inst_blk_mem_gen/gnbram.gnativebmg.native_blk_mem_gen/valid.cstr/ramloop[1].ram.r/prim_noinit.ram/DEVICE_7SERIES.NO_BMM_INFO.SDP.SIMPLE_PRIM36.ram/DIADI[2]
  -------------------------------------------------------------------    -------------------

Slack:                    inf
  Source:                 u_Demodulation/u_FFT_2/u_FFT_NonRealTIME/u_FFT/U0/i_synth/axi_wrapper/data_out_channel/gen_non_real_time.fifo/fifo0/fifo_2_reg[7]/C
                            (rising edge-triggered cell FDRE)
  Destination:            u_Demodulation/u_FFT_2/u_fft_ram_test/U0/inst_blk_mem_gen/gnbram.gnativebmg.native_blk_mem_gen/valid.cstr/ramloop[1].ram.r/prim_noinit.ram/DEVICE_7SERIES.NO_BMM_INFO.SDP.SIMPLE_PRIM36.ram/DIADI[3]
  Path Group:             (none)
  Path Type:              Max at Slow Process Corner
  Data Path Delay:        12.916ns  (logic 6.461ns (50.021%)  route 6.455ns (49.979%))
  Logic Levels:           8  (CARRY4=2 DSP48E1=1 FDRE=1 LUT2=1 LUT3=1 LUT5=1 LUT6=1)

    Location             Delay type                Incr(ns)  Path(ns)    Netlist Resource(s)
  -------------------------------------------------------------------    -------------------
    SLICE_X14Y125        FDRE                         0.000     0.000 r  u_Demodulation/u_FFT_2/u_FFT_NonRealTIME/u_FFT/U0/i_synth/axi_wrapper/data_out_channel/gen_non_real_time.fifo/fifo0/fifo_2_reg[7]/C
    SLICE_X14Y125        FDRE (Prop_fdre_C_Q)         0.478     0.478 r  u_Demodulation/u_FFT_2/u_FFT_NonRealTIME/u_FFT/U0/i_synth/axi_wrapper/data_out_channel/gen_non_real_time.fifo/fifo0/fifo_2_reg[7]/Q
                         net (fo=4, routed)           1.148     1.626    u_Demodulation/u_FFT_2/FFT_RE[6]
    DSP48_X1Y53          DSP48E1 (Prop_dsp48e1_A[6]_P[17])
                                                      4.015     5.641 r  u_Demodulation/u_FFT_2/FFT_Amp0/P[17]
                         net (fo=2, routed)           1.198     6.839    u_Demodulation/u_FFT_2/u_FFT_NonRealTIME/P[0]
    SLICE_X19Y129        LUT2 (Prop_lut2_I0_O)        0.124     6.963 r  u_Demodulation/u_FFT_2/u_FFT_NonRealTIME/i__carry_i_3__3/O
                         net (fo=1, routed)           0.000     6.963    u_Demodulation/u_FFT_2/u_FFT_NonRealTIME_n_131
    SLICE_X19Y129        CARRY4 (Prop_carry4_S[0]_O[1])
                                                      0.424     7.387 r  u_Demodulation/u_FFT_2/FFT_Amp0_inferred__0/i__carry/O[1]
                         net (fo=3, routed)           1.405     8.793    u_Demodulation/u_FFT_2/FFT_Amp0_inferred__0/i__carry_n_6
    SLICE_X14Y133        LUT3 (Prop_lut3_I1_O)        0.303     9.096 r  u_Demodulation/u_FFT_2/FFT_Amp__2_carry__7_i_12__0/O
                         net (fo=2, routed)           0.843     9.939    u_Demodulation/u_FFT_2/FFT_Amp__2_carry__7_i_12__0_n_0
    SLICE_X14Y131        LUT5 (Prop_lut5_I1_O)        0.156    10.095 r  u_Demodulation/u_FFT_2/FFT_Amp__2_carry__8_i_4__0/O
                         net (fo=2, routed)           0.959    11.053    u_Demodulation/u_FFT_2/FFT_Amp__2_carry__8_i_4__0_n_0
    SLICE_X15Y132        LUT6 (Prop_lut6_I0_O)        0.355    11.408 r  u_Demodulation/u_FFT_2/FFT_Amp__2_carry__8_i_8__0/O
                         net (fo=1, routed)           0.000    11.408    u_Demodulation/u_FFT_2/FFT_Amp__2_carry__8_i_8__0_n_0
    SLICE_X15Y132        CARRY4 (Prop_carry4_S[0]_O[3])
                                                      0.606    12.014 r  u_Demodulation/u_FFT_2/FFT_Amp__2_carry__8/O[3]
                         net (fo=1, routed)           0.902    12.916    u_Demodulation/u_FFT_2/u_fft_ram_test/U0/inst_blk_mem_gen/gnbram.gnativebmg.native_blk_mem_gen/valid.cstr/ramloop[1].ram.r/prim_noinit.ram/dina[3]
    RAMB36_X0Y28         RAMB36E1                                     r  u_Demodulation/u_FFT_2/u_fft_ram_test/U0/inst_blk_mem_gen/gnbram.gnativebmg.native_blk_mem_gen/valid.cstr/ramloop[1].ram.r/prim_noinit.ram/DEVICE_7SERIES.NO_BMM_INFO.SDP.SIMPLE_PRIM36.ram/DIADI[3]
  -------------------------------------------------------------------    -------------------





Min Delay Paths
--------------------------------------------------------------------------------------
Slack:                    inf
  Source:                 u_Demodulation/u_FFT_1/u_FFT_NonRealTIME/u_FFT/U0/i_synth/xfft_inst/non_floating_point.arch_c.xfft_inst/single_channel.datapath/pe/cmplx_mult/i_cmpy/three_mult_structure.use_dsp.i_dsp48/mult1_preadder_d_plus_a.mult1/mult/use_prim.appDSP48[0].bppDSP48[0].use_dsp.use_dsp48e1.iDSP48E1/ACOUT[0]
                            (internal pin)
  Destination:            u_Demodulation/u_FFT_1/u_FFT_NonRealTIME/u_FFT/U0/i_synth/xfft_inst/non_floating_point.arch_c.xfft_inst/single_channel.datapath/pe/cmplx_mult/i_cmpy/three_mult_structure.use_dsp.i_dsp48/mult1_preadder_d_plus_a.mult1/mult/use_prim.appDSP48[0].bppDSP48[1].use_dsp.use_dsp48e1.iDSP48E1/ACIN[0]
  Path Group:             (none)
  Path Type:              Min at Slow Process Corner
  Data Path Delay:        0.002ns  (logic 0.000ns (0.000%)  route 0.002ns (100.000%))
  Logic Levels:           0  

    Location             Delay type                Incr(ns)  Path(ns)    Netlist Resource(s)
  -------------------------------------------------------------------    -------------------
    DSP48_X2Y42          DSP48E1                      0.000     0.000 r  u_Demodulation/u_FFT_1/u_FFT_NonRealTIME/u_FFT/U0/i_synth/xfft_inst/non_floating_point.arch_c.xfft_inst/single_channel.datapath/pe/cmplx_mult/i_cmpy/three_mult_structure.use_dsp.i_dsp48/mult1_preadder_d_plus_a.mult1/mult/use_prim.appDSP48[0].bppDSP48[0].use_dsp.use_dsp48e1.iDSP48E1/ACOUT[0]
                         net (fo=1, routed)           0.002     0.002    u_Demodulation/u_FFT_1/u_FFT_NonRealTIME/u_FFT/U0/i_synth/xfft_inst/non_floating_point.arch_c.xfft_inst/single_channel.datapath/pe/cmplx_mult/i_cmpy/three_mult_structure.use_dsp.i_dsp48/mult1_preadder_d_plus_a.mult1/mult/acout[0,0][0]
    DSP48_X2Y43          DSP48E1                                      r  u_Demodulation/u_FFT_1/u_FFT_NonRealTIME/u_FFT/U0/i_synth/xfft_inst/non_floating_point.arch_c.xfft_inst/single_channel.datapath/pe/cmplx_mult/i_cmpy/three_mult_structure.use_dsp.i_dsp48/mult1_preadder_d_plus_a.mult1/mult/use_prim.appDSP48[0].bppDSP48[1].use_dsp.use_dsp48e1.iDSP48E1/ACIN[0]
  -------------------------------------------------------------------    -------------------

Slack:                    inf
  Source:                 u_Demodulation/u_FFT_1/u_FFT_NonRealTIME/u_FFT/U0/i_synth/xfft_inst/non_floating_point.arch_c.xfft_inst/single_channel.datapath/pe/cmplx_mult/i_cmpy/three_mult_structure.use_dsp.i_dsp48/mult1_preadder_d_plus_a.mult1/mult/use_prim.appDSP48[0].bppDSP48[0].use_dsp.use_dsp48e1.iDSP48E1/ACOUT[10]
                            (internal pin)
  Destination:            u_Demodulation/u_FFT_1/u_FFT_NonRealTIME/u_FFT/U0/i_synth/xfft_inst/non_floating_point.arch_c.xfft_inst/single_channel.datapath/pe/cmplx_mult/i_cmpy/three_mult_structure.use_dsp.i_dsp48/mult1_preadder_d_plus_a.mult1/mult/use_prim.appDSP48[0].bppDSP48[1].use_dsp.use_dsp48e1.iDSP48E1/ACIN[10]
  Path Group:             (none)
  Path Type:              Min at Slow Process Corner
  Data Path Delay:        0.002ns  (logic 0.000ns (0.000%)  route 0.002ns (100.000%))
  Logic Levels:           0  

    Location             Delay type                Incr(ns)  Path(ns)    Netlist Resource(s)
  -------------------------------------------------------------------    -------------------
    DSP48_X2Y42          DSP48E1                      0.000     0.000 r  u_Demodulation/u_FFT_1/u_FFT_NonRealTIME/u_FFT/U0/i_synth/xfft_inst/non_floating_point.arch_c.xfft_inst/single_channel.datapath/pe/cmplx_mult/i_cmpy/three_mult_structure.use_dsp.i_dsp48/mult1_preadder_d_plus_a.mult1/mult/use_prim.appDSP48[0].bppDSP48[0].use_dsp.use_dsp48e1.iDSP48E1/ACOUT[10]
                         net (fo=1, routed)           0.002     0.002    u_Demodulation/u_FFT_1/u_FFT_NonRealTIME/u_FFT/U0/i_synth/xfft_inst/non_floating_point.arch_c.xfft_inst/single_channel.datapath/pe/cmplx_mult/i_cmpy/three_mult_structure.use_dsp.i_dsp48/mult1_preadder_d_plus_a.mult1/mult/acout[0,0][10]
    DSP48_X2Y43          DSP48E1                                      r  u_Demodulation/u_FFT_1/u_FFT_NonRealTIME/u_FFT/U0/i_synth/xfft_inst/non_floating_point.arch_c.xfft_inst/single_channel.datapath/pe/cmplx_mult/i_cmpy/three_mult_structure.use_dsp.i_dsp48/mult1_preadder_d_plus_a.mult1/mult/use_prim.appDSP48[0].bppDSP48[1].use_dsp.use_dsp48e1.iDSP48E1/ACIN[10]
  -------------------------------------------------------------------    -------------------

Slack:                    inf
  Source:                 u_Demodulation/u_FFT_1/u_FFT_NonRealTIME/u_FFT/U0/i_synth/xfft_inst/non_floating_point.arch_c.xfft_inst/single_channel.datapath/pe/cmplx_mult/i_cmpy/three_mult_structure.use_dsp.i_dsp48/mult1_preadder_d_plus_a.mult1/mult/use_prim.appDSP48[0].bppDSP48[0].use_dsp.use_dsp48e1.iDSP48E1/ACOUT[11]
                            (internal pin)
  Destination:            u_Demodulation/u_FFT_1/u_FFT_NonRealTIME/u_FFT/U0/i_synth/xfft_inst/non_floating_point.arch_c.xfft_inst/single_channel.datapath/pe/cmplx_mult/i_cmpy/three_mult_structure.use_dsp.i_dsp48/mult1_preadder_d_plus_a.mult1/mult/use_prim.appDSP48[0].bppDSP48[1].use_dsp.use_dsp48e1.iDSP48E1/ACIN[11]
  Path Group:             (none)
  Path Type:              Min at Slow Process Corner
  Data Path Delay:        0.002ns  (logic 0.000ns (0.000%)  route 0.002ns (100.000%))
  Logic Levels:           0  

    Location             Delay type                Incr(ns)  Path(ns)    Netlist Resource(s)
  -------------------------------------------------------------------    -------------------
    DSP48_X2Y42          DSP48E1                      0.000     0.000 r  u_Demodulation/u_FFT_1/u_FFT_NonRealTIME/u_FFT/U0/i_synth/xfft_inst/non_floating_point.arch_c.xfft_inst/single_channel.datapath/pe/cmplx_mult/i_cmpy/three_mult_structure.use_dsp.i_dsp48/mult1_preadder_d_plus_a.mult1/mult/use_prim.appDSP48[0].bppDSP48[0].use_dsp.use_dsp48e1.iDSP48E1/ACOUT[11]
                         net (fo=1, routed)           0.002     0.002    u_Demodulation/u_FFT_1/u_FFT_NonRealTIME/u_FFT/U0/i_synth/xfft_inst/non_floating_point.arch_c.xfft_inst/single_channel.datapath/pe/cmplx_mult/i_cmpy/three_mult_structure.use_dsp.i_dsp48/mult1_preadder_d_plus_a.mult1/mult/acout[0,0][11]
    DSP48_X2Y43          DSP48E1                                      r  u_Demodulation/u_FFT_1/u_FFT_NonRealTIME/u_FFT/U0/i_synth/xfft_inst/non_floating_point.arch_c.xfft_inst/single_channel.datapath/pe/cmplx_mult/i_cmpy/three_mult_structure.use_dsp.i_dsp48/mult1_preadder_d_plus_a.mult1/mult/use_prim.appDSP48[0].bppDSP48[1].use_dsp.use_dsp48e1.iDSP48E1/ACIN[11]
  -------------------------------------------------------------------    -------------------

Slack:                    inf
  Source:                 u_Demodulation/u_FFT_1/u_FFT_NonRealTIME/u_FFT/U0/i_synth/xfft_inst/non_floating_point.arch_c.xfft_inst/single_channel.datapath/pe/cmplx_mult/i_cmpy/three_mult_structure.use_dsp.i_dsp48/mult1_preadder_d_plus_a.mult1/mult/use_prim.appDSP48[0].bppDSP48[0].use_dsp.use_dsp48e1.iDSP48E1/ACOUT[12]
                            (internal pin)
  Destination:            u_Demodulation/u_FFT_1/u_FFT_NonRealTIME/u_FFT/U0/i_synth/xfft_inst/non_floating_point.arch_c.xfft_inst/single_channel.datapath/pe/cmplx_mult/i_cmpy/three_mult_structure.use_dsp.i_dsp48/mult1_preadder_d_plus_a.mult1/mult/use_prim.appDSP48[0].bppDSP48[1].use_dsp.use_dsp48e1.iDSP48E1/ACIN[12]
  Path Group:             (none)
  Path Type:              Min at Slow Process Corner
  Data Path Delay:        0.002ns  (logic 0.000ns (0.000%)  route 0.002ns (100.000%))
  Logic Levels:           0  

    Location             Delay type                Incr(ns)  Path(ns)    Netlist Resource(s)
  -------------------------------------------------------------------    -------------------
    DSP48_X2Y42          DSP48E1                      0.000     0.000 r  u_Demodulation/u_FFT_1/u_FFT_NonRealTIME/u_FFT/U0/i_synth/xfft_inst/non_floating_point.arch_c.xfft_inst/single_channel.datapath/pe/cmplx_mult/i_cmpy/three_mult_structure.use_dsp.i_dsp48/mult1_preadder_d_plus_a.mult1/mult/use_prim.appDSP48[0].bppDSP48[0].use_dsp.use_dsp48e1.iDSP48E1/ACOUT[12]
                         net (fo=1, routed)           0.002     0.002    u_Demodulation/u_FFT_1/u_FFT_NonRealTIME/u_FFT/U0/i_synth/xfft_inst/non_floating_point.arch_c.xfft_inst/single_channel.datapath/pe/cmplx_mult/i_cmpy/three_mult_structure.use_dsp.i_dsp48/mult1_preadder_d_plus_a.mult1/mult/acout[0,0][12]
    DSP48_X2Y43          DSP48E1                                      r  u_Demodulation/u_FFT_1/u_FFT_NonRealTIME/u_FFT/U0/i_synth/xfft_inst/non_floating_point.arch_c.xfft_inst/single_channel.datapath/pe/cmplx_mult/i_cmpy/three_mult_structure.use_dsp.i_dsp48/mult1_preadder_d_plus_a.mult1/mult/use_prim.appDSP48[0].bppDSP48[1].use_dsp.use_dsp48e1.iDSP48E1/ACIN[12]
  -------------------------------------------------------------------    -------------------

Slack:                    inf
  Source:                 u_Demodulation/u_FFT_1/u_FFT_NonRealTIME/u_FFT/U0/i_synth/xfft_inst/non_floating_point.arch_c.xfft_inst/single_channel.datapath/pe/cmplx_mult/i_cmpy/three_mult_structure.use_dsp.i_dsp48/mult1_preadder_d_plus_a.mult1/mult/use_prim.appDSP48[0].bppDSP48[0].use_dsp.use_dsp48e1.iDSP48E1/ACOUT[13]
                            (internal pin)
  Destination:            u_Demodulation/u_FFT_1/u_FFT_NonRealTIME/u_FFT/U0/i_synth/xfft_inst/non_floating_point.arch_c.xfft_inst/single_channel.datapath/pe/cmplx_mult/i_cmpy/three_mult_structure.use_dsp.i_dsp48/mult1_preadder_d_plus_a.mult1/mult/use_prim.appDSP48[0].bppDSP48[1].use_dsp.use_dsp48e1.iDSP48E1/ACIN[13]
  Path Group:             (none)
  Path Type:              Min at Slow Process Corner
  Data Path Delay:        0.002ns  (logic 0.000ns (0.000%)  route 0.002ns (100.000%))
  Logic Levels:           0  

    Location             Delay type                Incr(ns)  Path(ns)    Netlist Resource(s)
  -------------------------------------------------------------------    -------------------
    DSP48_X2Y42          DSP48E1                      0.000     0.000 r  u_Demodulation/u_FFT_1/u_FFT_NonRealTIME/u_FFT/U0/i_synth/xfft_inst/non_floating_point.arch_c.xfft_inst/single_channel.datapath/pe/cmplx_mult/i_cmpy/three_mult_structure.use_dsp.i_dsp48/mult1_preadder_d_plus_a.mult1/mult/use_prim.appDSP48[0].bppDSP48[0].use_dsp.use_dsp48e1.iDSP48E1/ACOUT[13]
                         net (fo=1, routed)           0.002     0.002    u_Demodulation/u_FFT_1/u_FFT_NonRealTIME/u_FFT/U0/i_synth/xfft_inst/non_floating_point.arch_c.xfft_inst/single_channel.datapath/pe/cmplx_mult/i_cmpy/three_mult_structure.use_dsp.i_dsp48/mult1_preadder_d_plus_a.mult1/mult/acout[0,0][13]
    DSP48_X2Y43          DSP48E1                                      r  u_Demodulation/u_FFT_1/u_FFT_NonRealTIME/u_FFT/U0/i_synth/xfft_inst/non_floating_point.arch_c.xfft_inst/single_channel.datapath/pe/cmplx_mult/i_cmpy/three_mult_structure.use_dsp.i_dsp48/mult1_preadder_d_plus_a.mult1/mult/use_prim.appDSP48[0].bppDSP48[1].use_dsp.use_dsp48e1.iDSP48E1/ACIN[13]
  -------------------------------------------------------------------    -------------------

Slack:                    inf
  Source:                 u_Demodulation/u_FFT_1/u_FFT_NonRealTIME/u_FFT/U0/i_synth/xfft_inst/non_floating_point.arch_c.xfft_inst/single_channel.datapath/pe/cmplx_mult/i_cmpy/three_mult_structure.use_dsp.i_dsp48/mult1_preadder_d_plus_a.mult1/mult/use_prim.appDSP48[0].bppDSP48[0].use_dsp.use_dsp48e1.iDSP48E1/ACOUT[14]
                            (internal pin)
  Destination:            u_Demodulation/u_FFT_1/u_FFT_NonRealTIME/u_FFT/U0/i_synth/xfft_inst/non_floating_point.arch_c.xfft_inst/single_channel.datapath/pe/cmplx_mult/i_cmpy/three_mult_structure.use_dsp.i_dsp48/mult1_preadder_d_plus_a.mult1/mult/use_prim.appDSP48[0].bppDSP48[1].use_dsp.use_dsp48e1.iDSP48E1/ACIN[14]
  Path Group:             (none)
  Path Type:              Min at Slow Process Corner
  Data Path Delay:        0.002ns  (logic 0.000ns (0.000%)  route 0.002ns (100.000%))
  Logic Levels:           0  

    Location             Delay type                Incr(ns)  Path(ns)    Netlist Resource(s)
  -------------------------------------------------------------------    -------------------
    DSP48_X2Y42          DSP48E1                      0.000     0.000 r  u_Demodulation/u_FFT_1/u_FFT_NonRealTIME/u_FFT/U0/i_synth/xfft_inst/non_floating_point.arch_c.xfft_inst/single_channel.datapath/pe/cmplx_mult/i_cmpy/three_mult_structure.use_dsp.i_dsp48/mult1_preadder_d_plus_a.mult1/mult/use_prim.appDSP48[0].bppDSP48[0].use_dsp.use_dsp48e1.iDSP48E1/ACOUT[14]
                         net (fo=1, routed)           0.002     0.002    u_Demodulation/u_FFT_1/u_FFT_NonRealTIME/u_FFT/U0/i_synth/xfft_inst/non_floating_point.arch_c.xfft_inst/single_channel.datapath/pe/cmplx_mult/i_cmpy/three_mult_structure.use_dsp.i_dsp48/mult1_preadder_d_plus_a.mult1/mult/acout[0,0][14]
    DSP48_X2Y43          DSP48E1                                      r  u_Demodulation/u_FFT_1/u_FFT_NonRealTIME/u_FFT/U0/i_synth/xfft_inst/non_floating_point.arch_c.xfft_inst/single_channel.datapath/pe/cmplx_mult/i_cmpy/three_mult_structure.use_dsp.i_dsp48/mult1_preadder_d_plus_a.mult1/mult/use_prim.appDSP48[0].bppDSP48[1].use_dsp.use_dsp48e1.iDSP48E1/ACIN[14]
  -------------------------------------------------------------------    -------------------

Slack:                    inf
  Source:                 u_Demodulation/u_FFT_1/u_FFT_NonRealTIME/u_FFT/U0/i_synth/xfft_inst/non_floating_point.arch_c.xfft_inst/single_channel.datapath/pe/cmplx_mult/i_cmpy/three_mult_structure.use_dsp.i_dsp48/mult1_preadder_d_plus_a.mult1/mult/use_prim.appDSP48[0].bppDSP48[0].use_dsp.use_dsp48e1.iDSP48E1/ACOUT[15]
                            (internal pin)
  Destination:            u_Demodulation/u_FFT_1/u_FFT_NonRealTIME/u_FFT/U0/i_synth/xfft_inst/non_floating_point.arch_c.xfft_inst/single_channel.datapath/pe/cmplx_mult/i_cmpy/three_mult_structure.use_dsp.i_dsp48/mult1_preadder_d_plus_a.mult1/mult/use_prim.appDSP48[0].bppDSP48[1].use_dsp.use_dsp48e1.iDSP48E1/ACIN[15]
  Path Group:             (none)
  Path Type:              Min at Slow Process Corner
  Data Path Delay:        0.002ns  (logic 0.000ns (0.000%)  route 0.002ns (100.000%))
  Logic Levels:           0  

    Location             Delay type                Incr(ns)  Path(ns)    Netlist Resource(s)
  -------------------------------------------------------------------    -------------------
    DSP48_X2Y42          DSP48E1                      0.000     0.000 r  u_Demodulation/u_FFT_1/u_FFT_NonRealTIME/u_FFT/U0/i_synth/xfft_inst/non_floating_point.arch_c.xfft_inst/single_channel.datapath/pe/cmplx_mult/i_cmpy/three_mult_structure.use_dsp.i_dsp48/mult1_preadder_d_plus_a.mult1/mult/use_prim.appDSP48[0].bppDSP48[0].use_dsp.use_dsp48e1.iDSP48E1/ACOUT[15]
                         net (fo=1, routed)           0.002     0.002    u_Demodulation/u_FFT_1/u_FFT_NonRealTIME/u_FFT/U0/i_synth/xfft_inst/non_floating_point.arch_c.xfft_inst/single_channel.datapath/pe/cmplx_mult/i_cmpy/three_mult_structure.use_dsp.i_dsp48/mult1_preadder_d_plus_a.mult1/mult/acout[0,0][15]
    DSP48_X2Y43          DSP48E1                                      r  u_Demodulation/u_FFT_1/u_FFT_NonRealTIME/u_FFT/U0/i_synth/xfft_inst/non_floating_point.arch_c.xfft_inst/single_channel.datapath/pe/cmplx_mult/i_cmpy/three_mult_structure.use_dsp.i_dsp48/mult1_preadder_d_plus_a.mult1/mult/use_prim.appDSP48[0].bppDSP48[1].use_dsp.use_dsp48e1.iDSP48E1/ACIN[15]
  -------------------------------------------------------------------    -------------------

Slack:                    inf
  Source:                 u_Demodulation/u_FFT_1/u_FFT_NonRealTIME/u_FFT/U0/i_synth/xfft_inst/non_floating_point.arch_c.xfft_inst/single_channel.datapath/pe/cmplx_mult/i_cmpy/three_mult_structure.use_dsp.i_dsp48/mult1_preadder_d_plus_a.mult1/mult/use_prim.appDSP48[0].bppDSP48[0].use_dsp.use_dsp48e1.iDSP48E1/ACOUT[16]
                            (internal pin)
  Destination:            u_Demodulation/u_FFT_1/u_FFT_NonRealTIME/u_FFT/U0/i_synth/xfft_inst/non_floating_point.arch_c.xfft_inst/single_channel.datapath/pe/cmplx_mult/i_cmpy/three_mult_structure.use_dsp.i_dsp48/mult1_preadder_d_plus_a.mult1/mult/use_prim.appDSP48[0].bppDSP48[1].use_dsp.use_dsp48e1.iDSP48E1/ACIN[16]
  Path Group:             (none)
  Path Type:              Min at Slow Process Corner
  Data Path Delay:        0.002ns  (logic 0.000ns (0.000%)  route 0.002ns (100.000%))
  Logic Levels:           0  

    Location             Delay type                Incr(ns)  Path(ns)    Netlist Resource(s)
  -------------------------------------------------------------------    -------------------
    DSP48_X2Y42          DSP48E1                      0.000     0.000 r  u_Demodulation/u_FFT_1/u_FFT_NonRealTIME/u_FFT/U0/i_synth/xfft_inst/non_floating_point.arch_c.xfft_inst/single_channel.datapath/pe/cmplx_mult/i_cmpy/three_mult_structure.use_dsp.i_dsp48/mult1_preadder_d_plus_a.mult1/mult/use_prim.appDSP48[0].bppDSP48[0].use_dsp.use_dsp48e1.iDSP48E1/ACOUT[16]
                         net (fo=1, routed)           0.002     0.002    u_Demodulation/u_FFT_1/u_FFT_NonRealTIME/u_FFT/U0/i_synth/xfft_inst/non_floating_point.arch_c.xfft_inst/single_channel.datapath/pe/cmplx_mult/i_cmpy/three_mult_structure.use_dsp.i_dsp48/mult1_preadder_d_plus_a.mult1/mult/acout[0,0][16]
    DSP48_X2Y43          DSP48E1                                      r  u_Demodulation/u_FFT_1/u_FFT_NonRealTIME/u_FFT/U0/i_synth/xfft_inst/non_floating_point.arch_c.xfft_inst/single_channel.datapath/pe/cmplx_mult/i_cmpy/three_mult_structure.use_dsp.i_dsp48/mult1_preadder_d_plus_a.mult1/mult/use_prim.appDSP48[0].bppDSP48[1].use_dsp.use_dsp48e1.iDSP48E1/ACIN[16]
  -------------------------------------------------------------------    -------------------

Slack:                    inf
  Source:                 u_Demodulation/u_FFT_1/u_FFT_NonRealTIME/u_FFT/U0/i_synth/xfft_inst/non_floating_point.arch_c.xfft_inst/single_channel.datapath/pe/cmplx_mult/i_cmpy/three_mult_structure.use_dsp.i_dsp48/mult1_preadder_d_plus_a.mult1/mult/use_prim.appDSP48[0].bppDSP48[0].use_dsp.use_dsp48e1.iDSP48E1/ACOUT[17]
                            (internal pin)
  Destination:            u_Demodulation/u_FFT_1/u_FFT_NonRealTIME/u_FFT/U0/i_synth/xfft_inst/non_floating_point.arch_c.xfft_inst/single_channel.datapath/pe/cmplx_mult/i_cmpy/three_mult_structure.use_dsp.i_dsp48/mult1_preadder_d_plus_a.mult1/mult/use_prim.appDSP48[0].bppDSP48[1].use_dsp.use_dsp48e1.iDSP48E1/ACIN[17]
  Path Group:             (none)
  Path Type:              Min at Slow Process Corner
  Data Path Delay:        0.002ns  (logic 0.000ns (0.000%)  route 0.002ns (100.000%))
  Logic Levels:           0  

    Location             Delay type                Incr(ns)  Path(ns)    Netlist Resource(s)
  -------------------------------------------------------------------    -------------------
    DSP48_X2Y42          DSP48E1                      0.000     0.000 r  u_Demodulation/u_FFT_1/u_FFT_NonRealTIME/u_FFT/U0/i_synth/xfft_inst/non_floating_point.arch_c.xfft_inst/single_channel.datapath/pe/cmplx_mult/i_cmpy/three_mult_structure.use_dsp.i_dsp48/mult1_preadder_d_plus_a.mult1/mult/use_prim.appDSP48[0].bppDSP48[0].use_dsp.use_dsp48e1.iDSP48E1/ACOUT[17]
                         net (fo=1, routed)           0.002     0.002    u_Demodulation/u_FFT_1/u_FFT_NonRealTIME/u_FFT/U0/i_synth/xfft_inst/non_floating_point.arch_c.xfft_inst/single_channel.datapath/pe/cmplx_mult/i_cmpy/three_mult_structure.use_dsp.i_dsp48/mult1_preadder_d_plus_a.mult1/mult/acout[0,0][17]
    DSP48_X2Y43          DSP48E1                                      r  u_Demodulation/u_FFT_1/u_FFT_NonRealTIME/u_FFT/U0/i_synth/xfft_inst/non_floating_point.arch_c.xfft_inst/single_channel.datapath/pe/cmplx_mult/i_cmpy/three_mult_structure.use_dsp.i_dsp48/mult1_preadder_d_plus_a.mult1/mult/use_prim.appDSP48[0].bppDSP48[1].use_dsp.use_dsp48e1.iDSP48E1/ACIN[17]
  -------------------------------------------------------------------    -------------------

Slack:                    inf
  Source:                 u_Demodulation/u_FFT_1/u_FFT_NonRealTIME/u_FFT/U0/i_synth/xfft_inst/non_floating_point.arch_c.xfft_inst/single_channel.datapath/pe/cmplx_mult/i_cmpy/three_mult_structure.use_dsp.i_dsp48/mult1_preadder_d_plus_a.mult1/mult/use_prim.appDSP48[0].bppDSP48[0].use_dsp.use_dsp48e1.iDSP48E1/ACOUT[18]
                            (internal pin)
  Destination:            u_Demodulation/u_FFT_1/u_FFT_NonRealTIME/u_FFT/U0/i_synth/xfft_inst/non_floating_point.arch_c.xfft_inst/single_channel.datapath/pe/cmplx_mult/i_cmpy/three_mult_structure.use_dsp.i_dsp48/mult1_preadder_d_plus_a.mult1/mult/use_prim.appDSP48[0].bppDSP48[1].use_dsp.use_dsp48e1.iDSP48E1/ACIN[18]
  Path Group:             (none)
  Path Type:              Min at Slow Process Corner
  Data Path Delay:        0.002ns  (logic 0.000ns (0.000%)  route 0.002ns (100.000%))
  Logic Levels:           0  

    Location             Delay type                Incr(ns)  Path(ns)    Netlist Resource(s)
  -------------------------------------------------------------------    -------------------
    DSP48_X2Y42          DSP48E1                      0.000     0.000 r  u_Demodulation/u_FFT_1/u_FFT_NonRealTIME/u_FFT/U0/i_synth/xfft_inst/non_floating_point.arch_c.xfft_inst/single_channel.datapath/pe/cmplx_mult/i_cmpy/three_mult_structure.use_dsp.i_dsp48/mult1_preadder_d_plus_a.mult1/mult/use_prim.appDSP48[0].bppDSP48[0].use_dsp.use_dsp48e1.iDSP48E1/ACOUT[18]
                         net (fo=1, routed)           0.002     0.002    u_Demodulation/u_FFT_1/u_FFT_NonRealTIME/u_FFT/U0/i_synth/xfft_inst/non_floating_point.arch_c.xfft_inst/single_channel.datapath/pe/cmplx_mult/i_cmpy/three_mult_structure.use_dsp.i_dsp48/mult1_preadder_d_plus_a.mult1/mult/acout[0,0][18]
    DSP48_X2Y43          DSP48E1                                      r  u_Demodulation/u_FFT_1/u_FFT_NonRealTIME/u_FFT/U0/i_synth/xfft_inst/non_floating_point.arch_c.xfft_inst/single_channel.datapath/pe/cmplx_mult/i_cmpy/three_mult_structure.use_dsp.i_dsp48/mult1_preadder_d_plus_a.mult1/mult/use_prim.appDSP48[0].bppDSP48[1].use_dsp.use_dsp48e1.iDSP48E1/ACIN[18]
  -------------------------------------------------------------------    -------------------





--------------------------------------------------------------------------------------
Path Group:  (none)
From Clock:  clk_125M_clk_wiz_0
  To Clock:  

Max Delay            49 Endpoints
Min Delay            49 Endpoints
--------------------------------------------------------------------------------------


Max Delay Paths
--------------------------------------------------------------------------------------
Slack:                    inf
  Source:                 u_UART/uart_tx_inst/tx_reg_reg/C
                            (rising edge-triggered cell FDPE clocked by clk_125M_clk_wiz_0  {rise@0.000ns fall@4.000ns period=8.000ns})
  Destination:            uart_tx
                            (output port)
  Path Group:             (none)
  Path Type:              Max at Slow Process Corner
  Data Path Delay:        10.774ns  (logic 4.018ns (37.292%)  route 6.756ns (62.708%))
  Logic Levels:           1  (OBUF=1)
  Clock Uncertainty:      0.246ns  ((TSJ^2 + DJ^2)^1/2) / 2 + PE
    Total System Jitter     (TSJ):    0.050ns
    Discrete Jitter          (DJ):    0.154ns
    Phase Error              (PE):    0.165ns

    Location             Delay type                Incr(ns)  Path(ns)    Netlist Resource(s)
  -------------------------------------------------------------------    -------------------
                         (clock clk_125M_clk_wiz_0 rise edge)
                                                      0.000     0.000 r  
    W19                                               0.000     0.000 r  clk_50M (IN)
                         net (fo=0)                   0.000     0.000    clk_u0/inst/clk_in1
    W19                  IBUF (Prop_ibuf_I_O)         1.509     1.509 r  clk_u0/inst/clkin1_ibufg/O
                         net (fo=1, routed)           1.233     2.742    clk_u0/inst/clk_in1_clk_wiz_0
    MMCME2_ADV_X0Y2      MMCME2_ADV (Prop_mmcme2_adv_CLKIN1_CLKOUT0)
                                                     -7.485    -4.742 r  clk_u0/inst/mmcm_adv_inst/CLKOUT0
                         net (fo=1, routed)           1.843    -2.899    clk_u0/inst/clk_125M_clk_wiz_0
    BUFGCTRL_X0Y0        BUFG (Prop_bufg_I_O)         0.096    -2.803 r  clk_u0/inst/clkout1_buf/O
                         net (fo=9233, routed)        1.833    -0.970    u_UART/uart_tx_inst/clk_125M
    SLICE_X3Y126         FDPE                                         r  u_UART/uart_tx_inst/tx_reg_reg/C
  -------------------------------------------------------------------    -------------------
    SLICE_X3Y126         FDPE (Prop_fdpe_C_Q)         0.456    -0.514 r  u_UART/uart_tx_inst/tx_reg_reg/Q
                         net (fo=1, routed)           6.756     6.243    uart_tx_OBUF
    B1                   OBUF (Prop_obuf_I_O)         3.562     9.804 r  uart_tx_OBUF_inst/O
                         net (fo=0)                   0.000     9.804    uart_tx
    B1                                                                r  uart_tx (OUT)
  -------------------------------------------------------------------    -------------------

Slack:                    inf
  Source:                 clk_u0/inst/mmcm_adv_inst/CLKOUT0
                            (clock source 'clk_125M_clk_wiz_0'  {rise@0.000ns fall@4.000ns period=8.000ns})
  Destination:            DAC_CLK
                            (output port)
  Path Group:             (none)
  Path Type:              Max at Slow Process Corner
  Data Path Delay:        8.643ns  (logic 3.659ns (42.330%)  route 4.985ns (57.670%))
  Logic Levels:           2  (BUFG=1 OBUF=1)
  Clock Uncertainty:      0.246ns  ((TSJ^2 + DJ^2)^1/2) / 2 + PE
    Total System Jitter     (TSJ):    0.050ns
    Discrete Jitter          (DJ):    0.154ns
    Phase Error              (PE):    0.165ns

    Location             Delay type                Incr(ns)  Path(ns)    Netlist Resource(s)
  -------------------------------------------------------------------    -------------------
                         (clock clk_125M_clk_wiz_0 fall edge)
                                                      4.000     4.000 f  
    W19                                               0.000     4.000 f  clk_50M (IN)
                         net (fo=0)                   0.000     4.000    clk_u0/inst/clk_in1
    W19                  IBUF (Prop_ibuf_I_O)         1.509     5.509 f  clk_u0/inst/clkin1_ibufg/O
                         net (fo=1, routed)           1.233     6.742    clk_u0/inst/clk_in1_clk_wiz_0
  -------------------------------------------------------------------    -------------------
    MMCME2_ADV_X0Y2      MMCME2_ADV (Prop_mmcme2_adv_CLKIN1_CLKOUT0)
                                                     -7.485    -0.742 f  clk_u0/inst/mmcm_adv_inst/CLKOUT0
                         net (fo=1, routed)           1.843     1.101    clk_u0/inst/clk_125M_clk_wiz_0
    BUFGCTRL_X0Y0        BUFG (Prop_bufg_I_O)         0.096     1.197 f  clk_u0/inst/clkout1_buf/O
                         net (fo=9233, routed)        3.141     4.338    DAC_CLK_OBUF
    U20                  OBUF (Prop_obuf_I_O)         3.563     7.901 f  DAC_CLK_OBUF_inst/O
                         net (fo=0)                   0.000     7.901    DAC_CLK
    U20                                                               f  DAC_CLK (OUT)
  -------------------------------------------------------------------    -------------------

Slack:                    inf
  Source:                 clk_u0/inst/mmcm_adv_inst/CLKOUT0
                            (clock source 'clk_125M_clk_wiz_0'  {rise@0.000ns fall@4.000ns period=8.000ns})
  Destination:            ADC_CLK
                            (output port)
  Path Group:             (none)
  Path Type:              Max at Slow Process Corner
  Data Path Delay:        8.609ns  (logic 3.627ns (42.137%)  route 4.981ns (57.863%))
  Logic Levels:           2  (BUFG=1 OBUF=1)
  Clock Uncertainty:      0.246ns  ((TSJ^2 + DJ^2)^1/2) / 2 + PE
    Total System Jitter     (TSJ):    0.050ns
    Discrete Jitter          (DJ):    0.154ns
    Phase Error              (PE):    0.165ns

    Location             Delay type                Incr(ns)  Path(ns)    Netlist Resource(s)
  -------------------------------------------------------------------    -------------------
                         (clock clk_125M_clk_wiz_0 fall edge)
                                                      4.000     4.000 f  
    W19                                               0.000     4.000 f  clk_50M (IN)
                         net (fo=0)                   0.000     4.000    clk_u0/inst/clk_in1
    W19                  IBUF (Prop_ibuf_I_O)         1.509     5.509 f  clk_u0/inst/clkin1_ibufg/O
                         net (fo=1, routed)           1.233     6.742    clk_u0/inst/clk_in1_clk_wiz_0
  -------------------------------------------------------------------    -------------------
    MMCME2_ADV_X0Y2      MMCME2_ADV (Prop_mmcme2_adv_CLKIN1_CLKOUT0)
                                                     -7.485    -0.742 f  clk_u0/inst/mmcm_adv_inst/CLKOUT0
                         net (fo=1, routed)           1.843     1.101    clk_u0/inst/clk_125M_clk_wiz_0
    BUFGCTRL_X0Y0        BUFG (Prop_bufg_I_O)         0.096     1.197 f  clk_u0/inst/clkout1_buf/O
                         net (fo=9233, routed)        3.138     4.335    DAC_CLK_OBUF
    J22                  OBUF (Prop_obuf_I_O)         3.531     7.866 f  ADC_CLK_OBUF_inst/O
                         net (fo=0)                   0.000     7.866    ADC_CLK
    J22                                                               f  ADC_CLK (OUT)
  -------------------------------------------------------------------    -------------------

Slack:                    inf
  Source:                 u_Demodulation/u_OUPUT_CHOSE/data_out_reg_reg[13]/C
                            (rising edge-triggered cell FDCE clocked by clk_125M_clk_wiz_0  {rise@0.000ns fall@4.000ns period=8.000ns})
  Destination:            dac_data[13]
                            (output port)
  Path Group:             (none)
  Path Type:              Max at Slow Process Corner
  Data Path Delay:        7.357ns  (logic 4.378ns (59.507%)  route 2.979ns (40.493%))
  Logic Levels:           2  (LUT1=1 OBUF=1)
  Clock Uncertainty:      0.246ns  ((TSJ^2 + DJ^2)^1/2) / 2 + PE
    Total System Jitter     (TSJ):    0.050ns
    Discrete Jitter          (DJ):    0.154ns
    Phase Error              (PE):    0.165ns

    Location             Delay type                Incr(ns)  Path(ns)    Netlist Resource(s)
  -------------------------------------------------------------------    -------------------
                         (clock clk_125M_clk_wiz_0 rise edge)
                                                      0.000     0.000 r  
    W19                                               0.000     0.000 r  clk_50M (IN)
                         net (fo=0)                   0.000     0.000    clk_u0/inst/clk_in1
    W19                  IBUF (Prop_ibuf_I_O)         1.509     1.509 r  clk_u0/inst/clkin1_ibufg/O
                         net (fo=1, routed)           1.233     2.742    clk_u0/inst/clk_in1_clk_wiz_0
    MMCME2_ADV_X0Y2      MMCME2_ADV (Prop_mmcme2_adv_CLKIN1_CLKOUT0)
                                                     -7.485    -4.742 r  clk_u0/inst/mmcm_adv_inst/CLKOUT0
                         net (fo=1, routed)           1.843    -2.899    clk_u0/inst/clk_125M_clk_wiz_0
    BUFGCTRL_X0Y0        BUFG (Prop_bufg_I_O)         0.096    -2.803 r  clk_u0/inst/clkout1_buf/O
                         net (fo=9233, routed)        1.839    -0.964    u_Demodulation/u_OUPUT_CHOSE/clk_125M
    SLICE_X1Y119         FDCE                                         r  u_Demodulation/u_OUPUT_CHOSE/data_out_reg_reg[13]/C
  -------------------------------------------------------------------    -------------------
    SLICE_X1Y119         FDCE (Prop_fdce_C_Q)         0.456    -0.508 f  u_Demodulation/u_OUPUT_CHOSE/data_out_reg_reg[13]/Q
                         net (fo=5, routed)           0.933     0.425    u_Demodulation/u_OUPUT_CHOSE/Q[0]
    SLICE_X2Y121         LUT1 (Prop_lut1_I0_O)        0.150     0.575 r  u_Demodulation/u_OUPUT_CHOSE/dac_data_OBUF[13]_inst_i_1/O
                         net (fo=1, routed)           2.047     2.622    dac_data_OBUF[13]
    U18                  OBUF (Prop_obuf_I_O)         3.772     6.394 r  dac_data_OBUF[13]_inst/O
                         net (fo=0)                   0.000     6.394    dac_data[13]
    U18                                                               r  dac_data[13] (OUT)
  -------------------------------------------------------------------    -------------------

Slack:                    inf
  Source:                 u_Demodulation/u_OUPUT_CHOSE/data_out_reg_reg[8]/C
                            (rising edge-triggered cell FDCE clocked by clk_125M_clk_wiz_0  {rise@0.000ns fall@4.000ns period=8.000ns})
  Destination:            dac_data[8]
                            (output port)
  Path Group:             (none)
  Path Type:              Max at Slow Process Corner
  Data Path Delay:        6.397ns  (logic 4.046ns (63.253%)  route 2.351ns (36.747%))
  Logic Levels:           1  (OBUF=1)
  Clock Uncertainty:      0.246ns  ((TSJ^2 + DJ^2)^1/2) / 2 + PE
    Total System Jitter     (TSJ):    0.050ns
    Discrete Jitter          (DJ):    0.154ns
    Phase Error              (PE):    0.165ns

    Location             Delay type                Incr(ns)  Path(ns)    Netlist Resource(s)
  -------------------------------------------------------------------    -------------------
                         (clock clk_125M_clk_wiz_0 rise edge)
                                                      0.000     0.000 r  
    W19                                               0.000     0.000 r  clk_50M (IN)
                         net (fo=0)                   0.000     0.000    clk_u0/inst/clk_in1
    W19                  IBUF (Prop_ibuf_I_O)         1.509     1.509 r  clk_u0/inst/clkin1_ibufg/O
                         net (fo=1, routed)           1.233     2.742    clk_u0/inst/clk_in1_clk_wiz_0
    MMCME2_ADV_X0Y2      MMCME2_ADV (Prop_mmcme2_adv_CLKIN1_CLKOUT0)
                                                     -7.485    -4.742 r  clk_u0/inst/mmcm_adv_inst/CLKOUT0
                         net (fo=1, routed)           1.843    -2.899    clk_u0/inst/clk_125M_clk_wiz_0
    BUFGCTRL_X0Y0        BUFG (Prop_bufg_I_O)         0.096    -2.803 r  clk_u0/inst/clkout1_buf/O
                         net (fo=9233, routed)        1.839    -0.964    u_Demodulation/u_OUPUT_CHOSE/clk_125M
    SLICE_X3Y119         FDCE                                         r  u_Demodulation/u_OUPUT_CHOSE/data_out_reg_reg[8]/C
  -------------------------------------------------------------------    -------------------
    SLICE_X3Y119         FDCE (Prop_fdce_C_Q)         0.456    -0.508 r  u_Demodulation/u_OUPUT_CHOSE/data_out_reg_reg[8]/Q
                         net (fo=5, routed)           2.351     1.843    dac_data_OBUF[8]
    AB21                 OBUF (Prop_obuf_I_O)         3.590     5.433 r  dac_data_OBUF[8]_inst/O
                         net (fo=0)                   0.000     5.433    dac_data[8]
    AB21                                                              r  dac_data[8] (OUT)
  -------------------------------------------------------------------    -------------------

Slack:                    inf
  Source:                 u_Demodulation/u_OUPUT_CHOSE/data_out_reg_reg[6]/C
                            (rising edge-triggered cell FDCE clocked by clk_125M_clk_wiz_0  {rise@0.000ns fall@4.000ns period=8.000ns})
  Destination:            dac_data[6]
                            (output port)
  Path Group:             (none)
  Path Type:              Max at Slow Process Corner
  Data Path Delay:        6.299ns  (logic 4.039ns (64.117%)  route 2.260ns (35.883%))
  Logic Levels:           1  (OBUF=1)
  Clock Uncertainty:      0.246ns  ((TSJ^2 + DJ^2)^1/2) / 2 + PE
    Total System Jitter     (TSJ):    0.050ns
    Discrete Jitter          (DJ):    0.154ns
    Phase Error              (PE):    0.165ns

    Location             Delay type                Incr(ns)  Path(ns)    Netlist Resource(s)
  -------------------------------------------------------------------    -------------------
                         (clock clk_125M_clk_wiz_0 rise edge)
                                                      0.000     0.000 r  
    W19                                               0.000     0.000 r  clk_50M (IN)
                         net (fo=0)                   0.000     0.000    clk_u0/inst/clk_in1
    W19                  IBUF (Prop_ibuf_I_O)         1.509     1.509 r  clk_u0/inst/clkin1_ibufg/O
                         net (fo=1, routed)           1.233     2.742    clk_u0/inst/clk_in1_clk_wiz_0
    MMCME2_ADV_X0Y2      MMCME2_ADV (Prop_mmcme2_adv_CLKIN1_CLKOUT0)
                                                     -7.485    -4.742 r  clk_u0/inst/mmcm_adv_inst/CLKOUT0
                         net (fo=1, routed)           1.843    -2.899    clk_u0/inst/clk_125M_clk_wiz_0
    BUFGCTRL_X0Y0        BUFG (Prop_bufg_I_O)         0.096    -2.803 r  clk_u0/inst/clkout1_buf/O
                         net (fo=9233, routed)        1.839    -0.964    u_Demodulation/u_OUPUT_CHOSE/clk_125M
    SLICE_X1Y119         FDCE                                         r  u_Demodulation/u_OUPUT_CHOSE/data_out_reg_reg[6]/C
  -------------------------------------------------------------------    -------------------
    SLICE_X1Y119         FDCE (Prop_fdce_C_Q)         0.456    -0.508 r  u_Demodulation/u_OUPUT_CHOSE/data_out_reg_reg[6]/Q
                         net (fo=5, routed)           2.260     1.753    dac_data_OBUF[6]
    AA20                 OBUF (Prop_obuf_I_O)         3.583     5.336 r  dac_data_OBUF[6]_inst/O
                         net (fo=0)                   0.000     5.336    dac_data[6]
    AA20                                                              r  dac_data[6] (OUT)
  -------------------------------------------------------------------    -------------------

Slack:                    inf
  Source:                 u_Demodulation/u_OUPUT_CHOSE/data_out_reg_reg[7]/C
                            (rising edge-triggered cell FDCE clocked by clk_125M_clk_wiz_0  {rise@0.000ns fall@4.000ns period=8.000ns})
  Destination:            dac_data[7]
                            (output port)
  Path Group:             (none)
  Path Type:              Max at Slow Process Corner
  Data Path Delay:        6.180ns  (logic 4.043ns (65.424%)  route 2.137ns (34.576%))
  Logic Levels:           1  (OBUF=1)
  Clock Uncertainty:      0.246ns  ((TSJ^2 + DJ^2)^1/2) / 2 + PE
    Total System Jitter     (TSJ):    0.050ns
    Discrete Jitter          (DJ):    0.154ns
    Phase Error              (PE):    0.165ns

    Location             Delay type                Incr(ns)  Path(ns)    Netlist Resource(s)
  -------------------------------------------------------------------    -------------------
                         (clock clk_125M_clk_wiz_0 rise edge)
                                                      0.000     0.000 r  
    W19                                               0.000     0.000 r  clk_50M (IN)
                         net (fo=0)                   0.000     0.000    clk_u0/inst/clk_in1
    W19                  IBUF (Prop_ibuf_I_O)         1.509     1.509 r  clk_u0/inst/clkin1_ibufg/O
                         net (fo=1, routed)           1.233     2.742    clk_u0/inst/clk_in1_clk_wiz_0
    MMCME2_ADV_X0Y2      MMCME2_ADV (Prop_mmcme2_adv_CLKIN1_CLKOUT0)
                                                     -7.485    -4.742 r  clk_u0/inst/mmcm_adv_inst/CLKOUT0
                         net (fo=1, routed)           1.843    -2.899    clk_u0/inst/clk_125M_clk_wiz_0
    BUFGCTRL_X0Y0        BUFG (Prop_bufg_I_O)         0.096    -2.803 r  clk_u0/inst/clkout1_buf/O
                         net (fo=9233, routed)        1.838    -0.965    u_Demodulation/u_OUPUT_CHOSE/clk_125M
    SLICE_X3Y120         FDCE                                         r  u_Demodulation/u_OUPUT_CHOSE/data_out_reg_reg[7]/C
  -------------------------------------------------------------------    -------------------
    SLICE_X3Y120         FDCE (Prop_fdce_C_Q)         0.456    -0.509 r  u_Demodulation/u_OUPUT_CHOSE/data_out_reg_reg[7]/Q
                         net (fo=5, routed)           2.137     1.628    dac_data_OBUF[7]
    AA21                 OBUF (Prop_obuf_I_O)         3.587     5.215 r  dac_data_OBUF[7]_inst/O
                         net (fo=0)                   0.000     5.215    dac_data[7]
    AA21                                                              r  dac_data[7] (OUT)
  -------------------------------------------------------------------    -------------------

Slack:                    inf
  Source:                 u_Demodulation/u_OUPUT_CHOSE/data_out_reg_reg[9]/C
                            (rising edge-triggered cell FDCE clocked by clk_125M_clk_wiz_0  {rise@0.000ns fall@4.000ns period=8.000ns})
  Destination:            dac_data[9]
                            (output port)
  Path Group:             (none)
  Path Type:              Max at Slow Process Corner
  Data Path Delay:        6.176ns  (logic 4.054ns (65.640%)  route 2.122ns (34.360%))
  Logic Levels:           1  (OBUF=1)
  Clock Uncertainty:      0.246ns  ((TSJ^2 + DJ^2)^1/2) / 2 + PE
    Total System Jitter     (TSJ):    0.050ns
    Discrete Jitter          (DJ):    0.154ns
    Phase Error              (PE):    0.165ns

    Location             Delay type                Incr(ns)  Path(ns)    Netlist Resource(s)
  -------------------------------------------------------------------    -------------------
                         (clock clk_125M_clk_wiz_0 rise edge)
                                                      0.000     0.000 r  
    W19                                               0.000     0.000 r  clk_50M (IN)
                         net (fo=0)                   0.000     0.000    clk_u0/inst/clk_in1
    W19                  IBUF (Prop_ibuf_I_O)         1.509     1.509 r  clk_u0/inst/clkin1_ibufg/O
                         net (fo=1, routed)           1.233     2.742    clk_u0/inst/clk_in1_clk_wiz_0
    MMCME2_ADV_X0Y2      MMCME2_ADV (Prop_mmcme2_adv_CLKIN1_CLKOUT0)
                                                     -7.485    -4.742 r  clk_u0/inst/mmcm_adv_inst/CLKOUT0
                         net (fo=1, routed)           1.843    -2.899    clk_u0/inst/clk_125M_clk_wiz_0
    BUFGCTRL_X0Y0        BUFG (Prop_bufg_I_O)         0.096    -2.803 r  clk_u0/inst/clkout1_buf/O
                         net (fo=9233, routed)        1.838    -0.965    u_Demodulation/u_OUPUT_CHOSE/clk_125M
    SLICE_X3Y120         FDCE                                         r  u_Demodulation/u_OUPUT_CHOSE/data_out_reg_reg[9]/C
  -------------------------------------------------------------------    -------------------
    SLICE_X3Y120         FDCE (Prop_fdce_C_Q)         0.456    -0.509 r  u_Demodulation/u_OUPUT_CHOSE/data_out_reg_reg[9]/Q
                         net (fo=5, routed)           2.122     1.614    dac_data_OBUF[9]
    AB22                 OBUF (Prop_obuf_I_O)         3.598     5.212 r  dac_data_OBUF[9]_inst/O
                         net (fo=0)                   0.000     5.212    dac_data[9]
    AB22                                                              r  dac_data[9] (OUT)
  -------------------------------------------------------------------    -------------------

Slack:                    inf
  Source:                 u_Demodulation/u_OUPUT_CHOSE/data_out_reg_reg[3]/C
                            (rising edge-triggered cell FDCE clocked by clk_125M_clk_wiz_0  {rise@0.000ns fall@4.000ns period=8.000ns})
  Destination:            dac_data[3]
                            (output port)
  Path Group:             (none)
  Path Type:              Max at Slow Process Corner
  Data Path Delay:        6.064ns  (logic 4.030ns (66.462%)  route 2.034ns (33.538%))
  Logic Levels:           1  (OBUF=1)
  Clock Uncertainty:      0.246ns  ((TSJ^2 + DJ^2)^1/2) / 2 + PE
    Total System Jitter     (TSJ):    0.050ns
    Discrete Jitter          (DJ):    0.154ns
    Phase Error              (PE):    0.165ns

    Location             Delay type                Incr(ns)  Path(ns)    Netlist Resource(s)
  -------------------------------------------------------------------    -------------------
                         (clock clk_125M_clk_wiz_0 rise edge)
                                                      0.000     0.000 r  
    W19                                               0.000     0.000 r  clk_50M (IN)
                         net (fo=0)                   0.000     0.000    clk_u0/inst/clk_in1
    W19                  IBUF (Prop_ibuf_I_O)         1.509     1.509 r  clk_u0/inst/clkin1_ibufg/O
                         net (fo=1, routed)           1.233     2.742    clk_u0/inst/clk_in1_clk_wiz_0
    MMCME2_ADV_X0Y2      MMCME2_ADV (Prop_mmcme2_adv_CLKIN1_CLKOUT0)
                                                     -7.485    -4.742 r  clk_u0/inst/mmcm_adv_inst/CLKOUT0
                         net (fo=1, routed)           1.843    -2.899    clk_u0/inst/clk_125M_clk_wiz_0
    BUFGCTRL_X0Y0        BUFG (Prop_bufg_I_O)         0.096    -2.803 r  clk_u0/inst/clkout1_buf/O
                         net (fo=9233, routed)        1.838    -0.965    u_Demodulation/u_OUPUT_CHOSE/clk_125M
    SLICE_X3Y120         FDCE                                         r  u_Demodulation/u_OUPUT_CHOSE/data_out_reg_reg[3]/C
  -------------------------------------------------------------------    -------------------
    SLICE_X3Y120         FDCE (Prop_fdce_C_Q)         0.456    -0.509 r  u_Demodulation/u_OUPUT_CHOSE/data_out_reg_reg[3]/Q
                         net (fo=5, routed)           2.034     1.525    dac_data_OBUF[3]
    Y19                  OBUF (Prop_obuf_I_O)         3.574     5.100 r  dac_data_OBUF[3]_inst/O
                         net (fo=0)                   0.000     5.100    dac_data[3]
    Y19                                                               r  dac_data[3] (OUT)
  -------------------------------------------------------------------    -------------------

Slack:                    inf
  Source:                 u_Demodulation/u_OUPUT_CHOSE/data_out_reg_reg[2]/C
                            (rising edge-triggered cell FDCE clocked by clk_125M_clk_wiz_0  {rise@0.000ns fall@4.000ns period=8.000ns})
  Destination:            dac_data[2]
                            (output port)
  Path Group:             (none)
  Path Type:              Max at Slow Process Corner
  Data Path Delay:        5.988ns  (logic 4.095ns (68.382%)  route 1.893ns (31.618%))
  Logic Levels:           1  (OBUF=1)
  Clock Uncertainty:      0.246ns  ((TSJ^2 + DJ^2)^1/2) / 2 + PE
    Total System Jitter     (TSJ):    0.050ns
    Discrete Jitter          (DJ):    0.154ns
    Phase Error              (PE):    0.165ns

    Location             Delay type                Incr(ns)  Path(ns)    Netlist Resource(s)
  -------------------------------------------------------------------    -------------------
                         (clock clk_125M_clk_wiz_0 rise edge)
                                                      0.000     0.000 r  
    W19                                               0.000     0.000 r  clk_50M (IN)
                         net (fo=0)                   0.000     0.000    clk_u0/inst/clk_in1
    W19                  IBUF (Prop_ibuf_I_O)         1.509     1.509 r  clk_u0/inst/clkin1_ibufg/O
                         net (fo=1, routed)           1.233     2.742    clk_u0/inst/clk_in1_clk_wiz_0
    MMCME2_ADV_X0Y2      MMCME2_ADV (Prop_mmcme2_adv_CLKIN1_CLKOUT0)
                                                     -7.485    -4.742 r  clk_u0/inst/mmcm_adv_inst/CLKOUT0
                         net (fo=1, routed)           1.843    -2.899    clk_u0/inst/clk_125M_clk_wiz_0
    BUFGCTRL_X0Y0        BUFG (Prop_bufg_I_O)         0.096    -2.803 r  clk_u0/inst/clkout1_buf/O
                         net (fo=9233, routed)        1.838    -0.965    u_Demodulation/u_OUPUT_CHOSE/clk_125M
    SLICE_X2Y120         FDCE                                         r  u_Demodulation/u_OUPUT_CHOSE/data_out_reg_reg[2]/C
  -------------------------------------------------------------------    -------------------
    SLICE_X2Y120         FDCE (Prop_fdce_C_Q)         0.518    -0.447 r  u_Demodulation/u_OUPUT_CHOSE/data_out_reg_reg[2]/Q
                         net (fo=5, routed)           1.893     1.447    dac_data_OBUF[2]
    Y18                  OBUF (Prop_obuf_I_O)         3.577     5.024 r  dac_data_OBUF[2]_inst/O
                         net (fo=0)                   0.000     5.024    dac_data[2]
    Y18                                                               r  dac_data[2] (OUT)
  -------------------------------------------------------------------    -------------------





Min Delay Paths
--------------------------------------------------------------------------------------
Slack:                    inf
  Source:                 u_Demodulation/u_CIC_FFT_1/U0/i_synth/decimator.decimation_filter/DOUT_reg[45]/C
                            (rising edge-triggered cell FDRE clocked by clk_125M_clk_wiz_0  {rise@0.000ns fall@4.000ns period=8.000ns})
  Destination:            u_Demodulation/u_fifo_generator_fft/U0/inst_fifo_gen/gconvfifo.rf/grf.rf/gntv_or_sync_fifo.mem/gbm.gbmg.gbmga.ngecc.bmg/inst_blk_mem_gen/gnbram.gnativebmg.native_blk_mem_gen/valid.cstr/ramloop[1].ram.r/prim_noinit.ram/DEVICE_7SERIES.NO_BMM_INFO.SDP.SIMPLE_PRIM36.ram/DIADI[4]
  Path Group:             (none)
  Path Type:              Min at Slow Process Corner
  Data Path Delay:        0.627ns  (logic 0.367ns (58.528%)  route 0.260ns (41.472%))
  Logic Levels:           0  
  Clock Uncertainty:      0.246ns  ((TSJ^2 + DJ^2)^1/2) / 2 + PE
    Total System Jitter     (TSJ):    0.050ns
    Discrete Jitter          (DJ):    0.154ns
    Phase Error              (PE):    0.165ns

    Location             Delay type                Incr(ns)  Path(ns)    Netlist Resource(s)
  -------------------------------------------------------------------    -------------------
                         (clock clk_125M_clk_wiz_0 rise edge)
                                                      0.000     0.000 r  
    W19                                               0.000     0.000 r  clk_50M (IN)
                         net (fo=0)                   0.000     0.000    clk_u0/inst/clk_in1
    W19                  IBUF (Prop_ibuf_I_O)         1.438     1.438 r  clk_u0/inst/clkin1_ibufg/O
                         net (fo=1, routed)           1.162     2.600    clk_u0/inst/clk_in1_clk_wiz_0
    MMCME2_ADV_X0Y2      MMCME2_ADV (Prop_mmcme2_adv_CLKIN1_CLKOUT0)
                                                     -7.729    -5.129 r  clk_u0/inst/mmcm_adv_inst/CLKOUT0
                         net (fo=1, routed)           1.760    -3.369    clk_u0/inst/clk_125M_clk_wiz_0
    BUFGCTRL_X0Y0        BUFG (Prop_bufg_I_O)         0.091    -3.278 r  clk_u0/inst/clkout1_buf/O
                         net (fo=9233, routed)        1.648    -1.630    u_Demodulation/u_CIC_FFT_1/U0/i_synth/decimator.decimation_filter/aclk
    SLICE_X21Y110        FDRE                                         r  u_Demodulation/u_CIC_FFT_1/U0/i_synth/decimator.decimation_filter/DOUT_reg[45]/C
  -------------------------------------------------------------------    -------------------
    SLICE_X21Y110        FDRE (Prop_fdre_C_Q)         0.367    -1.263 r  u_Demodulation/u_CIC_FFT_1/U0/i_synth/decimator.decimation_filter/DOUT_reg[45]/Q
                         net (fo=1, routed)           0.260    -1.003    u_Demodulation/u_fifo_generator_fft/U0/inst_fifo_gen/gconvfifo.rf/grf.rf/gntv_or_sync_fifo.mem/gbm.gbmg.gbmga.ngecc.bmg/inst_blk_mem_gen/gnbram.gnativebmg.native_blk_mem_gen/valid.cstr/ramloop[1].ram.r/prim_noinit.ram/din[4]
    RAMB36_X1Y22         RAMB36E1                                     r  u_Demodulation/u_fifo_generator_fft/U0/inst_fifo_gen/gconvfifo.rf/grf.rf/gntv_or_sync_fifo.mem/gbm.gbmg.gbmga.ngecc.bmg/inst_blk_mem_gen/gnbram.gnativebmg.native_blk_mem_gen/valid.cstr/ramloop[1].ram.r/prim_noinit.ram/DEVICE_7SERIES.NO_BMM_INFO.SDP.SIMPLE_PRIM36.ram/DIADI[4]
  -------------------------------------------------------------------    -------------------

Slack:                    inf
  Source:                 u_Demodulation/u_CIC_FFT_1/U0/i_synth/decimator.decimation_filter/DOUT_reg[43]/C
                            (rising edge-triggered cell FDRE clocked by clk_125M_clk_wiz_0  {rise@0.000ns fall@4.000ns period=8.000ns})
  Destination:            u_Demodulation/u_fifo_generator_fft/U0/inst_fifo_gen/gconvfifo.rf/grf.rf/gntv_or_sync_fifo.mem/gbm.gbmg.gbmga.ngecc.bmg/inst_blk_mem_gen/gnbram.gnativebmg.native_blk_mem_gen/valid.cstr/ramloop[1].ram.r/prim_noinit.ram/DEVICE_7SERIES.NO_BMM_INFO.SDP.SIMPLE_PRIM36.ram/DIADI[2]
  Path Group:             (none)
  Path Type:              Min at Slow Process Corner
  Data Path Delay:        0.631ns  (logic 0.367ns (58.157%)  route 0.264ns (41.843%))
  Logic Levels:           0  
  Clock Uncertainty:      0.246ns  ((TSJ^2 + DJ^2)^1/2) / 2 + PE
    Total System Jitter     (TSJ):    0.050ns
    Discrete Jitter          (DJ):    0.154ns
    Phase Error              (PE):    0.165ns

    Location             Delay type                Incr(ns)  Path(ns)    Netlist Resource(s)
  -------------------------------------------------------------------    -------------------
                         (clock clk_125M_clk_wiz_0 rise edge)
                                                      0.000     0.000 r  
    W19                                               0.000     0.000 r  clk_50M (IN)
                         net (fo=0)                   0.000     0.000    clk_u0/inst/clk_in1
    W19                  IBUF (Prop_ibuf_I_O)         1.438     1.438 r  clk_u0/inst/clkin1_ibufg/O
                         net (fo=1, routed)           1.162     2.600    clk_u0/inst/clk_in1_clk_wiz_0
    MMCME2_ADV_X0Y2      MMCME2_ADV (Prop_mmcme2_adv_CLKIN1_CLKOUT0)
                                                     -7.729    -5.129 r  clk_u0/inst/mmcm_adv_inst/CLKOUT0
                         net (fo=1, routed)           1.760    -3.369    clk_u0/inst/clk_125M_clk_wiz_0
    BUFGCTRL_X0Y0        BUFG (Prop_bufg_I_O)         0.091    -3.278 r  clk_u0/inst/clkout1_buf/O
                         net (fo=9233, routed)        1.648    -1.630    u_Demodulation/u_CIC_FFT_1/U0/i_synth/decimator.decimation_filter/aclk
    SLICE_X21Y110        FDRE                                         r  u_Demodulation/u_CIC_FFT_1/U0/i_synth/decimator.decimation_filter/DOUT_reg[43]/C
  -------------------------------------------------------------------    -------------------
    SLICE_X21Y110        FDRE (Prop_fdre_C_Q)         0.367    -1.263 r  u_Demodulation/u_CIC_FFT_1/U0/i_synth/decimator.decimation_filter/DOUT_reg[43]/Q
                         net (fo=1, routed)           0.264    -0.999    u_Demodulation/u_fifo_generator_fft/U0/inst_fifo_gen/gconvfifo.rf/grf.rf/gntv_or_sync_fifo.mem/gbm.gbmg.gbmga.ngecc.bmg/inst_blk_mem_gen/gnbram.gnativebmg.native_blk_mem_gen/valid.cstr/ramloop[1].ram.r/prim_noinit.ram/din[2]
    RAMB36_X1Y22         RAMB36E1                                     r  u_Demodulation/u_fifo_generator_fft/U0/inst_fifo_gen/gconvfifo.rf/grf.rf/gntv_or_sync_fifo.mem/gbm.gbmg.gbmga.ngecc.bmg/inst_blk_mem_gen/gnbram.gnativebmg.native_blk_mem_gen/valid.cstr/ramloop[1].ram.r/prim_noinit.ram/DEVICE_7SERIES.NO_BMM_INFO.SDP.SIMPLE_PRIM36.ram/DIADI[2]
  -------------------------------------------------------------------    -------------------

Slack:                    inf
  Source:                 u_Demodulation/u_CIC_FFT_1/U0/i_synth/decimator.decimation_filter/DOUT_reg[46]/C
                            (rising edge-triggered cell FDRE clocked by clk_125M_clk_wiz_0  {rise@0.000ns fall@4.000ns period=8.000ns})
  Destination:            u_Demodulation/u_fifo_generator_fft/U0/inst_fifo_gen/gconvfifo.rf/grf.rf/gntv_or_sync_fifo.mem/gbm.gbmg.gbmga.ngecc.bmg/inst_blk_mem_gen/gnbram.gnativebmg.native_blk_mem_gen/valid.cstr/ramloop[1].ram.r/prim_noinit.ram/DEVICE_7SERIES.NO_BMM_INFO.SDP.SIMPLE_PRIM36.ram/DIADI[5]
  Path Group:             (none)
  Path Type:              Min at Slow Process Corner
  Data Path Delay:        0.670ns  (logic 0.418ns (62.405%)  route 0.252ns (37.595%))
  Logic Levels:           0  
  Clock Uncertainty:      0.246ns  ((TSJ^2 + DJ^2)^1/2) / 2 + PE
    Total System Jitter     (TSJ):    0.050ns
    Discrete Jitter          (DJ):    0.154ns
    Phase Error              (PE):    0.165ns

    Location             Delay type                Incr(ns)  Path(ns)    Netlist Resource(s)
  -------------------------------------------------------------------    -------------------
                         (clock clk_125M_clk_wiz_0 rise edge)
                                                      0.000     0.000 r  
    W19                                               0.000     0.000 r  clk_50M (IN)
                         net (fo=0)                   0.000     0.000    clk_u0/inst/clk_in1
    W19                  IBUF (Prop_ibuf_I_O)         1.438     1.438 r  clk_u0/inst/clkin1_ibufg/O
                         net (fo=1, routed)           1.162     2.600    clk_u0/inst/clk_in1_clk_wiz_0
    MMCME2_ADV_X0Y2      MMCME2_ADV (Prop_mmcme2_adv_CLKIN1_CLKOUT0)
                                                     -7.729    -5.129 r  clk_u0/inst/mmcm_adv_inst/CLKOUT0
                         net (fo=1, routed)           1.760    -3.369    clk_u0/inst/clk_125M_clk_wiz_0
    BUFGCTRL_X0Y0        BUFG (Prop_bufg_I_O)         0.091    -3.278 r  clk_u0/inst/clkout1_buf/O
                         net (fo=9233, routed)        1.643    -1.635    u_Demodulation/u_CIC_FFT_1/U0/i_synth/decimator.decimation_filter/aclk
    SLICE_X22Y113        FDRE                                         r  u_Demodulation/u_CIC_FFT_1/U0/i_synth/decimator.decimation_filter/DOUT_reg[46]/C
  -------------------------------------------------------------------    -------------------
    SLICE_X22Y113        FDRE (Prop_fdre_C_Q)         0.418    -1.217 r  u_Demodulation/u_CIC_FFT_1/U0/i_synth/decimator.decimation_filter/DOUT_reg[46]/Q
                         net (fo=1, routed)           0.252    -0.965    u_Demodulation/u_fifo_generator_fft/U0/inst_fifo_gen/gconvfifo.rf/grf.rf/gntv_or_sync_fifo.mem/gbm.gbmg.gbmga.ngecc.bmg/inst_blk_mem_gen/gnbram.gnativebmg.native_blk_mem_gen/valid.cstr/ramloop[1].ram.r/prim_noinit.ram/din[5]
    RAMB36_X1Y22         RAMB36E1                                     r  u_Demodulation/u_fifo_generator_fft/U0/inst_fifo_gen/gconvfifo.rf/grf.rf/gntv_or_sync_fifo.mem/gbm.gbmg.gbmga.ngecc.bmg/inst_blk_mem_gen/gnbram.gnativebmg.native_blk_mem_gen/valid.cstr/ramloop[1].ram.r/prim_noinit.ram/DEVICE_7SERIES.NO_BMM_INFO.SDP.SIMPLE_PRIM36.ram/DIADI[5]
  -------------------------------------------------------------------    -------------------

Slack:                    inf
  Source:                 u_Demodulation/u_CIC_FFT_2/U0/i_synth/decimator.decimation_filter/DOUT_reg[50]/C
                            (rising edge-triggered cell FDRE clocked by clk_125M_clk_wiz_0  {rise@0.000ns fall@4.000ns period=8.000ns})
  Destination:            u_Demodulation/u_FFT_2/u_FFT_NonRealTIME/FFT_data_in_reg[10]/D
  Path Group:             (none)
  Path Type:              Min at Slow Process Corner
  Data Path Delay:        0.707ns  (logic 0.367ns (51.891%)  route 0.340ns (48.109%))
  Logic Levels:           0  
  Clock Uncertainty:      0.246ns  ((TSJ^2 + DJ^2)^1/2) / 2 + PE
    Total System Jitter     (TSJ):    0.050ns
    Discrete Jitter          (DJ):    0.154ns
    Phase Error              (PE):    0.165ns

    Location             Delay type                Incr(ns)  Path(ns)    Netlist Resource(s)
  -------------------------------------------------------------------    -------------------
                         (clock clk_125M_clk_wiz_0 rise edge)
                                                      0.000     0.000 r  
    W19                                               0.000     0.000 r  clk_50M (IN)
                         net (fo=0)                   0.000     0.000    clk_u0/inst/clk_in1
    W19                  IBUF (Prop_ibuf_I_O)         1.438     1.438 r  clk_u0/inst/clkin1_ibufg/O
                         net (fo=1, routed)           1.162     2.600    clk_u0/inst/clk_in1_clk_wiz_0
    MMCME2_ADV_X0Y2      MMCME2_ADV (Prop_mmcme2_adv_CLKIN1_CLKOUT0)
                                                     -7.729    -5.129 r  clk_u0/inst/mmcm_adv_inst/CLKOUT0
                         net (fo=1, routed)           1.760    -3.369    clk_u0/inst/clk_125M_clk_wiz_0
    BUFGCTRL_X0Y0        BUFG (Prop_bufg_I_O)         0.091    -3.278 r  clk_u0/inst/clkout1_buf/O
                         net (fo=9233, routed)        1.640    -1.638    u_Demodulation/u_CIC_FFT_2/U0/i_synth/decimator.decimation_filter/aclk
    SLICE_X9Y121         FDRE                                         r  u_Demodulation/u_CIC_FFT_2/U0/i_synth/decimator.decimation_filter/DOUT_reg[50]/C
  -------------------------------------------------------------------    -------------------
    SLICE_X9Y121         FDRE (Prop_fdre_C_Q)         0.367    -1.271 r  u_Demodulation/u_CIC_FFT_2/U0/i_synth/decimator.decimation_filter/DOUT_reg[50]/Q
                         net (fo=1, routed)           0.340    -0.930    u_Demodulation/u_FFT_2/u_FFT_NonRealTIME/FFT_data_in_reg[15]_0[10]
    SLICE_X7Y121         FDCE                                         r  u_Demodulation/u_FFT_2/u_FFT_NonRealTIME/FFT_data_in_reg[10]/D
  -------------------------------------------------------------------    -------------------

Slack:                    inf
  Source:                 u_Demodulation/u_CIC_FFT_2/U0/i_synth/decimator.decimation_filter/DOUT_reg[55]/C
                            (rising edge-triggered cell FDRE clocked by clk_125M_clk_wiz_0  {rise@0.000ns fall@4.000ns period=8.000ns})
  Destination:            u_Demodulation/u_FFT_2/u_FFT_NonRealTIME/FFT_data_in_reg[15]/D
  Path Group:             (none)
  Path Type:              Min at Slow Process Corner
  Data Path Delay:        0.710ns  (logic 0.337ns (47.434%)  route 0.373ns (52.566%))
  Logic Levels:           0  
  Clock Uncertainty:      0.246ns  ((TSJ^2 + DJ^2)^1/2) / 2 + PE
    Total System Jitter     (TSJ):    0.050ns
    Discrete Jitter          (DJ):    0.154ns
    Phase Error              (PE):    0.165ns

    Location             Delay type                Incr(ns)  Path(ns)    Netlist Resource(s)
  -------------------------------------------------------------------    -------------------
                         (clock clk_125M_clk_wiz_0 rise edge)
                                                      0.000     0.000 r  
    W19                                               0.000     0.000 r  clk_50M (IN)
                         net (fo=0)                   0.000     0.000    clk_u0/inst/clk_in1
    W19                  IBUF (Prop_ibuf_I_O)         1.438     1.438 r  clk_u0/inst/clkin1_ibufg/O
                         net (fo=1, routed)           1.162     2.600    clk_u0/inst/clk_in1_clk_wiz_0
    MMCME2_ADV_X0Y2      MMCME2_ADV (Prop_mmcme2_adv_CLKIN1_CLKOUT0)
                                                     -7.729    -5.129 r  clk_u0/inst/mmcm_adv_inst/CLKOUT0
                         net (fo=1, routed)           1.760    -3.369    clk_u0/inst/clk_125M_clk_wiz_0
    BUFGCTRL_X0Y0        BUFG (Prop_bufg_I_O)         0.091    -3.278 r  clk_u0/inst/clkout1_buf/O
                         net (fo=9233, routed)        1.640    -1.638    u_Demodulation/u_CIC_FFT_2/U0/i_synth/decimator.decimation_filter/aclk
    SLICE_X9Y121         FDRE                                         r  u_Demodulation/u_CIC_FFT_2/U0/i_synth/decimator.decimation_filter/DOUT_reg[55]/C
  -------------------------------------------------------------------    -------------------
    SLICE_X9Y121         FDRE (Prop_fdre_C_Q)         0.337    -1.301 r  u_Demodulation/u_CIC_FFT_2/U0/i_synth/decimator.decimation_filter/DOUT_reg[55]/Q
                         net (fo=1, routed)           0.373    -0.927    u_Demodulation/u_FFT_2/u_FFT_NonRealTIME/FFT_data_in_reg[15]_0[15]
    SLICE_X7Y121         FDCE                                         r  u_Demodulation/u_FFT_2/u_FFT_NonRealTIME/FFT_data_in_reg[15]/D
  -------------------------------------------------------------------    -------------------

Slack:                    inf
  Source:                 u_Demodulation/u_CIC_FFT_1/U0/i_synth/decimator.decimation_filter/DOUT_reg[41]/C
                            (rising edge-triggered cell FDRE clocked by clk_125M_clk_wiz_0  {rise@0.000ns fall@4.000ns period=8.000ns})
  Destination:            u_Demodulation/u_fifo_generator_fft/U0/inst_fifo_gen/gconvfifo.rf/grf.rf/gntv_or_sync_fifo.mem/gbm.gbmg.gbmga.ngecc.bmg/inst_blk_mem_gen/gnbram.gnativebmg.native_blk_mem_gen/valid.cstr/ramloop[1].ram.r/prim_noinit.ram/DEVICE_7SERIES.NO_BMM_INFO.SDP.SIMPLE_PRIM36.ram/DIADI[0]
  Path Group:             (none)
  Path Type:              Min at Slow Process Corner
  Data Path Delay:        0.719ns  (logic 0.418ns (58.145%)  route 0.301ns (41.855%))
  Logic Levels:           0  
  Clock Uncertainty:      0.246ns  ((TSJ^2 + DJ^2)^1/2) / 2 + PE
    Total System Jitter     (TSJ):    0.050ns
    Discrete Jitter          (DJ):    0.154ns
    Phase Error              (PE):    0.165ns

    Location             Delay type                Incr(ns)  Path(ns)    Netlist Resource(s)
  -------------------------------------------------------------------    -------------------
                         (clock clk_125M_clk_wiz_0 rise edge)
                                                      0.000     0.000 r  
    W19                                               0.000     0.000 r  clk_50M (IN)
                         net (fo=0)                   0.000     0.000    clk_u0/inst/clk_in1
    W19                  IBUF (Prop_ibuf_I_O)         1.438     1.438 r  clk_u0/inst/clkin1_ibufg/O
                         net (fo=1, routed)           1.162     2.600    clk_u0/inst/clk_in1_clk_wiz_0
    MMCME2_ADV_X0Y2      MMCME2_ADV (Prop_mmcme2_adv_CLKIN1_CLKOUT0)
                                                     -7.729    -5.129 r  clk_u0/inst/mmcm_adv_inst/CLKOUT0
                         net (fo=1, routed)           1.760    -3.369    clk_u0/inst/clk_125M_clk_wiz_0
    BUFGCTRL_X0Y0        BUFG (Prop_bufg_I_O)         0.091    -3.278 r  clk_u0/inst/clkout1_buf/O
                         net (fo=9233, routed)        1.644    -1.634    u_Demodulation/u_CIC_FFT_1/U0/i_synth/decimator.decimation_filter/aclk
    SLICE_X22Y112        FDRE                                         r  u_Demodulation/u_CIC_FFT_1/U0/i_synth/decimator.decimation_filter/DOUT_reg[41]/C
  -------------------------------------------------------------------    -------------------
    SLICE_X22Y112        FDRE (Prop_fdre_C_Q)         0.418    -1.216 r  u_Demodulation/u_CIC_FFT_1/U0/i_synth/decimator.decimation_filter/DOUT_reg[41]/Q
                         net (fo=1, routed)           0.301    -0.915    u_Demodulation/u_fifo_generator_fft/U0/inst_fifo_gen/gconvfifo.rf/grf.rf/gntv_or_sync_fifo.mem/gbm.gbmg.gbmga.ngecc.bmg/inst_blk_mem_gen/gnbram.gnativebmg.native_blk_mem_gen/valid.cstr/ramloop[1].ram.r/prim_noinit.ram/din[0]
    RAMB36_X1Y22         RAMB36E1                                     r  u_Demodulation/u_fifo_generator_fft/U0/inst_fifo_gen/gconvfifo.rf/grf.rf/gntv_or_sync_fifo.mem/gbm.gbmg.gbmga.ngecc.bmg/inst_blk_mem_gen/gnbram.gnativebmg.native_blk_mem_gen/valid.cstr/ramloop[1].ram.r/prim_noinit.ram/DEVICE_7SERIES.NO_BMM_INFO.SDP.SIMPLE_PRIM36.ram/DIADI[0]
  -------------------------------------------------------------------    -------------------

Slack:                    inf
  Source:                 u_Demodulation/u_CIC_FFT_1/U0/i_synth/decimator.decimation_filter/DOUT_reg[37]/C
                            (rising edge-triggered cell FDRE clocked by clk_125M_clk_wiz_0  {rise@0.000ns fall@4.000ns period=8.000ns})
  Destination:            u_Demodulation/u_fifo_generator_fft/U0/inst_fifo_gen/gconvfifo.rf/grf.rf/gntv_or_sync_fifo.mem/gbm.gbmg.gbmga.ngecc.bmg/inst_blk_mem_gen/gnbram.gnativebmg.native_blk_mem_gen/valid.cstr/ramloop[0].ram.r/prim_noinit.ram/DEVICE_7SERIES.NO_BMM_INFO.SDP.SIMPLE_PRIM36.ram/DIADI[5]
  Path Group:             (none)
  Path Type:              Min at Slow Process Corner
  Data Path Delay:        0.716ns  (logic 0.337ns (47.037%)  route 0.379ns (52.963%))
  Logic Levels:           0  
  Clock Uncertainty:      0.246ns  ((TSJ^2 + DJ^2)^1/2) / 2 + PE
    Total System Jitter     (TSJ):    0.050ns
    Discrete Jitter          (DJ):    0.154ns
    Phase Error              (PE):    0.165ns

    Location             Delay type                Incr(ns)  Path(ns)    Netlist Resource(s)
  -------------------------------------------------------------------    -------------------
                         (clock clk_125M_clk_wiz_0 rise edge)
                                                      0.000     0.000 r  
    W19                                               0.000     0.000 r  clk_50M (IN)
                         net (fo=0)                   0.000     0.000    clk_u0/inst/clk_in1
    W19                  IBUF (Prop_ibuf_I_O)         1.438     1.438 r  clk_u0/inst/clkin1_ibufg/O
                         net (fo=1, routed)           1.162     2.600    clk_u0/inst/clk_in1_clk_wiz_0
    MMCME2_ADV_X0Y2      MMCME2_ADV (Prop_mmcme2_adv_CLKIN1_CLKOUT0)
                                                     -7.729    -5.129 r  clk_u0/inst/mmcm_adv_inst/CLKOUT0
                         net (fo=1, routed)           1.760    -3.369    clk_u0/inst/clk_125M_clk_wiz_0
    BUFGCTRL_X0Y0        BUFG (Prop_bufg_I_O)         0.091    -3.278 r  clk_u0/inst/clkout1_buf/O
                         net (fo=9233, routed)        1.649    -1.629    u_Demodulation/u_CIC_FFT_1/U0/i_synth/decimator.decimation_filter/aclk
    SLICE_X21Y108        FDRE                                         r  u_Demodulation/u_CIC_FFT_1/U0/i_synth/decimator.decimation_filter/DOUT_reg[37]/C
  -------------------------------------------------------------------    -------------------
    SLICE_X21Y108        FDRE (Prop_fdre_C_Q)         0.337    -1.292 r  u_Demodulation/u_CIC_FFT_1/U0/i_synth/decimator.decimation_filter/DOUT_reg[37]/Q
                         net (fo=1, routed)           0.379    -0.912    u_Demodulation/u_fifo_generator_fft/U0/inst_fifo_gen/gconvfifo.rf/grf.rf/gntv_or_sync_fifo.mem/gbm.gbmg.gbmga.ngecc.bmg/inst_blk_mem_gen/gnbram.gnativebmg.native_blk_mem_gen/valid.cstr/ramloop[0].ram.r/prim_noinit.ram/din[5]
    RAMB36_X1Y21         RAMB36E1                                     r  u_Demodulation/u_fifo_generator_fft/U0/inst_fifo_gen/gconvfifo.rf/grf.rf/gntv_or_sync_fifo.mem/gbm.gbmg.gbmga.ngecc.bmg/inst_blk_mem_gen/gnbram.gnativebmg.native_blk_mem_gen/valid.cstr/ramloop[0].ram.r/prim_noinit.ram/DEVICE_7SERIES.NO_BMM_INFO.SDP.SIMPLE_PRIM36.ram/DIADI[5]
  -------------------------------------------------------------------    -------------------

Slack:                    inf
  Source:                 u_Demodulation/u_CIC_FFT_1/U0/i_synth/decimator.decimation_filter/DOUT_reg[44]/C
                            (rising edge-triggered cell FDRE clocked by clk_125M_clk_wiz_0  {rise@0.000ns fall@4.000ns period=8.000ns})
  Destination:            u_Demodulation/u_fifo_generator_fft/U0/inst_fifo_gen/gconvfifo.rf/grf.rf/gntv_or_sync_fifo.mem/gbm.gbmg.gbmga.ngecc.bmg/inst_blk_mem_gen/gnbram.gnativebmg.native_blk_mem_gen/valid.cstr/ramloop[1].ram.r/prim_noinit.ram/DEVICE_7SERIES.NO_BMM_INFO.SDP.SIMPLE_PRIM36.ram/DIADI[3]
  Path Group:             (none)
  Path Type:              Min at Slow Process Corner
  Data Path Delay:        0.750ns  (logic 0.367ns (48.937%)  route 0.383ns (51.063%))
  Logic Levels:           0  
  Clock Uncertainty:      0.246ns  ((TSJ^2 + DJ^2)^1/2) / 2 + PE
    Total System Jitter     (TSJ):    0.050ns
    Discrete Jitter          (DJ):    0.154ns
    Phase Error              (PE):    0.165ns

    Location             Delay type                Incr(ns)  Path(ns)    Netlist Resource(s)
  -------------------------------------------------------------------    -------------------
                         (clock clk_125M_clk_wiz_0 rise edge)
                                                      0.000     0.000 r  
    W19                                               0.000     0.000 r  clk_50M (IN)
                         net (fo=0)                   0.000     0.000    clk_u0/inst/clk_in1
    W19                  IBUF (Prop_ibuf_I_O)         1.438     1.438 r  clk_u0/inst/clkin1_ibufg/O
                         net (fo=1, routed)           1.162     2.600    clk_u0/inst/clk_in1_clk_wiz_0
    MMCME2_ADV_X0Y2      MMCME2_ADV (Prop_mmcme2_adv_CLKIN1_CLKOUT0)
                                                     -7.729    -5.129 r  clk_u0/inst/mmcm_adv_inst/CLKOUT0
                         net (fo=1, routed)           1.760    -3.369    clk_u0/inst/clk_125M_clk_wiz_0
    BUFGCTRL_X0Y0        BUFG (Prop_bufg_I_O)         0.091    -3.278 r  clk_u0/inst/clkout1_buf/O
                         net (fo=9233, routed)        1.646    -1.632    u_Demodulation/u_CIC_FFT_1/U0/i_synth/decimator.decimation_filter/aclk
    SLICE_X21Y112        FDRE                                         r  u_Demodulation/u_CIC_FFT_1/U0/i_synth/decimator.decimation_filter/DOUT_reg[44]/C
  -------------------------------------------------------------------    -------------------
    SLICE_X21Y112        FDRE (Prop_fdre_C_Q)         0.367    -1.265 r  u_Demodulation/u_CIC_FFT_1/U0/i_synth/decimator.decimation_filter/DOUT_reg[44]/Q
                         net (fo=1, routed)           0.383    -0.882    u_Demodulation/u_fifo_generator_fft/U0/inst_fifo_gen/gconvfifo.rf/grf.rf/gntv_or_sync_fifo.mem/gbm.gbmg.gbmga.ngecc.bmg/inst_blk_mem_gen/gnbram.gnativebmg.native_blk_mem_gen/valid.cstr/ramloop[1].ram.r/prim_noinit.ram/din[3]
    RAMB36_X1Y22         RAMB36E1                                     r  u_Demodulation/u_fifo_generator_fft/U0/inst_fifo_gen/gconvfifo.rf/grf.rf/gntv_or_sync_fifo.mem/gbm.gbmg.gbmga.ngecc.bmg/inst_blk_mem_gen/gnbram.gnativebmg.native_blk_mem_gen/valid.cstr/ramloop[1].ram.r/prim_noinit.ram/DEVICE_7SERIES.NO_BMM_INFO.SDP.SIMPLE_PRIM36.ram/DIADI[3]
  -------------------------------------------------------------------    -------------------

Slack:                    inf
  Source:                 u_Demodulation/u_CIC_FFT_1/U0/i_synth/decimator.decimation_filter/DOUT_reg[35]/C
                            (rising edge-triggered cell FDRE clocked by clk_125M_clk_wiz_0  {rise@0.000ns fall@4.000ns period=8.000ns})
  Destination:            u_Demodulation/u_fifo_generator_fft/U0/inst_fifo_gen/gconvfifo.rf/grf.rf/gntv_or_sync_fifo.mem/gbm.gbmg.gbmga.ngecc.bmg/inst_blk_mem_gen/gnbram.gnativebmg.native_blk_mem_gen/valid.cstr/ramloop[0].ram.r/prim_noinit.ram/DEVICE_7SERIES.NO_BMM_INFO.SDP.SIMPLE_PRIM36.ram/DIADI[3]
  Path Group:             (none)
  Path Type:              Min at Slow Process Corner
  Data Path Delay:        0.758ns  (logic 0.367ns (48.426%)  route 0.391ns (51.574%))
  Logic Levels:           0  
  Clock Uncertainty:      0.246ns  ((TSJ^2 + DJ^2)^1/2) / 2 + PE
    Total System Jitter     (TSJ):    0.050ns
    Discrete Jitter          (DJ):    0.154ns
    Phase Error              (PE):    0.165ns

    Location             Delay type                Incr(ns)  Path(ns)    Netlist Resource(s)
  -------------------------------------------------------------------    -------------------
                         (clock clk_125M_clk_wiz_0 rise edge)
                                                      0.000     0.000 r  
    W19                                               0.000     0.000 r  clk_50M (IN)
                         net (fo=0)                   0.000     0.000    clk_u0/inst/clk_in1
    W19                  IBUF (Prop_ibuf_I_O)         1.438     1.438 r  clk_u0/inst/clkin1_ibufg/O
                         net (fo=1, routed)           1.162     2.600    clk_u0/inst/clk_in1_clk_wiz_0
    MMCME2_ADV_X0Y2      MMCME2_ADV (Prop_mmcme2_adv_CLKIN1_CLKOUT0)
                                                     -7.729    -5.129 r  clk_u0/inst/mmcm_adv_inst/CLKOUT0
                         net (fo=1, routed)           1.760    -3.369    clk_u0/inst/clk_125M_clk_wiz_0
    BUFGCTRL_X0Y0        BUFG (Prop_bufg_I_O)         0.091    -3.278 r  clk_u0/inst/clkout1_buf/O
                         net (fo=9233, routed)        1.649    -1.629    u_Demodulation/u_CIC_FFT_1/U0/i_synth/decimator.decimation_filter/aclk
    SLICE_X21Y108        FDRE                                         r  u_Demodulation/u_CIC_FFT_1/U0/i_synth/decimator.decimation_filter/DOUT_reg[35]/C
  -------------------------------------------------------------------    -------------------
    SLICE_X21Y108        FDRE (Prop_fdre_C_Q)         0.367    -1.262 r  u_Demodulation/u_CIC_FFT_1/U0/i_synth/decimator.decimation_filter/DOUT_reg[35]/Q
                         net (fo=1, routed)           0.391    -0.871    u_Demodulation/u_fifo_generator_fft/U0/inst_fifo_gen/gconvfifo.rf/grf.rf/gntv_or_sync_fifo.mem/gbm.gbmg.gbmga.ngecc.bmg/inst_blk_mem_gen/gnbram.gnativebmg.native_blk_mem_gen/valid.cstr/ramloop[0].ram.r/prim_noinit.ram/din[3]
    RAMB36_X1Y21         RAMB36E1                                     r  u_Demodulation/u_fifo_generator_fft/U0/inst_fifo_gen/gconvfifo.rf/grf.rf/gntv_or_sync_fifo.mem/gbm.gbmg.gbmga.ngecc.bmg/inst_blk_mem_gen/gnbram.gnativebmg.native_blk_mem_gen/valid.cstr/ramloop[0].ram.r/prim_noinit.ram/DEVICE_7SERIES.NO_BMM_INFO.SDP.SIMPLE_PRIM36.ram/DIADI[3]
  -------------------------------------------------------------------    -------------------

Slack:                    inf
  Source:                 u_Demodulation/u_CIC_FFT_1/U0/i_synth/decimator.decimation_filter/DOUT_reg[36]/C
                            (rising edge-triggered cell FDRE clocked by clk_125M_clk_wiz_0  {rise@0.000ns fall@4.000ns period=8.000ns})
  Destination:            u_Demodulation/u_fifo_generator_fft/U0/inst_fifo_gen/gconvfifo.rf/grf.rf/gntv_or_sync_fifo.mem/gbm.gbmg.gbmga.ngecc.bmg/inst_blk_mem_gen/gnbram.gnativebmg.native_blk_mem_gen/valid.cstr/ramloop[0].ram.r/prim_noinit.ram/DEVICE_7SERIES.NO_BMM_INFO.SDP.SIMPLE_PRIM36.ram/DIADI[4]
  Path Group:             (none)
  Path Type:              Min at Slow Process Corner
  Data Path Delay:        0.762ns  (logic 0.337ns (44.238%)  route 0.425ns (55.762%))
  Logic Levels:           0  
  Clock Uncertainty:      0.246ns  ((TSJ^2 + DJ^2)^1/2) / 2 + PE
    Total System Jitter     (TSJ):    0.050ns
    Discrete Jitter          (DJ):    0.154ns
    Phase Error              (PE):    0.165ns

    Location             Delay type                Incr(ns)  Path(ns)    Netlist Resource(s)
  -------------------------------------------------------------------    -------------------
                         (clock clk_125M_clk_wiz_0 rise edge)
                                                      0.000     0.000 r  
    W19                                               0.000     0.000 r  clk_50M (IN)
                         net (fo=0)                   0.000     0.000    clk_u0/inst/clk_in1
    W19                  IBUF (Prop_ibuf_I_O)         1.438     1.438 r  clk_u0/inst/clkin1_ibufg/O
                         net (fo=1, routed)           1.162     2.600    clk_u0/inst/clk_in1_clk_wiz_0
    MMCME2_ADV_X0Y2      MMCME2_ADV (Prop_mmcme2_adv_CLKIN1_CLKOUT0)
                                                     -7.729    -5.129 r  clk_u0/inst/mmcm_adv_inst/CLKOUT0
                         net (fo=1, routed)           1.760    -3.369    clk_u0/inst/clk_125M_clk_wiz_0
    BUFGCTRL_X0Y0        BUFG (Prop_bufg_I_O)         0.091    -3.278 r  clk_u0/inst/clkout1_buf/O
                         net (fo=9233, routed)        1.649    -1.629    u_Demodulation/u_CIC_FFT_1/U0/i_synth/decimator.decimation_filter/aclk
    SLICE_X21Y108        FDRE                                         r  u_Demodulation/u_CIC_FFT_1/U0/i_synth/decimator.decimation_filter/DOUT_reg[36]/C
  -------------------------------------------------------------------    -------------------
    SLICE_X21Y108        FDRE (Prop_fdre_C_Q)         0.337    -1.292 r  u_Demodulation/u_CIC_FFT_1/U0/i_synth/decimator.decimation_filter/DOUT_reg[36]/Q
                         net (fo=1, routed)           0.425    -0.867    u_Demodulation/u_fifo_generator_fft/U0/inst_fifo_gen/gconvfifo.rf/grf.rf/gntv_or_sync_fifo.mem/gbm.gbmg.gbmga.ngecc.bmg/inst_blk_mem_gen/gnbram.gnativebmg.native_blk_mem_gen/valid.cstr/ramloop[0].ram.r/prim_noinit.ram/din[4]
    RAMB36_X1Y21         RAMB36E1                                     r  u_Demodulation/u_fifo_generator_fft/U0/inst_fifo_gen/gconvfifo.rf/grf.rf/gntv_or_sync_fifo.mem/gbm.gbmg.gbmga.ngecc.bmg/inst_blk_mem_gen/gnbram.gnativebmg.native_blk_mem_gen/valid.cstr/ramloop[0].ram.r/prim_noinit.ram/DEVICE_7SERIES.NO_BMM_INFO.SDP.SIMPLE_PRIM36.ram/DIADI[4]
  -------------------------------------------------------------------    -------------------





--------------------------------------------------------------------------------------
Path Group:  (none)
From Clock:  clkfbout_clk_wiz_0
  To Clock:  

Max Delay             1 Endpoint
Min Delay             1 Endpoint
--------------------------------------------------------------------------------------


Max Delay Paths
--------------------------------------------------------------------------------------
Slack:                    inf
  Source:                 clk_u0/inst/mmcm_adv_inst/CLKFBOUT
                            (clock source 'clkfbout_clk_wiz_0'  {rise@0.000ns fall@10.000ns period=20.000ns})
  Destination:            clk_u0/inst/mmcm_adv_inst/CLKFBIN
  Path Group:             (none)
  Path Type:              Max at Fast Process Corner
  Data Path Delay:        1.502ns  (logic 0.029ns (1.931%)  route 1.473ns (98.069%))
  Logic Levels:           1  (BUFG=1)
  Clock Uncertainty:      0.225ns  ((TSJ^2 + DJ^2)^1/2) / 2 + PE
    Total System Jitter     (TSJ):    0.050ns
    Discrete Jitter          (DJ):    0.110ns
    Phase Error              (PE):    0.165ns

    Location             Delay type                Incr(ns)  Path(ns)    Netlist Resource(s)
  -------------------------------------------------------------------    -------------------
                         (clock clkfbout_clk_wiz_0 fall edge)
                                                     10.000    10.000 f  
    W19                                               0.000    10.000 f  clk_50M (IN)
                         net (fo=0)                   0.000    10.000    clk_u0/inst/clk_in1
    W19                  IBUF (Prop_ibuf_I_O)         0.465    10.465 f  clk_u0/inst/clkin1_ibufg/O
                         net (fo=1, routed)           0.480    10.945    clk_u0/inst/clk_in1_clk_wiz_0
  -------------------------------------------------------------------    -------------------
    MMCME2_ADV_X0Y2      MMCME2_ADV (Prop_mmcme2_adv_CLKIN1_CLKFBOUT)
                                                     -3.355     7.590 f  clk_u0/inst/mmcm_adv_inst/CLKFBOUT
                         net (fo=1, routed)           0.595     8.185    clk_u0/inst/clkfbout_clk_wiz_0
    BUFGCTRL_X0Y4        BUFG (Prop_bufg_I_O)         0.029     8.214 f  clk_u0/inst/clkf_buf/O
                         net (fo=1, routed)           0.879     9.092    clk_u0/inst/clkfbout_buf_clk_wiz_0
    MMCME2_ADV_X0Y2      MMCME2_ADV                                   f  clk_u0/inst/mmcm_adv_inst/CLKFBIN
  -------------------------------------------------------------------    -------------------





Min Delay Paths
--------------------------------------------------------------------------------------
Slack:                    inf
  Source:                 clk_u0/inst/mmcm_adv_inst/CLKFBOUT
                            (clock source 'clkfbout_clk_wiz_0'  {rise@0.000ns fall@10.000ns period=20.000ns})
  Destination:            clk_u0/inst/mmcm_adv_inst/CLKFBIN
  Path Group:             (none)
  Path Type:              Min at Slow Process Corner
  Data Path Delay:        3.495ns  (logic 0.091ns (2.604%)  route 3.403ns (97.396%))
  Logic Levels:           1  (BUFG=1)
  Clock Uncertainty:      0.225ns  ((TSJ^2 + DJ^2)^1/2) / 2 + PE
    Total System Jitter     (TSJ):    0.050ns
    Discrete Jitter          (DJ):    0.110ns
    Phase Error              (PE):    0.165ns

    Location             Delay type                Incr(ns)  Path(ns)    Netlist Resource(s)
  -------------------------------------------------------------------    -------------------
                         (clock clkfbout_clk_wiz_0 rise edge)
                                                      0.000     0.000 r  
    W19                                               0.000     0.000 r  clk_50M (IN)
                         net (fo=0)                   0.000     0.000    clk_u0/inst/clk_in1
    W19                  IBUF (Prop_ibuf_I_O)         1.438     1.438 r  clk_u0/inst/clkin1_ibufg/O
                         net (fo=1, routed)           1.162     2.600    clk_u0/inst/clk_in1_clk_wiz_0
  -------------------------------------------------------------------    -------------------
    MMCME2_ADV_X0Y2      MMCME2_ADV (Prop_mmcme2_adv_CLKIN1_CLKFBOUT)
                                                     -7.729    -5.129 r  clk_u0/inst/mmcm_adv_inst/CLKFBOUT
                         net (fo=1, routed)           1.760    -3.369    clk_u0/inst/clkfbout_clk_wiz_0
    BUFGCTRL_X0Y4        BUFG (Prop_bufg_I_O)         0.091    -3.278 r  clk_u0/inst/clkf_buf/O
                         net (fo=1, routed)           1.643    -1.635    clk_u0/inst/clkfbout_buf_clk_wiz_0
    MMCME2_ADV_X0Y2      MMCME2_ADV                                   r  clk_u0/inst/mmcm_adv_inst/CLKFBIN
  -------------------------------------------------------------------    -------------------





--------------------------------------------------------------------------------------
Path Group:  (none)
From Clock:  
  To Clock:  clk_125M_clk_wiz_0

Max Delay           324 Endpoints
Min Delay           324 Endpoints
--------------------------------------------------------------------------------------


Max Delay Paths
--------------------------------------------------------------------------------------
Slack:                    inf
  Source:                 rst_n
                            (input port)
  Destination:            u_Demodulation/u_GET_Freq_FFT/max_freq_value_reg[15]/CLR
                            (recovery check against rising-edge clock clk_125M_clk_wiz_0  {rise@0.000ns fall@4.000ns period=8.000ns})
  Path Group:             (none)
  Path Type:              Recovery (Max at Slow Process Corner)
  Data Path Delay:        14.090ns  (logic 1.629ns (11.561%)  route 12.461ns (88.439%))
  Logic Levels:           2  (IBUF=1 LUT1=1)
  Clock Path Skew:        -1.547ns (DCD - SCD + CPR)
    Destination Clock Delay (DCD):    -1.547ns
    Source Clock Delay      (SCD):    0.000ns
    Clock Pessimism Removal (CPR):    0.000ns
  Clock Uncertainty:      0.246ns  ((TSJ^2 + DJ^2)^1/2) / 2 + PE
    Total System Jitter     (TSJ):    0.050ns
    Discrete Jitter          (DJ):    0.154ns
    Phase Error              (PE):    0.165ns

    Location             Delay type                Incr(ns)  Path(ns)    Netlist Resource(s)
  -------------------------------------------------------------------    -------------------
    Y6                                                0.000     0.000 r  rst_n (IN)
                         net (fo=0)                   0.000     0.000    rst_n
    Y6                   IBUF (Prop_ibuf_I_O)         1.505     1.505 r  rst_n_IBUF_inst/O
                         net (fo=15, routed)          6.050     7.554    u_Demodulation/u_GET_Freq_FFT/aresetn
    SLICE_X40Y91         LUT1 (Prop_lut1_I0_O)        0.124     7.678 f  u_Demodulation/u_GET_Freq_FFT/ADC_PDWN_OBUF_inst_i_1/O
                         net (fo=360, routed)         6.411    14.090    u_Demodulation/u_GET_Freq_FFT/rst_n
    SLICE_X0Y141         FDCE                                         f  u_Demodulation/u_GET_Freq_FFT/max_freq_value_reg[15]/CLR
  -------------------------------------------------------------------    -------------------

                         (clock clk_125M_clk_wiz_0 rise edge)
                                                      0.000     0.000 r  
    W19                                               0.000     0.000 r  clk_50M (IN)
                         net (fo=0)                   0.000     0.000    clk_u0/inst/clk_in1
    W19                  IBUF (Prop_ibuf_I_O)         1.438     1.438 r  clk_u0/inst/clkin1_ibufg/O
                         net (fo=1, routed)           1.162     2.600    clk_u0/inst/clk_in1_clk_wiz_0
    MMCME2_ADV_X0Y2      MMCME2_ADV (Prop_mmcme2_adv_CLKIN1_CLKOUT0)
                                                     -7.729    -5.129 r  clk_u0/inst/mmcm_adv_inst/CLKOUT0
                         net (fo=1, routed)           1.760    -3.369    clk_u0/inst/clk_125M_clk_wiz_0
    BUFGCTRL_X0Y0        BUFG (Prop_bufg_I_O)         0.091    -3.278 r  clk_u0/inst/clkout1_buf/O
                         net (fo=9233, routed)        1.731    -1.547    u_Demodulation/u_GET_Freq_FFT/clk_125M
    SLICE_X0Y141         FDCE                                         r  u_Demodulation/u_GET_Freq_FFT/max_freq_value_reg[15]/C

Slack:                    inf
  Source:                 rst_n
                            (input port)
  Destination:            u_Demodulation/u_GET_Freq_FFT/freq_value_reg[15]/CLR
                            (recovery check against rising-edge clock clk_125M_clk_wiz_0  {rise@0.000ns fall@4.000ns period=8.000ns})
  Path Group:             (none)
  Path Type:              Recovery (Max at Slow Process Corner)
  Data Path Delay:        14.085ns  (logic 1.629ns (11.564%)  route 12.457ns (88.436%))
  Logic Levels:           2  (IBUF=1 LUT1=1)
  Clock Path Skew:        -1.547ns (DCD - SCD + CPR)
    Destination Clock Delay (DCD):    -1.547ns
    Source Clock Delay      (SCD):    0.000ns
    Clock Pessimism Removal (CPR):    0.000ns
  Clock Uncertainty:      0.246ns  ((TSJ^2 + DJ^2)^1/2) / 2 + PE
    Total System Jitter     (TSJ):    0.050ns
    Discrete Jitter          (DJ):    0.154ns
    Phase Error              (PE):    0.165ns

    Location             Delay type                Incr(ns)  Path(ns)    Netlist Resource(s)
  -------------------------------------------------------------------    -------------------
    Y6                                                0.000     0.000 r  rst_n (IN)
                         net (fo=0)                   0.000     0.000    rst_n
    Y6                   IBUF (Prop_ibuf_I_O)         1.505     1.505 r  rst_n_IBUF_inst/O
                         net (fo=15, routed)          6.050     7.554    u_Demodulation/u_GET_Freq_FFT/aresetn
    SLICE_X40Y91         LUT1 (Prop_lut1_I0_O)        0.124     7.678 f  u_Demodulation/u_GET_Freq_FFT/ADC_PDWN_OBUF_inst_i_1/O
                         net (fo=360, routed)         6.407    14.085    u_Demodulation/u_GET_Freq_FFT/rst_n
    SLICE_X1Y141         FDCE                                         f  u_Demodulation/u_GET_Freq_FFT/freq_value_reg[15]/CLR
  -------------------------------------------------------------------    -------------------

                         (clock clk_125M_clk_wiz_0 rise edge)
                                                      0.000     0.000 r  
    W19                                               0.000     0.000 r  clk_50M (IN)
                         net (fo=0)                   0.000     0.000    clk_u0/inst/clk_in1
    W19                  IBUF (Prop_ibuf_I_O)         1.438     1.438 r  clk_u0/inst/clkin1_ibufg/O
                         net (fo=1, routed)           1.162     2.600    clk_u0/inst/clk_in1_clk_wiz_0
    MMCME2_ADV_X0Y2      MMCME2_ADV (Prop_mmcme2_adv_CLKIN1_CLKOUT0)
                                                     -7.729    -5.129 r  clk_u0/inst/mmcm_adv_inst/CLKOUT0
                         net (fo=1, routed)           1.760    -3.369    clk_u0/inst/clk_125M_clk_wiz_0
    BUFGCTRL_X0Y0        BUFG (Prop_bufg_I_O)         0.091    -3.278 r  clk_u0/inst/clkout1_buf/O
                         net (fo=9233, routed)        1.731    -1.547    u_Demodulation/u_GET_Freq_FFT/clk_125M
    SLICE_X1Y141         FDCE                                         r  u_Demodulation/u_GET_Freq_FFT/freq_value_reg[15]/C

Slack:                    inf
  Source:                 rst_n
                            (input port)
  Destination:            u_Demodulation/u_GET_Freq_FFT/fft_amp_ram_16_reg2_reg[10]/CLR
                            (recovery check against rising-edge clock clk_125M_clk_wiz_0  {rise@0.000ns fall@4.000ns period=8.000ns})
  Path Group:             (none)
  Path Type:              Recovery (Max at Slow Process Corner)
  Data Path Delay:        13.933ns  (logic 1.629ns (11.690%)  route 12.305ns (88.310%))
  Logic Levels:           2  (IBUF=1 LUT1=1)
  Clock Path Skew:        -1.548ns (DCD - SCD + CPR)
    Destination Clock Delay (DCD):    -1.548ns
    Source Clock Delay      (SCD):    0.000ns
    Clock Pessimism Removal (CPR):    0.000ns
  Clock Uncertainty:      0.246ns  ((TSJ^2 + DJ^2)^1/2) / 2 + PE
    Total System Jitter     (TSJ):    0.050ns
    Discrete Jitter          (DJ):    0.154ns
    Phase Error              (PE):    0.165ns

    Location             Delay type                Incr(ns)  Path(ns)    Netlist Resource(s)
  -------------------------------------------------------------------    -------------------
    Y6                                                0.000     0.000 r  rst_n (IN)
                         net (fo=0)                   0.000     0.000    rst_n
    Y6                   IBUF (Prop_ibuf_I_O)         1.505     1.505 r  rst_n_IBUF_inst/O
                         net (fo=15, routed)          6.050     7.554    u_Demodulation/u_GET_Freq_FFT/aresetn
    SLICE_X40Y91         LUT1 (Prop_lut1_I0_O)        0.124     7.678 f  u_Demodulation/u_GET_Freq_FFT/ADC_PDWN_OBUF_inst_i_1/O
                         net (fo=360, routed)         6.255    13.933    u_Demodulation/u_GET_Freq_FFT/rst_n
    SLICE_X4Y142         FDCE                                         f  u_Demodulation/u_GET_Freq_FFT/fft_amp_ram_16_reg2_reg[10]/CLR
  -------------------------------------------------------------------    -------------------

                         (clock clk_125M_clk_wiz_0 rise edge)
                                                      0.000     0.000 r  
    W19                                               0.000     0.000 r  clk_50M (IN)
                         net (fo=0)                   0.000     0.000    clk_u0/inst/clk_in1
    W19                  IBUF (Prop_ibuf_I_O)         1.438     1.438 r  clk_u0/inst/clkin1_ibufg/O
                         net (fo=1, routed)           1.162     2.600    clk_u0/inst/clk_in1_clk_wiz_0
    MMCME2_ADV_X0Y2      MMCME2_ADV (Prop_mmcme2_adv_CLKIN1_CLKOUT0)
                                                     -7.729    -5.129 r  clk_u0/inst/mmcm_adv_inst/CLKOUT0
                         net (fo=1, routed)           1.760    -3.369    clk_u0/inst/clk_125M_clk_wiz_0
    BUFGCTRL_X0Y0        BUFG (Prop_bufg_I_O)         0.091    -3.278 r  clk_u0/inst/clkout1_buf/O
                         net (fo=9233, routed)        1.730    -1.548    u_Demodulation/u_GET_Freq_FFT/clk_125M
    SLICE_X4Y142         FDCE                                         r  u_Demodulation/u_GET_Freq_FFT/fft_amp_ram_16_reg2_reg[10]/C

Slack:                    inf
  Source:                 rst_n
                            (input port)
  Destination:            u_Demodulation/u_GET_Freq_FFT/fft_amp_ram_16_reg2_reg[11]/CLR
                            (recovery check against rising-edge clock clk_125M_clk_wiz_0  {rise@0.000ns fall@4.000ns period=8.000ns})
  Path Group:             (none)
  Path Type:              Recovery (Max at Slow Process Corner)
  Data Path Delay:        13.933ns  (logic 1.629ns (11.690%)  route 12.305ns (88.310%))
  Logic Levels:           2  (IBUF=1 LUT1=1)
  Clock Path Skew:        -1.548ns (DCD - SCD + CPR)
    Destination Clock Delay (DCD):    -1.548ns
    Source Clock Delay      (SCD):    0.000ns
    Clock Pessimism Removal (CPR):    0.000ns
  Clock Uncertainty:      0.246ns  ((TSJ^2 + DJ^2)^1/2) / 2 + PE
    Total System Jitter     (TSJ):    0.050ns
    Discrete Jitter          (DJ):    0.154ns
    Phase Error              (PE):    0.165ns

    Location             Delay type                Incr(ns)  Path(ns)    Netlist Resource(s)
  -------------------------------------------------------------------    -------------------
    Y6                                                0.000     0.000 r  rst_n (IN)
                         net (fo=0)                   0.000     0.000    rst_n
    Y6                   IBUF (Prop_ibuf_I_O)         1.505     1.505 r  rst_n_IBUF_inst/O
                         net (fo=15, routed)          6.050     7.554    u_Demodulation/u_GET_Freq_FFT/aresetn
    SLICE_X40Y91         LUT1 (Prop_lut1_I0_O)        0.124     7.678 f  u_Demodulation/u_GET_Freq_FFT/ADC_PDWN_OBUF_inst_i_1/O
                         net (fo=360, routed)         6.255    13.933    u_Demodulation/u_GET_Freq_FFT/rst_n
    SLICE_X4Y142         FDCE                                         f  u_Demodulation/u_GET_Freq_FFT/fft_amp_ram_16_reg2_reg[11]/CLR
  -------------------------------------------------------------------    -------------------

                         (clock clk_125M_clk_wiz_0 rise edge)
                                                      0.000     0.000 r  
    W19                                               0.000     0.000 r  clk_50M (IN)
                         net (fo=0)                   0.000     0.000    clk_u0/inst/clk_in1
    W19                  IBUF (Prop_ibuf_I_O)         1.438     1.438 r  clk_u0/inst/clkin1_ibufg/O
                         net (fo=1, routed)           1.162     2.600    clk_u0/inst/clk_in1_clk_wiz_0
    MMCME2_ADV_X0Y2      MMCME2_ADV (Prop_mmcme2_adv_CLKIN1_CLKOUT0)
                                                     -7.729    -5.129 r  clk_u0/inst/mmcm_adv_inst/CLKOUT0
                         net (fo=1, routed)           1.760    -3.369    clk_u0/inst/clk_125M_clk_wiz_0
    BUFGCTRL_X0Y0        BUFG (Prop_bufg_I_O)         0.091    -3.278 r  clk_u0/inst/clkout1_buf/O
                         net (fo=9233, routed)        1.730    -1.548    u_Demodulation/u_GET_Freq_FFT/clk_125M
    SLICE_X4Y142         FDCE                                         r  u_Demodulation/u_GET_Freq_FFT/fft_amp_ram_16_reg2_reg[11]/C

Slack:                    inf
  Source:                 rst_n
                            (input port)
  Destination:            u_Demodulation/u_GET_Freq_FFT/fft_amp_ram_16_reg2_reg[12]/CLR
                            (recovery check against rising-edge clock clk_125M_clk_wiz_0  {rise@0.000ns fall@4.000ns period=8.000ns})
  Path Group:             (none)
  Path Type:              Recovery (Max at Slow Process Corner)
  Data Path Delay:        13.933ns  (logic 1.629ns (11.690%)  route 12.305ns (88.310%))
  Logic Levels:           2  (IBUF=1 LUT1=1)
  Clock Path Skew:        -1.548ns (DCD - SCD + CPR)
    Destination Clock Delay (DCD):    -1.548ns
    Source Clock Delay      (SCD):    0.000ns
    Clock Pessimism Removal (CPR):    0.000ns
  Clock Uncertainty:      0.246ns  ((TSJ^2 + DJ^2)^1/2) / 2 + PE
    Total System Jitter     (TSJ):    0.050ns
    Discrete Jitter          (DJ):    0.154ns
    Phase Error              (PE):    0.165ns

    Location             Delay type                Incr(ns)  Path(ns)    Netlist Resource(s)
  -------------------------------------------------------------------    -------------------
    Y6                                                0.000     0.000 r  rst_n (IN)
                         net (fo=0)                   0.000     0.000    rst_n
    Y6                   IBUF (Prop_ibuf_I_O)         1.505     1.505 r  rst_n_IBUF_inst/O
                         net (fo=15, routed)          6.050     7.554    u_Demodulation/u_GET_Freq_FFT/aresetn
    SLICE_X40Y91         LUT1 (Prop_lut1_I0_O)        0.124     7.678 f  u_Demodulation/u_GET_Freq_FFT/ADC_PDWN_OBUF_inst_i_1/O
                         net (fo=360, routed)         6.255    13.933    u_Demodulation/u_GET_Freq_FFT/rst_n
    SLICE_X4Y142         FDCE                                         f  u_Demodulation/u_GET_Freq_FFT/fft_amp_ram_16_reg2_reg[12]/CLR
  -------------------------------------------------------------------    -------------------

                         (clock clk_125M_clk_wiz_0 rise edge)
                                                      0.000     0.000 r  
    W19                                               0.000     0.000 r  clk_50M (IN)
                         net (fo=0)                   0.000     0.000    clk_u0/inst/clk_in1
    W19                  IBUF (Prop_ibuf_I_O)         1.438     1.438 r  clk_u0/inst/clkin1_ibufg/O
                         net (fo=1, routed)           1.162     2.600    clk_u0/inst/clk_in1_clk_wiz_0
    MMCME2_ADV_X0Y2      MMCME2_ADV (Prop_mmcme2_adv_CLKIN1_CLKOUT0)
                                                     -7.729    -5.129 r  clk_u0/inst/mmcm_adv_inst/CLKOUT0
                         net (fo=1, routed)           1.760    -3.369    clk_u0/inst/clk_125M_clk_wiz_0
    BUFGCTRL_X0Y0        BUFG (Prop_bufg_I_O)         0.091    -3.278 r  clk_u0/inst/clkout1_buf/O
                         net (fo=9233, routed)        1.730    -1.548    u_Demodulation/u_GET_Freq_FFT/clk_125M
    SLICE_X4Y142         FDCE                                         r  u_Demodulation/u_GET_Freq_FFT/fft_amp_ram_16_reg2_reg[12]/C

Slack:                    inf
  Source:                 rst_n
                            (input port)
  Destination:            u_Demodulation/u_GET_Freq_FFT/fft_amp_ram_16_reg2_reg[13]/CLR
                            (recovery check against rising-edge clock clk_125M_clk_wiz_0  {rise@0.000ns fall@4.000ns period=8.000ns})
  Path Group:             (none)
  Path Type:              Recovery (Max at Slow Process Corner)
  Data Path Delay:        13.933ns  (logic 1.629ns (11.690%)  route 12.305ns (88.310%))
  Logic Levels:           2  (IBUF=1 LUT1=1)
  Clock Path Skew:        -1.548ns (DCD - SCD + CPR)
    Destination Clock Delay (DCD):    -1.548ns
    Source Clock Delay      (SCD):    0.000ns
    Clock Pessimism Removal (CPR):    0.000ns
  Clock Uncertainty:      0.246ns  ((TSJ^2 + DJ^2)^1/2) / 2 + PE
    Total System Jitter     (TSJ):    0.050ns
    Discrete Jitter          (DJ):    0.154ns
    Phase Error              (PE):    0.165ns

    Location             Delay type                Incr(ns)  Path(ns)    Netlist Resource(s)
  -------------------------------------------------------------------    -------------------
    Y6                                                0.000     0.000 r  rst_n (IN)
                         net (fo=0)                   0.000     0.000    rst_n
    Y6                   IBUF (Prop_ibuf_I_O)         1.505     1.505 r  rst_n_IBUF_inst/O
                         net (fo=15, routed)          6.050     7.554    u_Demodulation/u_GET_Freq_FFT/aresetn
    SLICE_X40Y91         LUT1 (Prop_lut1_I0_O)        0.124     7.678 f  u_Demodulation/u_GET_Freq_FFT/ADC_PDWN_OBUF_inst_i_1/O
                         net (fo=360, routed)         6.255    13.933    u_Demodulation/u_GET_Freq_FFT/rst_n
    SLICE_X4Y142         FDCE                                         f  u_Demodulation/u_GET_Freq_FFT/fft_amp_ram_16_reg2_reg[13]/CLR
  -------------------------------------------------------------------    -------------------

                         (clock clk_125M_clk_wiz_0 rise edge)
                                                      0.000     0.000 r  
    W19                                               0.000     0.000 r  clk_50M (IN)
                         net (fo=0)                   0.000     0.000    clk_u0/inst/clk_in1
    W19                  IBUF (Prop_ibuf_I_O)         1.438     1.438 r  clk_u0/inst/clkin1_ibufg/O
                         net (fo=1, routed)           1.162     2.600    clk_u0/inst/clk_in1_clk_wiz_0
    MMCME2_ADV_X0Y2      MMCME2_ADV (Prop_mmcme2_adv_CLKIN1_CLKOUT0)
                                                     -7.729    -5.129 r  clk_u0/inst/mmcm_adv_inst/CLKOUT0
                         net (fo=1, routed)           1.760    -3.369    clk_u0/inst/clk_125M_clk_wiz_0
    BUFGCTRL_X0Y0        BUFG (Prop_bufg_I_O)         0.091    -3.278 r  clk_u0/inst/clkout1_buf/O
                         net (fo=9233, routed)        1.730    -1.548    u_Demodulation/u_GET_Freq_FFT/clk_125M
    SLICE_X4Y142         FDCE                                         r  u_Demodulation/u_GET_Freq_FFT/fft_amp_ram_16_reg2_reg[13]/C

Slack:                    inf
  Source:                 rst_n
                            (input port)
  Destination:            u_Demodulation/u_GET_Freq_FFT/fft_amp_ram_16_reg2_reg[14]/CLR
                            (recovery check against rising-edge clock clk_125M_clk_wiz_0  {rise@0.000ns fall@4.000ns period=8.000ns})
  Path Group:             (none)
  Path Type:              Recovery (Max at Slow Process Corner)
  Data Path Delay:        13.929ns  (logic 1.629ns (11.694%)  route 12.300ns (88.306%))
  Logic Levels:           2  (IBUF=1 LUT1=1)
  Clock Path Skew:        -1.548ns (DCD - SCD + CPR)
    Destination Clock Delay (DCD):    -1.548ns
    Source Clock Delay      (SCD):    0.000ns
    Clock Pessimism Removal (CPR):    0.000ns
  Clock Uncertainty:      0.246ns  ((TSJ^2 + DJ^2)^1/2) / 2 + PE
    Total System Jitter     (TSJ):    0.050ns
    Discrete Jitter          (DJ):    0.154ns
    Phase Error              (PE):    0.165ns

    Location             Delay type                Incr(ns)  Path(ns)    Netlist Resource(s)
  -------------------------------------------------------------------    -------------------
    Y6                                                0.000     0.000 r  rst_n (IN)
                         net (fo=0)                   0.000     0.000    rst_n
    Y6                   IBUF (Prop_ibuf_I_O)         1.505     1.505 r  rst_n_IBUF_inst/O
                         net (fo=15, routed)          6.050     7.554    u_Demodulation/u_GET_Freq_FFT/aresetn
    SLICE_X40Y91         LUT1 (Prop_lut1_I0_O)        0.124     7.678 f  u_Demodulation/u_GET_Freq_FFT/ADC_PDWN_OBUF_inst_i_1/O
                         net (fo=360, routed)         6.251    13.929    u_Demodulation/u_GET_Freq_FFT/rst_n
    SLICE_X5Y142         FDCE                                         f  u_Demodulation/u_GET_Freq_FFT/fft_amp_ram_16_reg2_reg[14]/CLR
  -------------------------------------------------------------------    -------------------

                         (clock clk_125M_clk_wiz_0 rise edge)
                                                      0.000     0.000 r  
    W19                                               0.000     0.000 r  clk_50M (IN)
                         net (fo=0)                   0.000     0.000    clk_u0/inst/clk_in1
    W19                  IBUF (Prop_ibuf_I_O)         1.438     1.438 r  clk_u0/inst/clkin1_ibufg/O
                         net (fo=1, routed)           1.162     2.600    clk_u0/inst/clk_in1_clk_wiz_0
    MMCME2_ADV_X0Y2      MMCME2_ADV (Prop_mmcme2_adv_CLKIN1_CLKOUT0)
                                                     -7.729    -5.129 r  clk_u0/inst/mmcm_adv_inst/CLKOUT0
                         net (fo=1, routed)           1.760    -3.369    clk_u0/inst/clk_125M_clk_wiz_0
    BUFGCTRL_X0Y0        BUFG (Prop_bufg_I_O)         0.091    -3.278 r  clk_u0/inst/clkout1_buf/O
                         net (fo=9233, routed)        1.730    -1.548    u_Demodulation/u_GET_Freq_FFT/clk_125M
    SLICE_X5Y142         FDCE                                         r  u_Demodulation/u_GET_Freq_FFT/fft_amp_ram_16_reg2_reg[14]/C

Slack:                    inf
  Source:                 rst_n
                            (input port)
  Destination:            u_Demodulation/u_GET_Freq_FFT/fft_amp_ram_16_reg2_reg[15]/CLR
                            (recovery check against rising-edge clock clk_125M_clk_wiz_0  {rise@0.000ns fall@4.000ns period=8.000ns})
  Path Group:             (none)
  Path Type:              Recovery (Max at Slow Process Corner)
  Data Path Delay:        13.929ns  (logic 1.629ns (11.694%)  route 12.300ns (88.306%))
  Logic Levels:           2  (IBUF=1 LUT1=1)
  Clock Path Skew:        -1.548ns (DCD - SCD + CPR)
    Destination Clock Delay (DCD):    -1.548ns
    Source Clock Delay      (SCD):    0.000ns
    Clock Pessimism Removal (CPR):    0.000ns
  Clock Uncertainty:      0.246ns  ((TSJ^2 + DJ^2)^1/2) / 2 + PE
    Total System Jitter     (TSJ):    0.050ns
    Discrete Jitter          (DJ):    0.154ns
    Phase Error              (PE):    0.165ns

    Location             Delay type                Incr(ns)  Path(ns)    Netlist Resource(s)
  -------------------------------------------------------------------    -------------------
    Y6                                                0.000     0.000 r  rst_n (IN)
                         net (fo=0)                   0.000     0.000    rst_n
    Y6                   IBUF (Prop_ibuf_I_O)         1.505     1.505 r  rst_n_IBUF_inst/O
                         net (fo=15, routed)          6.050     7.554    u_Demodulation/u_GET_Freq_FFT/aresetn
    SLICE_X40Y91         LUT1 (Prop_lut1_I0_O)        0.124     7.678 f  u_Demodulation/u_GET_Freq_FFT/ADC_PDWN_OBUF_inst_i_1/O
                         net (fo=360, routed)         6.251    13.929    u_Demodulation/u_GET_Freq_FFT/rst_n
    SLICE_X5Y142         FDCE                                         f  u_Demodulation/u_GET_Freq_FFT/fft_amp_ram_16_reg2_reg[15]/CLR
  -------------------------------------------------------------------    -------------------

                         (clock clk_125M_clk_wiz_0 rise edge)
                                                      0.000     0.000 r  
    W19                                               0.000     0.000 r  clk_50M (IN)
                         net (fo=0)                   0.000     0.000    clk_u0/inst/clk_in1
    W19                  IBUF (Prop_ibuf_I_O)         1.438     1.438 r  clk_u0/inst/clkin1_ibufg/O
                         net (fo=1, routed)           1.162     2.600    clk_u0/inst/clk_in1_clk_wiz_0
    MMCME2_ADV_X0Y2      MMCME2_ADV (Prop_mmcme2_adv_CLKIN1_CLKOUT0)
                                                     -7.729    -5.129 r  clk_u0/inst/mmcm_adv_inst/CLKOUT0
                         net (fo=1, routed)           1.760    -3.369    clk_u0/inst/clk_125M_clk_wiz_0
    BUFGCTRL_X0Y0        BUFG (Prop_bufg_I_O)         0.091    -3.278 r  clk_u0/inst/clkout1_buf/O
                         net (fo=9233, routed)        1.730    -1.548    u_Demodulation/u_GET_Freq_FFT/clk_125M
    SLICE_X5Y142         FDCE                                         r  u_Demodulation/u_GET_Freq_FFT/fft_amp_ram_16_reg2_reg[15]/C

Slack:                    inf
  Source:                 rst_n
                            (input port)
  Destination:            u_Demodulation/u_GET_Freq_FFT/fft_amp_ram_16_reg2_reg[8]/CLR
                            (recovery check against rising-edge clock clk_125M_clk_wiz_0  {rise@0.000ns fall@4.000ns period=8.000ns})
  Path Group:             (none)
  Path Type:              Recovery (Max at Slow Process Corner)
  Data Path Delay:        13.929ns  (logic 1.629ns (11.694%)  route 12.300ns (88.306%))
  Logic Levels:           2  (IBUF=1 LUT1=1)
  Clock Path Skew:        -1.548ns (DCD - SCD + CPR)
    Destination Clock Delay (DCD):    -1.548ns
    Source Clock Delay      (SCD):    0.000ns
    Clock Pessimism Removal (CPR):    0.000ns
  Clock Uncertainty:      0.246ns  ((TSJ^2 + DJ^2)^1/2) / 2 + PE
    Total System Jitter     (TSJ):    0.050ns
    Discrete Jitter          (DJ):    0.154ns
    Phase Error              (PE):    0.165ns

    Location             Delay type                Incr(ns)  Path(ns)    Netlist Resource(s)
  -------------------------------------------------------------------    -------------------
    Y6                                                0.000     0.000 r  rst_n (IN)
                         net (fo=0)                   0.000     0.000    rst_n
    Y6                   IBUF (Prop_ibuf_I_O)         1.505     1.505 r  rst_n_IBUF_inst/O
                         net (fo=15, routed)          6.050     7.554    u_Demodulation/u_GET_Freq_FFT/aresetn
    SLICE_X40Y91         LUT1 (Prop_lut1_I0_O)        0.124     7.678 f  u_Demodulation/u_GET_Freq_FFT/ADC_PDWN_OBUF_inst_i_1/O
                         net (fo=360, routed)         6.251    13.929    u_Demodulation/u_GET_Freq_FFT/rst_n
    SLICE_X5Y142         FDCE                                         f  u_Demodulation/u_GET_Freq_FFT/fft_amp_ram_16_reg2_reg[8]/CLR
  -------------------------------------------------------------------    -------------------

                         (clock clk_125M_clk_wiz_0 rise edge)
                                                      0.000     0.000 r  
    W19                                               0.000     0.000 r  clk_50M (IN)
                         net (fo=0)                   0.000     0.000    clk_u0/inst/clk_in1
    W19                  IBUF (Prop_ibuf_I_O)         1.438     1.438 r  clk_u0/inst/clkin1_ibufg/O
                         net (fo=1, routed)           1.162     2.600    clk_u0/inst/clk_in1_clk_wiz_0
    MMCME2_ADV_X0Y2      MMCME2_ADV (Prop_mmcme2_adv_CLKIN1_CLKOUT0)
                                                     -7.729    -5.129 r  clk_u0/inst/mmcm_adv_inst/CLKOUT0
                         net (fo=1, routed)           1.760    -3.369    clk_u0/inst/clk_125M_clk_wiz_0
    BUFGCTRL_X0Y0        BUFG (Prop_bufg_I_O)         0.091    -3.278 r  clk_u0/inst/clkout1_buf/O
                         net (fo=9233, routed)        1.730    -1.548    u_Demodulation/u_GET_Freq_FFT/clk_125M
    SLICE_X5Y142         FDCE                                         r  u_Demodulation/u_GET_Freq_FFT/fft_amp_ram_16_reg2_reg[8]/C

Slack:                    inf
  Source:                 rst_n
                            (input port)
  Destination:            u_Demodulation/u_GET_Freq_FFT/fft_amp_ram_16_reg2_reg[9]/CLR
                            (recovery check against rising-edge clock clk_125M_clk_wiz_0  {rise@0.000ns fall@4.000ns period=8.000ns})
  Path Group:             (none)
  Path Type:              Recovery (Max at Slow Process Corner)
  Data Path Delay:        13.929ns  (logic 1.629ns (11.694%)  route 12.300ns (88.306%))
  Logic Levels:           2  (IBUF=1 LUT1=1)
  Clock Path Skew:        -1.548ns (DCD - SCD + CPR)
    Destination Clock Delay (DCD):    -1.548ns
    Source Clock Delay      (SCD):    0.000ns
    Clock Pessimism Removal (CPR):    0.000ns
  Clock Uncertainty:      0.246ns  ((TSJ^2 + DJ^2)^1/2) / 2 + PE
    Total System Jitter     (TSJ):    0.050ns
    Discrete Jitter          (DJ):    0.154ns
    Phase Error              (PE):    0.165ns

    Location             Delay type                Incr(ns)  Path(ns)    Netlist Resource(s)
  -------------------------------------------------------------------    -------------------
    Y6                                                0.000     0.000 r  rst_n (IN)
                         net (fo=0)                   0.000     0.000    rst_n
    Y6                   IBUF (Prop_ibuf_I_O)         1.505     1.505 r  rst_n_IBUF_inst/O
                         net (fo=15, routed)          6.050     7.554    u_Demodulation/u_GET_Freq_FFT/aresetn
    SLICE_X40Y91         LUT1 (Prop_lut1_I0_O)        0.124     7.678 f  u_Demodulation/u_GET_Freq_FFT/ADC_PDWN_OBUF_inst_i_1/O
                         net (fo=360, routed)         6.251    13.929    u_Demodulation/u_GET_Freq_FFT/rst_n
    SLICE_X5Y142         FDCE                                         f  u_Demodulation/u_GET_Freq_FFT/fft_amp_ram_16_reg2_reg[9]/CLR
  -------------------------------------------------------------------    -------------------

                         (clock clk_125M_clk_wiz_0 rise edge)
                                                      0.000     0.000 r  
    W19                                               0.000     0.000 r  clk_50M (IN)
                         net (fo=0)                   0.000     0.000    clk_u0/inst/clk_in1
    W19                  IBUF (Prop_ibuf_I_O)         1.438     1.438 r  clk_u0/inst/clkin1_ibufg/O
                         net (fo=1, routed)           1.162     2.600    clk_u0/inst/clk_in1_clk_wiz_0
    MMCME2_ADV_X0Y2      MMCME2_ADV (Prop_mmcme2_adv_CLKIN1_CLKOUT0)
                                                     -7.729    -5.129 r  clk_u0/inst/mmcm_adv_inst/CLKOUT0
                         net (fo=1, routed)           1.760    -3.369    clk_u0/inst/clk_125M_clk_wiz_0
    BUFGCTRL_X0Y0        BUFG (Prop_bufg_I_O)         0.091    -3.278 r  clk_u0/inst/clkout1_buf/O
                         net (fo=9233, routed)        1.730    -1.548    u_Demodulation/u_GET_Freq_FFT/clk_125M
    SLICE_X5Y142         FDCE                                         r  u_Demodulation/u_GET_Freq_FFT/fft_amp_ram_16_reg2_reg[9]/C





Min Delay Paths
--------------------------------------------------------------------------------------
Slack:                    inf
  Source:                 u_Demodulation/u_FFT_2/u_FFT_NonRealTIME/u_FFT/U0/i_synth/axi_wrapper/data_out_channel/gen_non_real_time.fifo/fifo0/fifo_2_reg[0]/C
                            (rising edge-triggered cell FDRE)
  Destination:            u_Demodulation/u_FFT_2/rd_en_reg/D
                            (rising edge-triggered cell FDCE clocked by clk_125M_clk_wiz_0  {rise@0.000ns fall@4.000ns period=8.000ns})
  Path Group:             (none)
  Path Type:              Hold (Min at Fast Process Corner)
  Data Path Delay:        0.573ns  (logic 0.209ns (36.497%)  route 0.364ns (63.503%))
  Logic Levels:           2  (FDRE=1 LUT3=1)
  Clock Uncertainty:      0.246ns  ((TSJ^2 + DJ^2)^1/2) / 2 + PE
    Total System Jitter     (TSJ):    0.050ns
    Discrete Jitter          (DJ):    0.154ns
    Phase Error              (PE):    0.165ns

    Location             Delay type                Incr(ns)  Path(ns)    Netlist Resource(s)
  -------------------------------------------------------------------    -------------------
    SLICE_X14Y125        FDRE                         0.000     0.000 r  u_Demodulation/u_FFT_2/u_FFT_NonRealTIME/u_FFT/U0/i_synth/axi_wrapper/data_out_channel/gen_non_real_time.fifo/fifo0/fifo_2_reg[0]/C
    SLICE_X14Y125        FDRE (Prop_fdre_C_Q)         0.164     0.164 r  u_Demodulation/u_FFT_2/u_FFT_NonRealTIME/u_FFT/U0/i_synth/axi_wrapper/data_out_channel/gen_non_real_time.fifo/fifo0/fifo_2_reg[0]/Q
                         net (fo=1, routed)           0.364     0.528    u_Demodulation/u_FFT_2/u_FFT_NonRealTIME/FFT_data_tlast
    SLICE_X9Y139         LUT3 (Prop_lut3_I0_O)        0.045     0.573 r  u_Demodulation/u_FFT_2/u_FFT_NonRealTIME/rd_en_i_1__0/O
                         net (fo=1, routed)           0.000     0.573    u_Demodulation/u_FFT_2/u_FFT_NonRealTIME_n_70
    SLICE_X9Y139         FDCE                                         r  u_Demodulation/u_FFT_2/rd_en_reg/D
  -------------------------------------------------------------------    -------------------

                         (clock clk_125M_clk_wiz_0 rise edge)
                                                      0.000     0.000 r  
    W19                                               0.000     0.000 r  clk_50M (IN)
                         net (fo=0)                   0.000     0.000    clk_u0/inst/clk_in1
    W19                  IBUF (Prop_ibuf_I_O)         0.465     0.465 r  clk_u0/inst/clkin1_ibufg/O
                         net (fo=1, routed)           0.480     0.945    clk_u0/inst/clk_in1_clk_wiz_0
    MMCME2_ADV_X0Y2      MMCME2_ADV (Prop_mmcme2_adv_CLKIN1_CLKOUT0)
                                                     -3.355    -2.410 r  clk_u0/inst/mmcm_adv_inst/CLKOUT0
                         net (fo=1, routed)           0.595    -1.815    clk_u0/inst/clk_125M_clk_wiz_0
    BUFGCTRL_X0Y0        BUFG (Prop_bufg_I_O)         0.029    -1.786 r  clk_u0/inst/clkout1_buf/O
                         net (fo=9233, routed)        0.897    -0.890    u_Demodulation/u_FFT_2/clk_125M
    SLICE_X9Y139         FDCE                                         r  u_Demodulation/u_FFT_2/rd_en_reg/C

Slack:                    inf
  Source:                 u_Demodulation/u_FFT_1/u_FFT_NonRealTIME/u_FFT/U0/i_synth/axi_wrapper/data_out_channel/gen_non_real_time.fifo/fifo0/fifo_2_reg[0]/C
                            (rising edge-triggered cell FDRE)
  Destination:            u_Demodulation/u_FFT_1/rd_en_reg/D
                            (rising edge-triggered cell FDCE clocked by clk_125M_clk_wiz_0  {rise@0.000ns fall@4.000ns period=8.000ns})
  Path Group:             (none)
  Path Type:              Hold (Min at Fast Process Corner)
  Data Path Delay:        0.794ns  (logic 0.209ns (26.318%)  route 0.585ns (73.682%))
  Logic Levels:           2  (FDRE=1 LUT3=1)
  Clock Uncertainty:      0.246ns  ((TSJ^2 + DJ^2)^1/2) / 2 + PE
    Total System Jitter     (TSJ):    0.050ns
    Discrete Jitter          (DJ):    0.154ns
    Phase Error              (PE):    0.165ns

    Location             Delay type                Incr(ns)  Path(ns)    Netlist Resource(s)
  -------------------------------------------------------------------    -------------------
    SLICE_X44Y109        FDRE                         0.000     0.000 r  u_Demodulation/u_FFT_1/u_FFT_NonRealTIME/u_FFT/U0/i_synth/axi_wrapper/data_out_channel/gen_non_real_time.fifo/fifo0/fifo_2_reg[0]/C
    SLICE_X44Y109        FDRE (Prop_fdre_C_Q)         0.164     0.164 r  u_Demodulation/u_FFT_1/u_FFT_NonRealTIME/u_FFT/U0/i_synth/axi_wrapper/data_out_channel/gen_non_real_time.fifo/fifo0/fifo_2_reg[0]/Q
                         net (fo=1, routed)           0.585     0.749    u_Demodulation/u_FFT_1/u_FFT_NonRealTIME/FFT_data_tlast
    SLICE_X40Y117        LUT3 (Prop_lut3_I0_O)        0.045     0.794 r  u_Demodulation/u_FFT_1/u_FFT_NonRealTIME/rd_en_i_1/O
                         net (fo=1, routed)           0.000     0.794    u_Demodulation/u_FFT_1/u_FFT_NonRealTIME_n_70
    SLICE_X40Y117        FDCE                                         r  u_Demodulation/u_FFT_1/rd_en_reg/D
  -------------------------------------------------------------------    -------------------

                         (clock clk_125M_clk_wiz_0 rise edge)
                                                      0.000     0.000 r  
    W19                                               0.000     0.000 r  clk_50M (IN)
                         net (fo=0)                   0.000     0.000    clk_u0/inst/clk_in1
    W19                  IBUF (Prop_ibuf_I_O)         0.465     0.465 r  clk_u0/inst/clkin1_ibufg/O
                         net (fo=1, routed)           0.480     0.945    clk_u0/inst/clk_in1_clk_wiz_0
    MMCME2_ADV_X0Y2      MMCME2_ADV (Prop_mmcme2_adv_CLKIN1_CLKOUT0)
                                                     -3.355    -2.410 r  clk_u0/inst/mmcm_adv_inst/CLKOUT0
                         net (fo=1, routed)           0.595    -1.815    clk_u0/inst/clk_125M_clk_wiz_0
    BUFGCTRL_X0Y0        BUFG (Prop_bufg_I_O)         0.029    -1.786 r  clk_u0/inst/clkout1_buf/O
                         net (fo=9233, routed)        0.880    -0.907    u_Demodulation/u_FFT_1/clk_125M
    SLICE_X40Y117        FDCE                                         r  u_Demodulation/u_FFT_1/rd_en_reg/C

Slack:                    inf
  Source:                 rst_n
                            (input port)
  Destination:            u_Demodulation/u_FM_DEMOD/data_out_reg0/CEP
                            (rising edge-triggered cell DSP48E1 clocked by clk_125M_clk_wiz_0  {rise@0.000ns fall@4.000ns period=8.000ns})
  Path Group:             (none)
  Path Type:              Hold (Min at Fast Process Corner)
  Data Path Delay:        3.322ns  (logic 0.272ns (8.201%)  route 3.050ns (91.799%))
  Logic Levels:           1  (IBUF=1)
  Clock Path Skew:        -0.770ns (DCD - SCD - CPR)
    Destination Clock Delay (DCD):    -0.770ns
    Source Clock Delay      (SCD):    0.000ns
    Clock Pessimism Removal (CPR):    -0.000ns

    Location             Delay type                Incr(ns)  Path(ns)    Netlist Resource(s)
  -------------------------------------------------------------------    -------------------
    Y6                                                0.000     0.000 r  rst_n (IN)
                         net (fo=0)                   0.000     0.000    rst_n
    Y6                   IBUF (Prop_ibuf_I_O)         0.272     0.272 r  rst_n_IBUF_inst/O
                         net (fo=15, routed)          3.050     3.322    u_Demodulation/u_FM_DEMOD/aresetn
    DSP48_X2Y37          DSP48E1                                      r  u_Demodulation/u_FM_DEMOD/data_out_reg0/CEP
  -------------------------------------------------------------------    -------------------

                         (clock clk_125M_clk_wiz_0 rise edge)
                                                      0.000     0.000 r  
    W19                                               0.000     0.000 r  clk_50M (IN)
                         net (fo=0)                   0.000     0.000    clk_u0/inst/clk_in1
    W19                  IBUF (Prop_ibuf_I_O)         0.465     0.465 r  clk_u0/inst/clkin1_ibufg/O
                         net (fo=1, routed)           0.480     0.945    clk_u0/inst/clk_in1_clk_wiz_0
    MMCME2_ADV_X0Y2      MMCME2_ADV (Prop_mmcme2_adv_CLKIN1_CLKOUT0)
                                                     -3.355    -2.410 r  clk_u0/inst/mmcm_adv_inst/CLKOUT0
                         net (fo=1, routed)           0.595    -1.815    clk_u0/inst/clk_125M_clk_wiz_0
    BUFGCTRL_X0Y0        BUFG (Prop_bufg_I_O)         0.029    -1.786 r  clk_u0/inst/clkout1_buf/O
                         net (fo=9233, routed)        1.016    -0.770    u_Demodulation/u_FM_DEMOD/clk_125M
    DSP48_X2Y37          DSP48E1                                      r  u_Demodulation/u_FM_DEMOD/data_out_reg0/CLK

Slack:                    inf
  Source:                 rst_n
                            (input port)
  Destination:            u_Demodulation/u_HS_AD9481_IN/rdreq_sig_reg/D
                            (rising edge-triggered cell FDRE clocked by clk_125M_clk_wiz_0  {rise@0.000ns fall@4.000ns period=8.000ns})
  Path Group:             (none)
  Path Type:              Hold (Min at Fast Process Corner)
  Data Path Delay:        3.477ns  (logic 0.317ns (9.130%)  route 3.160ns (90.870%))
  Logic Levels:           2  (IBUF=1 LUT2=1)
  Clock Path Skew:        -0.828ns (DCD - SCD - CPR)
    Destination Clock Delay (DCD):    -0.828ns
    Source Clock Delay      (SCD):    0.000ns
    Clock Pessimism Removal (CPR):    -0.000ns

    Location             Delay type                Incr(ns)  Path(ns)    Netlist Resource(s)
  -------------------------------------------------------------------    -------------------
    Y6                                                0.000     0.000 r  rst_n (IN)
                         net (fo=0)                   0.000     0.000    rst_n
    Y6                   IBUF (Prop_ibuf_I_O)         0.272     0.272 r  rst_n_IBUF_inst/O
                         net (fo=15, routed)          3.160     3.432    u_Demodulation/u_HS_AD9481_IN/aresetn
    SLICE_X33Y88         LUT2 (Prop_lut2_I0_O)        0.045     3.477 r  u_Demodulation/u_HS_AD9481_IN/rdreq_sig_i_1/O
                         net (fo=1, routed)           0.000     3.477    u_Demodulation/u_HS_AD9481_IN/rdreq_sig_i_1_n_0
    SLICE_X33Y88         FDRE                                         r  u_Demodulation/u_HS_AD9481_IN/rdreq_sig_reg/D
  -------------------------------------------------------------------    -------------------

                         (clock clk_125M_clk_wiz_0 rise edge)
                                                      0.000     0.000 r  
    W19                                               0.000     0.000 r  clk_50M (IN)
                         net (fo=0)                   0.000     0.000    clk_u0/inst/clk_in1
    W19                  IBUF (Prop_ibuf_I_O)         0.465     0.465 r  clk_u0/inst/clkin1_ibufg/O
                         net (fo=1, routed)           0.480     0.945    clk_u0/inst/clk_in1_clk_wiz_0
    MMCME2_ADV_X0Y2      MMCME2_ADV (Prop_mmcme2_adv_CLKIN1_CLKOUT0)
                                                     -3.355    -2.410 r  clk_u0/inst/mmcm_adv_inst/CLKOUT0
                         net (fo=1, routed)           0.595    -1.815    clk_u0/inst/clk_125M_clk_wiz_0
    BUFGCTRL_X0Y0        BUFG (Prop_bufg_I_O)         0.029    -1.786 r  clk_u0/inst/clkout1_buf/O
                         net (fo=9233, routed)        0.959    -0.828    u_Demodulation/u_HS_AD9481_IN/clk_125M
    SLICE_X33Y88         FDRE                                         r  u_Demodulation/u_HS_AD9481_IN/rdreq_sig_reg/C

Slack:                    inf
  Source:                 rst_n
                            (input port)
  Destination:            u_Demodulation/u_FM_DEMOD/I_data_T_reg[0]/CLR
                            (removal check against rising-edge clock clk_125M_clk_wiz_0  {rise@0.000ns fall@4.000ns period=8.000ns})
  Path Group:             (none)
  Path Type:              Removal (Min at Fast Process Corner)
  Data Path Delay:        3.503ns  (logic 0.317ns (9.063%)  route 3.185ns (90.937%))
  Logic Levels:           2  (IBUF=1 LUT1=1)
  Clock Path Skew:        -0.861ns (DCD - SCD - CPR)
    Destination Clock Delay (DCD):    -0.861ns
    Source Clock Delay      (SCD):    0.000ns
    Clock Pessimism Removal (CPR):    -0.000ns

    Location             Delay type                Incr(ns)  Path(ns)    Netlist Resource(s)
  -------------------------------------------------------------------    -------------------
    Y6                                                0.000     0.000 r  rst_n (IN)
                         net (fo=0)                   0.000     0.000    rst_n
    Y6                   IBUF (Prop_ibuf_I_O)         0.272     0.272 r  rst_n_IBUF_inst/O
                         net (fo=15, routed)          2.847     3.119    u_Demodulation/u_GET_Freq_FFT/aresetn
    SLICE_X40Y91         LUT1 (Prop_lut1_I0_O)        0.045     3.164 f  u_Demodulation/u_GET_Freq_FFT/ADC_PDWN_OBUF_inst_i_1/O
                         net (fo=360, routed)         0.339     3.503    u_Demodulation/u_FM_DEMOD/Q_data_T_reg[0]_0
    SLICE_X45Y90         FDCE                                         f  u_Demodulation/u_FM_DEMOD/I_data_T_reg[0]/CLR
  -------------------------------------------------------------------    -------------------

                         (clock clk_125M_clk_wiz_0 rise edge)
                                                      0.000     0.000 r  
    W19                                               0.000     0.000 r  clk_50M (IN)
                         net (fo=0)                   0.000     0.000    clk_u0/inst/clk_in1
    W19                  IBUF (Prop_ibuf_I_O)         0.465     0.465 r  clk_u0/inst/clkin1_ibufg/O
                         net (fo=1, routed)           0.480     0.945    clk_u0/inst/clk_in1_clk_wiz_0
    MMCME2_ADV_X0Y2      MMCME2_ADV (Prop_mmcme2_adv_CLKIN1_CLKOUT0)
                                                     -3.355    -2.410 r  clk_u0/inst/mmcm_adv_inst/CLKOUT0
                         net (fo=1, routed)           0.595    -1.815    clk_u0/inst/clk_125M_clk_wiz_0
    BUFGCTRL_X0Y0        BUFG (Prop_bufg_I_O)         0.029    -1.786 r  clk_u0/inst/clkout1_buf/O
                         net (fo=9233, routed)        0.926    -0.861    u_Demodulation/u_FM_DEMOD/clk_125M
    SLICE_X45Y90         FDCE                                         r  u_Demodulation/u_FM_DEMOD/I_data_T_reg[0]/C

Slack:                    inf
  Source:                 rst_n
                            (input port)
  Destination:            u_Demodulation/u_FM_DEMOD/I_data_T_reg[1]/CLR
                            (removal check against rising-edge clock clk_125M_clk_wiz_0  {rise@0.000ns fall@4.000ns period=8.000ns})
  Path Group:             (none)
  Path Type:              Removal (Min at Fast Process Corner)
  Data Path Delay:        3.503ns  (logic 0.317ns (9.063%)  route 3.185ns (90.937%))
  Logic Levels:           2  (IBUF=1 LUT1=1)
  Clock Path Skew:        -0.861ns (DCD - SCD - CPR)
    Destination Clock Delay (DCD):    -0.861ns
    Source Clock Delay      (SCD):    0.000ns
    Clock Pessimism Removal (CPR):    -0.000ns

    Location             Delay type                Incr(ns)  Path(ns)    Netlist Resource(s)
  -------------------------------------------------------------------    -------------------
    Y6                                                0.000     0.000 r  rst_n (IN)
                         net (fo=0)                   0.000     0.000    rst_n
    Y6                   IBUF (Prop_ibuf_I_O)         0.272     0.272 r  rst_n_IBUF_inst/O
                         net (fo=15, routed)          2.847     3.119    u_Demodulation/u_GET_Freq_FFT/aresetn
    SLICE_X40Y91         LUT1 (Prop_lut1_I0_O)        0.045     3.164 f  u_Demodulation/u_GET_Freq_FFT/ADC_PDWN_OBUF_inst_i_1/O
                         net (fo=360, routed)         0.339     3.503    u_Demodulation/u_FM_DEMOD/Q_data_T_reg[0]_0
    SLICE_X45Y90         FDCE                                         f  u_Demodulation/u_FM_DEMOD/I_data_T_reg[1]/CLR
  -------------------------------------------------------------------    -------------------

                         (clock clk_125M_clk_wiz_0 rise edge)
                                                      0.000     0.000 r  
    W19                                               0.000     0.000 r  clk_50M (IN)
                         net (fo=0)                   0.000     0.000    clk_u0/inst/clk_in1
    W19                  IBUF (Prop_ibuf_I_O)         0.465     0.465 r  clk_u0/inst/clkin1_ibufg/O
                         net (fo=1, routed)           0.480     0.945    clk_u0/inst/clk_in1_clk_wiz_0
    MMCME2_ADV_X0Y2      MMCME2_ADV (Prop_mmcme2_adv_CLKIN1_CLKOUT0)
                                                     -3.355    -2.410 r  clk_u0/inst/mmcm_adv_inst/CLKOUT0
                         net (fo=1, routed)           0.595    -1.815    clk_u0/inst/clk_125M_clk_wiz_0
    BUFGCTRL_X0Y0        BUFG (Prop_bufg_I_O)         0.029    -1.786 r  clk_u0/inst/clkout1_buf/O
                         net (fo=9233, routed)        0.926    -0.861    u_Demodulation/u_FM_DEMOD/clk_125M
    SLICE_X45Y90         FDCE                                         r  u_Demodulation/u_FM_DEMOD/I_data_T_reg[1]/C

Slack:                    inf
  Source:                 rst_n
                            (input port)
  Destination:            u_Demodulation/u_FM_DEMOD/I_data_T_reg[2]/CLR
                            (removal check against rising-edge clock clk_125M_clk_wiz_0  {rise@0.000ns fall@4.000ns period=8.000ns})
  Path Group:             (none)
  Path Type:              Removal (Min at Fast Process Corner)
  Data Path Delay:        3.503ns  (logic 0.317ns (9.063%)  route 3.185ns (90.937%))
  Logic Levels:           2  (IBUF=1 LUT1=1)
  Clock Path Skew:        -0.861ns (DCD - SCD - CPR)
    Destination Clock Delay (DCD):    -0.861ns
    Source Clock Delay      (SCD):    0.000ns
    Clock Pessimism Removal (CPR):    -0.000ns

    Location             Delay type                Incr(ns)  Path(ns)    Netlist Resource(s)
  -------------------------------------------------------------------    -------------------
    Y6                                                0.000     0.000 r  rst_n (IN)
                         net (fo=0)                   0.000     0.000    rst_n
    Y6                   IBUF (Prop_ibuf_I_O)         0.272     0.272 r  rst_n_IBUF_inst/O
                         net (fo=15, routed)          2.847     3.119    u_Demodulation/u_GET_Freq_FFT/aresetn
    SLICE_X40Y91         LUT1 (Prop_lut1_I0_O)        0.045     3.164 f  u_Demodulation/u_GET_Freq_FFT/ADC_PDWN_OBUF_inst_i_1/O
                         net (fo=360, routed)         0.339     3.503    u_Demodulation/u_FM_DEMOD/Q_data_T_reg[0]_0
    SLICE_X45Y90         FDCE                                         f  u_Demodulation/u_FM_DEMOD/I_data_T_reg[2]/CLR
  -------------------------------------------------------------------    -------------------

                         (clock clk_125M_clk_wiz_0 rise edge)
                                                      0.000     0.000 r  
    W19                                               0.000     0.000 r  clk_50M (IN)
                         net (fo=0)                   0.000     0.000    clk_u0/inst/clk_in1
    W19                  IBUF (Prop_ibuf_I_O)         0.465     0.465 r  clk_u0/inst/clkin1_ibufg/O
                         net (fo=1, routed)           0.480     0.945    clk_u0/inst/clk_in1_clk_wiz_0
    MMCME2_ADV_X0Y2      MMCME2_ADV (Prop_mmcme2_adv_CLKIN1_CLKOUT0)
                                                     -3.355    -2.410 r  clk_u0/inst/mmcm_adv_inst/CLKOUT0
                         net (fo=1, routed)           0.595    -1.815    clk_u0/inst/clk_125M_clk_wiz_0
    BUFGCTRL_X0Y0        BUFG (Prop_bufg_I_O)         0.029    -1.786 r  clk_u0/inst/clkout1_buf/O
                         net (fo=9233, routed)        0.926    -0.861    u_Demodulation/u_FM_DEMOD/clk_125M
    SLICE_X45Y90         FDCE                                         r  u_Demodulation/u_FM_DEMOD/I_data_T_reg[2]/C

Slack:                    inf
  Source:                 rst_n
                            (input port)
  Destination:            u_Demodulation/u_FM_DEMOD/I_data_T_reg[3]/CLR
                            (removal check against rising-edge clock clk_125M_clk_wiz_0  {rise@0.000ns fall@4.000ns period=8.000ns})
  Path Group:             (none)
  Path Type:              Removal (Min at Fast Process Corner)
  Data Path Delay:        3.503ns  (logic 0.317ns (9.063%)  route 3.185ns (90.937%))
  Logic Levels:           2  (IBUF=1 LUT1=1)
  Clock Path Skew:        -0.861ns (DCD - SCD - CPR)
    Destination Clock Delay (DCD):    -0.861ns
    Source Clock Delay      (SCD):    0.000ns
    Clock Pessimism Removal (CPR):    -0.000ns

    Location             Delay type                Incr(ns)  Path(ns)    Netlist Resource(s)
  -------------------------------------------------------------------    -------------------
    Y6                                                0.000     0.000 r  rst_n (IN)
                         net (fo=0)                   0.000     0.000    rst_n
    Y6                   IBUF (Prop_ibuf_I_O)         0.272     0.272 r  rst_n_IBUF_inst/O
                         net (fo=15, routed)          2.847     3.119    u_Demodulation/u_GET_Freq_FFT/aresetn
    SLICE_X40Y91         LUT1 (Prop_lut1_I0_O)        0.045     3.164 f  u_Demodulation/u_GET_Freq_FFT/ADC_PDWN_OBUF_inst_i_1/O
                         net (fo=360, routed)         0.339     3.503    u_Demodulation/u_FM_DEMOD/Q_data_T_reg[0]_0
    SLICE_X45Y90         FDCE                                         f  u_Demodulation/u_FM_DEMOD/I_data_T_reg[3]/CLR
  -------------------------------------------------------------------    -------------------

                         (clock clk_125M_clk_wiz_0 rise edge)
                                                      0.000     0.000 r  
    W19                                               0.000     0.000 r  clk_50M (IN)
                         net (fo=0)                   0.000     0.000    clk_u0/inst/clk_in1
    W19                  IBUF (Prop_ibuf_I_O)         0.465     0.465 r  clk_u0/inst/clkin1_ibufg/O
                         net (fo=1, routed)           0.480     0.945    clk_u0/inst/clk_in1_clk_wiz_0
    MMCME2_ADV_X0Y2      MMCME2_ADV (Prop_mmcme2_adv_CLKIN1_CLKOUT0)
                                                     -3.355    -2.410 r  clk_u0/inst/mmcm_adv_inst/CLKOUT0
                         net (fo=1, routed)           0.595    -1.815    clk_u0/inst/clk_125M_clk_wiz_0
    BUFGCTRL_X0Y0        BUFG (Prop_bufg_I_O)         0.029    -1.786 r  clk_u0/inst/clkout1_buf/O
                         net (fo=9233, routed)        0.926    -0.861    u_Demodulation/u_FM_DEMOD/clk_125M
    SLICE_X45Y90         FDCE                                         r  u_Demodulation/u_FM_DEMOD/I_data_T_reg[3]/C

Slack:                    inf
  Source:                 rst_n
                            (input port)
  Destination:            u_Demodulation/u_FM_DEMOD/I_data_T_reg[4]/CLR
                            (removal check against rising-edge clock clk_125M_clk_wiz_0  {rise@0.000ns fall@4.000ns period=8.000ns})
  Path Group:             (none)
  Path Type:              Removal (Min at Fast Process Corner)
  Data Path Delay:        3.503ns  (logic 0.317ns (9.063%)  route 3.185ns (90.937%))
  Logic Levels:           2  (IBUF=1 LUT1=1)
  Clock Path Skew:        -0.861ns (DCD - SCD - CPR)
    Destination Clock Delay (DCD):    -0.861ns
    Source Clock Delay      (SCD):    0.000ns
    Clock Pessimism Removal (CPR):    -0.000ns

    Location             Delay type                Incr(ns)  Path(ns)    Netlist Resource(s)
  -------------------------------------------------------------------    -------------------
    Y6                                                0.000     0.000 r  rst_n (IN)
                         net (fo=0)                   0.000     0.000    rst_n
    Y6                   IBUF (Prop_ibuf_I_O)         0.272     0.272 r  rst_n_IBUF_inst/O
                         net (fo=15, routed)          2.847     3.119    u_Demodulation/u_GET_Freq_FFT/aresetn
    SLICE_X40Y91         LUT1 (Prop_lut1_I0_O)        0.045     3.164 f  u_Demodulation/u_GET_Freq_FFT/ADC_PDWN_OBUF_inst_i_1/O
                         net (fo=360, routed)         0.339     3.503    u_Demodulation/u_FM_DEMOD/Q_data_T_reg[0]_0
    SLICE_X45Y90         FDCE                                         f  u_Demodulation/u_FM_DEMOD/I_data_T_reg[4]/CLR
  -------------------------------------------------------------------    -------------------

                         (clock clk_125M_clk_wiz_0 rise edge)
                                                      0.000     0.000 r  
    W19                                               0.000     0.000 r  clk_50M (IN)
                         net (fo=0)                   0.000     0.000    clk_u0/inst/clk_in1
    W19                  IBUF (Prop_ibuf_I_O)         0.465     0.465 r  clk_u0/inst/clkin1_ibufg/O
                         net (fo=1, routed)           0.480     0.945    clk_u0/inst/clk_in1_clk_wiz_0
    MMCME2_ADV_X0Y2      MMCME2_ADV (Prop_mmcme2_adv_CLKIN1_CLKOUT0)
                                                     -3.355    -2.410 r  clk_u0/inst/mmcm_adv_inst/CLKOUT0
                         net (fo=1, routed)           0.595    -1.815    clk_u0/inst/clk_125M_clk_wiz_0
    BUFGCTRL_X0Y0        BUFG (Prop_bufg_I_O)         0.029    -1.786 r  clk_u0/inst/clkout1_buf/O
                         net (fo=9233, routed)        0.926    -0.861    u_Demodulation/u_FM_DEMOD/clk_125M
    SLICE_X45Y90         FDCE                                         r  u_Demodulation/u_FM_DEMOD/I_data_T_reg[4]/C

Slack:                    inf
  Source:                 rst_n
                            (input port)
  Destination:            u_Demodulation/u_FM_DEMOD/I_data_T_reg[5]/CLR
                            (removal check against rising-edge clock clk_125M_clk_wiz_0  {rise@0.000ns fall@4.000ns period=8.000ns})
  Path Group:             (none)
  Path Type:              Removal (Min at Fast Process Corner)
  Data Path Delay:        3.503ns  (logic 0.317ns (9.063%)  route 3.185ns (90.937%))
  Logic Levels:           2  (IBUF=1 LUT1=1)
  Clock Path Skew:        -0.861ns (DCD - SCD - CPR)
    Destination Clock Delay (DCD):    -0.861ns
    Source Clock Delay      (SCD):    0.000ns
    Clock Pessimism Removal (CPR):    -0.000ns

    Location             Delay type                Incr(ns)  Path(ns)    Netlist Resource(s)
  -------------------------------------------------------------------    -------------------
    Y6                                                0.000     0.000 r  rst_n (IN)
                         net (fo=0)                   0.000     0.000    rst_n
    Y6                   IBUF (Prop_ibuf_I_O)         0.272     0.272 r  rst_n_IBUF_inst/O
                         net (fo=15, routed)          2.847     3.119    u_Demodulation/u_GET_Freq_FFT/aresetn
    SLICE_X40Y91         LUT1 (Prop_lut1_I0_O)        0.045     3.164 f  u_Demodulation/u_GET_Freq_FFT/ADC_PDWN_OBUF_inst_i_1/O
                         net (fo=360, routed)         0.339     3.503    u_Demodulation/u_FM_DEMOD/Q_data_T_reg[0]_0
    SLICE_X45Y90         FDCE                                         f  u_Demodulation/u_FM_DEMOD/I_data_T_reg[5]/CLR
  -------------------------------------------------------------------    -------------------

                         (clock clk_125M_clk_wiz_0 rise edge)
                                                      0.000     0.000 r  
    W19                                               0.000     0.000 r  clk_50M (IN)
                         net (fo=0)                   0.000     0.000    clk_u0/inst/clk_in1
    W19                  IBUF (Prop_ibuf_I_O)         0.465     0.465 r  clk_u0/inst/clkin1_ibufg/O
                         net (fo=1, routed)           0.480     0.945    clk_u0/inst/clk_in1_clk_wiz_0
    MMCME2_ADV_X0Y2      MMCME2_ADV (Prop_mmcme2_adv_CLKIN1_CLKOUT0)
                                                     -3.355    -2.410 r  clk_u0/inst/mmcm_adv_inst/CLKOUT0
                         net (fo=1, routed)           0.595    -1.815    clk_u0/inst/clk_125M_clk_wiz_0
    BUFGCTRL_X0Y0        BUFG (Prop_bufg_I_O)         0.029    -1.786 r  clk_u0/inst/clkout1_buf/O
                         net (fo=9233, routed)        0.926    -0.861    u_Demodulation/u_FM_DEMOD/clk_125M
    SLICE_X45Y90         FDCE                                         r  u_Demodulation/u_FM_DEMOD/I_data_T_reg[5]/C





